code,item_name,category,collection,finish,price,currency,notes,image_file
ACN-CHR-1101S,"Grab Bar 300mm Long, Stainless Steel",Faucets,Bath Accessories,CHR,1825,INR,NRP: 1630,ACN-CHR-1101S.jpeg
ACN-CHR-1111BNM,SINGLE TOWEL RAIL 450mm,Faucets,ACN,CHR,1375,INR,NRP: 1220,
ACN-CHR-1111BSM,"Single Towel Rail 450mm Long, Stainless",Faucets,Bath Accessories,CHR,1575,INR,NRP: 1400,ACN-CHR-1111BSM.jpeg
ACN-CHR-1111NM,SINGLE TOWEL RAIL 600mm,Faucets,ACN,CHR,1175,INR,NRP: 1030,
ACN-CHR-1111SM,"Single Towel Rail 600mm Long, Stainless",Faucets,Bath Accessories,CHR,1625,INR,NRP: 1450,ACN-CHR-1111BSM.jpeg
ACN-CHR-1115N,Swivel Towel Holder Twin Type,Faucets,ACN,CHR,1275,INR,NRP: 1150,
ACN-CHR-1115S,"Swivel Towel Holder Twin Type, Stainless",Faucets,Bath Accessories,CHR,1925,INR,NRP: 1720,ACN-CHR-1115S.jpeg
ACN-CHR-1121BN,Towel Ring Round With Round Flange,Faucets,Bath Accessories,CHR,1300,INR,NRP: 1140,ACN-CHR-1121BN.jpeg
ACN-CHR-1121N,Towel Ring Square,Faucets,Bath Accessories,CHR,1975,INR,NRP: 1750,ACN-CHR-1121N.jpeg
ACN-CHR-1131N,Soap Dish Holder,Faucets,Bath Accessories,CHR,900,INR,NRP: 780,ACN-CHR-1131N.jpeg
ACN-CHR-1135N,Soap Dispenser With Glass Bottle,Faucets,Bath Accessories,CHR,1825,INR,NRP: 1630,ACN-CHR-1135N.jpeg
ACN-CHR-1137N,Soap Dispenser With Metallic Bottle,Faucets,Bath Accessories,CHR,4350,INR,NRP: 3850,ACN-CHR-1137N.jpeg
ACN-CHR-1141N,Tumbler Holder,Faucets,Bath Accessories,CHR,900,INR,NRP: 780,ACN-CHR-1141N.jpeg
ACN-CHR-1143N,W.c. Brush Holder,Faucets,Bath Accessories,CHR,2000,INR,NRP: 1790,ACN-CHR-1143N.jpeg
ACN-CHR-1145,"Toilet Brush & Holder, Stainless Steel 3",Faucets,ACN,CHR,3650,INR,NRP: 3200,
ACN-CHR-1153S,Toilet Roll Holder With Stainless Steel,Faucets,Bath Accessories,CHR,1575,INR,NRP: 1400,ACN-CHR-1153S.jpeg
ACN-CHR-1153SL,Toilet Paper Holder (left Side) With Sta,Faucets,ACN,CHR,1050,INR,NRP: 950,
ACN-CHR-1155N,Spare Toilet Roll Holder,Faucets,ACN,CHR,525,INR,NRP: 465,
ACN-CHR-1155S,"Spare Toilet Roll Holder, Stainless Stee",Faucets,Bath Accessories,CHR,775,INR,NRP: 700,ACN-CHR-1155S.jpeg
ACN-CHR-1155TSP,Spare Toilet Roll Holder With Tissue Sup,Faucets,ACN,CHR,675,INR,NRP: 600,
ACN-CHR-1157,Toilet Roll Holder With Shelf,Faucets,Bath Accessories,CHR,2175,INR,NRP: 1940,ACN-CHR-1157.jpeg
ACN-CHR-1159,Spare Toilet Paper Holder Twin Type,Faucets,ACN,CHR,1425,INR,NRP: 1250,
ACN-CHR-1151N,Toilet Roll Holder,Faucets,Bath Accessories,CHR,1000,INR,NRP: 900,ACN-CHR-1151N.jpeg
ACN-CHR-1161N,Double Hook,Faucets,Bath Accessories,CHR,725,INR,NRP: 630,ACN-CHR-1161N.jpeg
ACN-CHR-1171N,GLASS SHELF 600mm LONG,Faucets,Bath Accessories,CHR,1600,INR,NRP: 1390,ACN-CHR-1171N.jpeg
ACN-CHR-1171NL650,Glass Shelf 650mm Long,Faucets,ACN,CHR,1700,INR,NRP: 1480,
ACN-CHR-1173,Corner Glass Self (wth Bracket),Faucets,Bath Accessories,CHR,1775,INR,NRP: 1550,ACN-CHR-1173.jpeg
ACN-CHR-1175N,Corner Shower Basket,Faucets,Bath Accessories,CHR,2700,INR,NRP: 2350,ACN-CHR-1175N.jpeg
ACN-CHR-1177N,Shower Basket Small,Faucets,Bath Accessories,CHR,1600,INR,NRP: 1400,ACN-CHR-1177N.jpeg
ACN-CHR-1179N,Shower Basket Large,Faucets,Bath Accessories,CHR,3000,INR,NRP: 2600,ACN-CHR-1179N.jpeg
ACN-CHR-1167,Double Toilet Roll Holder With Shelf,Faucets,ACN,CHR,3350,INR,NRP: 2990,
ACN-CHR-1181FHS,Towel Rack 600mm Long Without Lower Hang,Faucets,Bath Accessories,CHR,3650,INR,NRP: 3250,ACN-CHR-1181FHS.jpeg
ACN-CHR-1181N,TOWEL RACK 600mm LONG WITH LOWER HANGERS,Faucets,ACN,CHR,2700,INR,NRP: 2450,
ACN-CHR-1181S,Towel Rack 600mm Long With Lower Hangers,Faucets,Bath Accessories,CHR,3850,INR,NRP: 3410,ACN-CHR-1181S.jpeg
ACN-CHR-1191N,Robe Hook,Faucets,Bath Accessories,CHR,425,INR,NRP: 360,ACN-CHR-1191N.jpeg
ACN-CHR-1181FN,TOWEL RACK 600mm LONG W/O HANGERS,Faucets,ACN,CHR,2350,INR,NRP: 2130,
ACN-CHR-1181FS,"Towel Rack 600mm Long Without Hangers, S",Faucets,Bath Accessories,CHR,3050,INR,NRP: 2710,ACN-CHR-1181FS.jpeg
ACN-CHR-1185,Swivel Mirror 615 X 445mm Oval Shape,Faucets,Bath Accessories,CHR,4100,INR,NRP: 3610,ACN-CHR-1185.jpeg
ACN-CHR-1193N,Double Arm Wall Mounted Reversible Plain,Faucets,Bath Accessories,CHR,6850,INR,NRP: 6090,ACN-CHR-1193N.jpeg
ACN-CHR-1195N,Swivel Mirror,Faucets,Bath Accessories,CHR,3750,INR,NRP: 3260,ACN-CHR-1195N.jpeg
AHS-CHR-1501,GRAB BAR 300mm,Faucets,Bath Accessories,CHR,1775,INR,NRP: 1550,AHS-CHR-1501.jpeg
AHS-CHR-1503,GRAB BAR 450mm,Faucets,Bath Accessories,CHR,2000,INR,NRP: 1750,AHS-CHR-1501.jpeg
AHS-CHR-1507,GRAB BAR 600mm,Faucets,Bath Accessories,CHR,2200,INR,NRP: 1920,AHS-CHR-1501.jpeg
AHS-CHR-1531,Soap Dish Recessed Type,Faucets,Bath Accessories,CHR,1125,INR,NRP: 970,AHS-CHR-1531.jpeg
AHS-CHR-1551,Toilet Paper Holder Recessed Type,Faucets,Bath Accessories,CHR,1425,INR,NRP: 1220,AHS-CHR-1551.jpeg
AHS-CHR-1553,Toilet Paper Holder Wth Flap Recessed,Faucets,Bath Accessories,CHR,1725,INR,NRP: 1510,AHS-CHR-1553.jpeg
AHS-CHR-1565,Cloth Liner Retractable,Faucets,Bath Accessories,CHR,1450,INR,NRP: 1300,AHS-CHR-1565.jpeg
AHS-CHR-1581,Towel Rack With Single Rail,Faucets,Bath Accessories,CHR,4500,INR,NRP: 3950,AHS-CHR-1581.jpeg
AHS-CHR-1581H,Towel Rack With Lower Hanger (stainless,Faucets,Bath Accessories,CHR,5100,INR,NRP: 4500,AHS-CHR-1581H.jpeg
AKB-CHR-35753,Toilet Roll Holder With Cover,Faucets,AKB,CHR,1100,INR,NRP: 1010,
AKP-CHR-35753PS,Toilet Roll Holder With Stainless Steel,Faucets,Bath Accessories,CHR,2150,INR,NRP: 1900,AKP-CHR-35753PS.jpeg
AKP-CHR-35755P,Spare Toilet Roll Holder,Faucets,AKP,CHR,830,INR,NRP: 750,
AKP-CHR-35755PS,"Spare Toilet Roll Holder, Stainless Stee",Faucets,Bath Accessories,CHR,1275,INR,NRP: 1130,AKP-CHR-35755PS.jpeg
AKP-CHR-35757P,Toilet Roll Holder With Shelf,Faucets,Bath Accessories,CHR,2450,INR,NRP: 2150,AKP-CHR-35757P.jpeg
AKP-CHR-35761P,Double Coat Hook,Faucets,Bath Accessories,CHR,1100,INR,NRP: 950,AKP-CHR-35761P.jpeg
AKP-CHR-35763PS,3 PRONG ROBE HOOK SMALL (42mm LENGTH),Faucets,AKP,CHR,1650,INR,NRP: 1450,
AKP-CHR-35771P,GLASS SHELF 600mm LONG,Faucets,Bath Accessories,CHR,2150,INR,NRP: 1860,AKP-CHR-35771P.jpeg
AKP-CHR-35781P,TOWEL RACK 600mm LONG WITH LOWER HANGERS,Faucets,AKP,CHR,3300,INR,NRP: 3000,
AKP-CHR-35731P,Soap Dish Holder,Faucets,Bath Accessories,CHR,1300,INR,NRP: 1140,AKP-CHR-35731P.jpeg
AKP-CHR-35735P,Soap Dispenser With Glass Bottle,Faucets,Bath Accessories,CHR,2250,INR,NRP: 1990,AKP-CHR-35735P.jpeg
AKP-CHR-35741P,Tumbler Holder,Faucets,Bath Accessories,CHR,1300,INR,NRP: 1140,AKP-CHR-35741P.jpeg
AKP-CHR-35751P,Toilet Roll Holder,Faucets,Bath Accessories,CHR,1500,INR,NRP: 1300,AKP-CHR-35751P.jpeg
AKP-CHR-35743P,W.c. Brush Holder,Faucets,Bath Accessories,CHR,2875,INR,NRP: 2550,AKP-CHR-35743P.jpeg
AKP-CHR-35781PFS,Towel Rack 600mm Long Without Lower Hang,Faucets,Bath Accessories,CHR,3800,INR,NRP: 3380,AKP-CHR-35781PFS.jpeg
AKP-CHR-35781PS,Towel Rack 600mm Long With Lower Hangers,Faucets,Bath Accessories,CHR,4800,INR,NRP: 4290,AKP-CHR-35781PS.jpeg
AKP-CHR-35711PL450,Single Towel Rail 450mm Long,Faucets,AKP,CHR,2550,INR,NRP: 2220,
AKP-CHR-35711PS,"Single Towel Rail 600mm Long, Stainless",Faucets,Bath Accessories,CHR,3000,INR,NRP: 2600,AKP-CHR-35711PS.jpeg
AKP-CHR-35721P,Towel Ring Square,Faucets,Bath Accessories,CHR,2575,INR,NRP: 2250,AKP-CHR-35721P.jpeg
AKP-CHR-35785,Rectangular Mirror  700 X 400 X 32 Mm Sq,Faucets,AKP,CHR,13500,INR,NRP: 11900,
AKP-CHR-35791P,Robe Hook,Faucets,Bath Accessories,CHR,775,INR,NRP: 680,AKP-CHR-35791P.jpeg
AKP-CHR-35795,Swivel Mirror 630 X 445mm Rectangular Sh,Faucets,Bath Accessories,CHR,4100,INR,NRP: 3590,AKP-CHR-35795.jpeg
AKP-CHR-35797,Deep Frame Rounded Rectangle Mirror In B,Faucets,AKP,CHR,14700,INR,NRP: 12900,
AKP-CHR-35799,Arching Mirror With Black Stained Shelf,Faucets,AKP,CHR,22500,INR,NRP: 19800,
AKP-CHR-35715PS,"Swivel Towel Holder Twin Type, Stainless",Faucets,Bath Accessories,CHR,2300,INR,NRP: 2040,AKP-CHR-35715PS.jpeg
AKP-CHR-35701P,GRAB BAR 300mm LONG,Faucets,AKP,CHR,1700,INR,NRP: 1500,
AKP-CHR-35701PS,"Grab Bar 300mm Long, Stainless Steel",Faucets,Bath Accessories,CHR,2400,INR,NRP: 2110,AKP-CHR-35701PS.jpeg
AKP-CHR-35711PL300,Single Towel Rail 300mm Long,Faucets,AKP,CHR,2275,INR,NRP: 1990,
AQN-CHR-7755,Toilet Paper Holder Twin Type,Faucets,Bath Accessories,CHR,2700,INR,NRP: 2400,AQN-CHR-7755.jpeg
AQN-CHR-7761,Double Coat Hook,Faucets,Bath Accessories,CHR,1850,INR,NRP: 1650,AQN-CHR-7761.jpeg
AQN-CHR-7771,"Glass Shelf 22""",Faucets,Bath Accessories,CHR,4800,INR,NRP: 4250,AQN-CHR-7771.jpeg
AQN-CHR-7781,"Towel Rack 24""",Faucets,Bath Accessories,CHR,7850,INR,NRP: 7000,AQN-CHR-7781.jpeg
AQN-CHR-7781A,Towel Rack Without Hanger Hook,Faucets,Bath Accessories,CHR,7250,INR,NRP: 6450,AQN-CHR-7781A.jpeg
AQN-CHR-7781B,"Towel Rack 18""",Faucets,Bath Accessories,CHR,7250,INR,NRP: 6450,AQN-CHR-7781B.jpeg
AQN-CHR-7791,Robe Hook,Faucets,Bath Accessories,CHR,1400,INR,NRP: 1250,AQN-CHR-7791.jpeg
AQN-CHR-7731,Soap Dish,Faucets,Bath Accessories,CHR,2225,INR,NRP: 1950,AQN-CHR-7731.jpeg
AQN-CHR-7733,Soap Dish (polycarbide),Faucets,Bath Accessories,CHR,1650,INR,NRP: 1450,AQN-CHR-7733.jpeg
AQN-CHR-7741,Tumbler Holder,Faucets,Bath Accessories,CHR,2125,INR,NRP: 1900,AQN-CHR-7741.jpeg
AQN-CHR-7751,Toilet Paper Holder,Faucets,Bath Accessories,CHR,1975,INR,NRP: 1750,AQN-CHR-7751.jpeg
AQN-CHR-7753,Paper Holder With Flap,Faucets,Bath Accessories,CHR,2975,INR,NRP: 2650,AQN-CHR-7753.jpeg
AQN-CHR-7711,"Towel Rail 24""",Faucets,Bath Accessories,CHR,3200,INR,NRP: 2850,AQN-CHR-7711.jpeg
AQN-CHR-7711A,"Towel Rail 18""",Faucets,Bath Accessories,CHR,2975,INR,NRP: 2650,AQN-CHR-7711A.jpeg
AQN-CHR-7711B,"12"" Towel Rail (grab Bar)",Faucets,Bath Accessories,CHR,2650,INR,NRP: 2350,AQN-CHR-7711B.jpeg
AQN-CHR-7721,Towel Ring,Faucets,Bath Accessories,CHR,2125,INR,NRP: 1900,AQN-CHR-7721.jpeg
ALI-CHR-85053,Angular Stop Cock With Wall Flange,Faucets,Alive,CHR,2000,INR,NRP: 1740,ALI-CHR-85053.jpeg
ALI-CHR-85065MK,Single Lever Exposed Parts Kit Of Divert,Faucets,Alive,CHR,2875,INR,NRP: 2470,ALI-CHR-85065MK.jpeg
ALI-CHR-85051B,Single Lever Basin Mixer With Popup Wast,Faucets,Alive,CHR,8750,INR,NRP: 8250,ALI-CHR-85051B.jpeg
ALI-CHR-85079NK,Single Lever Exposed Parts Kit Of Hi-flo,Faucets,Alive,CHR,2675,INR,NRP: 2310,ALI-CHR-85079NK.jpeg
ALI-CHR-85083K,Exposed Part Kit Of Concealed Stop Cock,Faucets,Alive,CHR,1200,INR,NRP: 1030,ALI-CHR-85083K.jpeg
ALI-CHR-85083L,In-wall Stop Valve Hot Only With Adjusta,Faucets,ALI,CHR,1775,INR,NRP: 1775,
ALI-CHR-85083R,In-wall Stop Valve Cold Only With Adjust,Faucets,ALI,CHR,1775,INR,NRP: 1775,
ALI-CHR-85089,"Concealed Stop Cock, Regular Body With A",Faucets,ALI,CHR,1850,INR,NRP: 1540,
ALI-CHR-85089L,In-wall Stop Valve Hot Only With Adjusta,Faucets,ALI,CHR,1850,INR,NRP: 1850,
ALI-CHR-85089R,In-wall Stop Valve Cold Only With Adjust,Faucets,ALI,CHR,1850,INR,NRP: 1850,
ALI-CHR-85119,Single Lever Wall Mixer With Provision O,Faucets,Alive,CHR,11200,INR,NRP: 9770,ALI-CHR-85119.jpeg
ALI-CHR-85079K,Single Lever Exposed Parts Kit Consistin,Faucets,ALI,CHR,3325,INR,NRP: 1430,
ALI-CHR-85121K,Exposed Parts Of Floor Mounted Single Le,Faucets,Alive,CHR,49800,INR,NRP: 43320,ALI-CHR-85121K.jpeg
ALI-CHR-85193NK,Single Lever 3-inlet Diverter Exposed Pa,Faucets,Alive,CHR,3050,INR,NRP: 2630,ALI-CHR-85193NK.jpeg
ALI-CHR-85213B,Single Lever 1 - Hole Bidet Mixer With P,Faucets,Alive,CHR,8750,INR,NRP: 8250,ALI-CHR-85213B.jpeg
ALI-CHR-85223,2 Hole H Type Bath Filler,Faucets,ALI,CHR,6100,INR,NRP: 6100,
ALI-CHR-85227K,Single Lever Exposed Parts Kit Of Deusch,Faucets,Alive,CHR,1975,INR,NRP: 1690,ALI-CHR-85227K.jpeg
ALI-CHR-85233NK,Exposed Part Kit Of Single Lever Basin M,Faucets,Alive,CHR,5800,INR,NRP: 4990,ALI-CHR-85233NK.jpeg
ALI-CHR-85193K,Single Lever 3-inlet Exposed Parts Kit C,Faucets,ALI,CHR,2325,INR,NRP: 2010,
ALI-CHR-85275,Bath & Shower Mixer H-type,Faucets,ALI,CHR,6500,INR,NRP: 6500,
ALI-CHR-85441K,Exposed Part Kit Of Single Concealed Sto,Faucets,Alive,CHR,3300,INR,NRP: 2920,ALI-CHR-85441K.jpeg
ALI-CHR-85145,Single Lever Exposed Shower Mixer With P,Faucets,ALI,CHR,7050,INR,NRP: 6190,
ALI-CHR-85683NK,Aquamax Exposed Part Kit Of Thermostatic,Faucets,Alive,CHR,6600,INR,NRP: 5820,ALI-CHR-85683NK.jpeg
ALI-CHR-85685NK,Aquamax Exposed Part Kit Of Thermostatic,Faucets,ALI,CHR,6600,INR,NRP: 5820,
ALI-CHR-85783NK,Aquamax Exposed Part Kit Of Single Lever,Faucets,Alive,CHR,4350,INR,NRP: 3730,ALI-CHR-85783NK.jpeg
ALI-CHR-85785NK,Aquamax Exposed Part Kit Of Single Lever,Faucets,ALI,CHR,4350,INR,NRP: 3730,
ALI-CHR-85681NK,Aquamax Exposed Part Kit Of Thermostatic,Faucets,Alive,CHR,6600,INR,NRP: 5820,ALI-CHR-85681NK.jpeg
ALI-CHR-85683K,Aquamax Exposed Part Kit Of Thermostatic,Faucets,ALI,CHR,4950,INR,NRP: 4340,
ALI-CHR-85783K,Aquamax Exposed Part Kit Of Single Lever,Faucets,ALI,CHR,3100,INR,NRP: 2670,
ALI-CHR-85661NK,Aquamax Exposed Part Kit Of Thermostatic,Faucets,Alive,CHR,6600,INR,NRP: 5820,ALI-CHR-85661NK.jpeg
ALI-CHR-85681K,Aquamax Exposed Part Kit Of Thermostatic,Faucets,ALI,CHR,4950,INR,NRP: 4340,
ALI-CHR-85661K,Aquamax Exposed Part Kit Of Thermostatic,Faucets,ALI,CHR,4950,INR,NRP: 4340,
ALI-CHR-85011BL600,Single Lever Basin Mixer Without Popup W,Faucets,ALI,CHR,7800,INR,NRP: 6700,
ALI-CHR-85021,PILLAR COCK WITH  135mm EXTENSION BODY,Faucets,Alive,CHR,5000,INR,NRP: 4470,ALI-CHR-85021.jpeg
ALI-CHR-85037,Bib Cock With Wall Flange,Faucets,Alive,CHR,2875,INR,NRP: 2550,ALI-CHR-85037.jpeg
ALI-CHR-85041,2 Way Bib Cock With Wall Flange,Faucets,Alive,CHR,3200,INR,NRP: 2870,ALI-CHR-85041.jpeg
ALI-CHR-85011B,Single Lever Basin Mixer Without Popup W,Faucets,Alive,CHR,7750,INR,NRP: 6650,ALI-CHR-85011B.jpeg
ALI-CHR-85001,Pillar Cock,Faucets,Alive,CHR,3450,INR,NRP: 3090,ALI-CHR-85001.jpeg
ALI-CHR-85005B,SINGLE LEVER TALL BOY WITH 125mm EXTENSI,Faucets,Alive,CHR,10100,INR,NRP: 8660,ALI-CHR-85005B.jpeg
ALD-CHR-815B,850mm Long Braided Hose With M10X1 Nippl,Faucets,ALD,CHR,400,INR,NRP: 340,
ALD-CHR-1043,Cp Spreaders (for Exposed Fittings),Faucets,ALD,CHR,675,INR,NRP: 600,
ALD-CHR-1045,Urinal Spreader Urinal Spreader Back Inl,Faucets,Allied,CHR,1000,INR,NRP: 890,ALD-CHR-1045.jpeg
ALD-CHR-1041,URINAL SPREADER BACK INLET 75mm TAIL SLA,Faucets,ALD,CHR,775,INR,NRP: 700,
ALD-CHR-1041N,URINAL SPREADER BACK INLET 75mm TAIL SLA,Faucets,ALD,CHR,650,INR,NRP: 650,
ALD-CHR-1025,FLUSH VALVE 32mm C/COCK W/FLAN (ISI),Faucets,Flush Valves,CHR,10400,INR,NRP: 9300,ALD-CHR-1025.jpeg
ALD-CHR-727L130,Click Clack Waste 32mm Size Full Thread,Faucets,ALD,CHR,1475,INR,NRP: 1300,
ALD-CHR-729,Click Clack Waste 32mm Size Half Thread,Faucets,ALD,CHR,1300,INR,NRP: 1130,
ALD-CHR-729L130,Click Clack Waste 32mm Size Half Thread,Faucets,ALD,CHR,1475,INR,NRP: 1300,
ALD-CHR-727,CLICK CLACK WASTE 32mm SIZE FULL THREAD,Faucets,ALD,CHR,1300,INR,NRP: 1130,
ALD-CHR-705,Waste Coupling 32mm Size Full Thread Wit,Faucets,ALD,CHR,725,INR,NRP: 650,
ALD-CHR-709,Waste Coupling 32mm Size Half Thread Wit,Faucets,ALD,CHR,725,INR,NRP: 650,
ALD-CHR-709L130,WASTE COUPLING 32mm HALF THREAD 130mm HT,Faucets,ALD,CHR,925,INR,NRP: 830,
ALD-CHR-769,BOTTLE TRAP 32mm SIZE 250mm LONG PIPE,Faucets,ALD,CHR,1250,INR,NRP: 1250,
ALD-CHR-769L250X190,Bottle Trap (with Internal Partition) 32,Faucets,ALD,CHR,2125,INR,NRP: 1890,
ALD-CHR-769L300X190,Bottle Trap (with Internal Partition) 32,Faucets,ALD,CHR,2250,INR,NRP: 2000,
ALD-CHR-121,Concealed Body For Floor Mounted Single,Faucets,Allied,CHR,8150,INR,NRP: 7150,ALD-CHR-121.jpeg
ALD-CHR-139,Concealed Body Of Single Lever Shower Mi,Faucets,Allied,CHR,2925,INR,NRP: 2520,ALD-CHR-139.jpeg
ALD-CHR-783N,Aquamax Concealed Body Of Single Lever S,Faucets,Allied,CHR,7200,INR,NRP: 6270,ALD-CHR-783N.jpeg
ALD-CHR-785N,Aquamax Concealed Body Of Single Lever S,Faucets,ALD,CHR,7800,INR,NRP: 6800,
ALD-CHR-801B,600mm LONG BRAIDED HOSES  FOR BAS MIX,Faucets,Allied,CHR,325,INR,NRP: 280,ALD-CHR-801B.jpeg
ALD-CHR-1187,SLIDING RAIL19mm DIA WITH SOAP DISH,Faucets,ALD,CHR,950,INR,NRP: 950,
ALD-CHR-803AB,450mm L BRD.HOSE 10mm FOR 40mm DISC,Faucets,Allied,CHR,275,INR,NRP: 240,ALD-CHR-801B.jpeg
ALD-CHR-805B,450mm BRAIDED HOSES FOR GEYSER,Faucets,Allied,CHR,325,INR,NRP: 290,ALD-CHR-805B.jpeg
ALD-CHR-807B,600mm LONG BRAIDED HOSES WITH TWO 15mm N,Faucets,ALD,CHR,375,INR,NRP: 320,
ALD-CHR-810B,375mm LONG BRAIDED HOSE WITH M10X1 NIPPL,Faucets,ALD,CHR,250,INR,NRP: 210,
ALD-CHR-229,Concealed Body For Single Lever Deusch M,Faucets,Allied,CHR,2475,INR,NRP: 2130,ALD-CHR-229.jpeg
ALD-CHR-227,Concealed Body For Single Lever Deusch M,Faucets,Allied,CHR,2475,INR,NRP: 2130,ALD-CHR-227.jpeg
ALD-CHR-193N,Concealed Body For 3-inlet Single Lever,Faucets,Allied,CHR,4950,INR,NRP: 4300,ALD-CHR-193N.jpeg
ALD-CHR-233N,Concealed Body For Single Lever Basin Mi,Faucets,Allied,CHR,4100,INR,NRP: 3540,ALD-CHR-233N.jpeg
ALD-CHR-233NPSO,Concealed Body For Single Lever Wall Mou,Faucets,Allied,CHR,4100,INR,NRP: 3540,ALD-CHR-233NPSO.jpeg
ALD-CHR-235N,Left Hand Side Operated Concealed Body F,Faucets,Allied,CHR,4100,INR,NRP: 3540,ALD-CHR-235N.jpeg
ALD-CHR-235NPSO,Left Hand Side Operated Concealed Body F,Faucets,Allied,CHR,4100,INR,NRP: 3540,ALD-CHR-235NPSO.jpeg
ALD-CHR-287R,4-way Divertor (consisting Of Concealed,Faucets,ALD,CHR,7150,INR,NRP: 6500,
ALD-CHR-287S,4-way Divertor (consisting Of Concealed,Faucets,ALD,CHR,7700,INR,NRP: 7000,
ALD-CHR-289R,3-way Divertor (consisting Of Concealed,Faucets,ALD,CHR,6150,INR,NRP: 5600,
ALD-CHR-289S,3-way Divertor (consisting Of Concealed,Faucets,ALD,CHR,6700,INR,NRP: 6100,
ALD-CHR-441,Concealed Body Only For  Singel  Conceal,Faucets,Allied,CHR,2150,INR,NRP: 1890,ALD-CHR-441.jpeg
ALD-CHR-479,SHOWER ARM FOR RAIN SHOWER 450mm LONG,Faucets,ALD,CHR,1015,INR,NRP: 1015,
ALD-CHR-683N,Aquamax Concealed Body Of Thermostatic S,Faucets,Allied,CHR,15100,INR,NRP: 12990,ALD-CHR-683N.jpeg
ALD-CHR-055N,Concealed Body For Single Lever Diverter,Faucets,Allied,CHR,3200,INR,NRP: 2810,ALD-CHR-055N.jpeg
ALD-CHR-567,Lavatory Bidet Shower (areator) With 1 M,Faucets,ALD,CHR,1150,INR,NRP: 1000,
ALD-CHR-587,Hand Shower (health Faucet) (abs Body) W,Faucets,ALD,CHR,1275,INR,NRP: 1110,
ALD-CHR-587L1500,Hand Shower (health Faucet) (abs Body) W,Faucets,ALD,CHR,1450,INR,NRP: 1270,
ALD-CHR-591R,Round Wall Outlet With Hose Attachment A,Faucets,Allied,CHR,2400,INR,NRP: 2110,ALD-CHR-591R.jpeg
ALD-CHR-573L1500,Hand Shr With 1.5 M Flexible Tube/ Hook,Faucets,ALD,CHR,1975,INR,NRP: 1720,
ALD-CHR-573LP,Hand Shower (health Faucet) With A Thin,Faucets,Allied,CHR,1875,INR,NRP: 1640,ALD-CHR-573LP.jpeg
ALD-CHR-573M,Hand Shower (health Faucet) With 8mm Dia,Faucets,ALD,CHR,2725,INR,NRP: 2380,
ALD-CHR-573,Hand Shower (health Faucet) With 8mm Dia,Faucets,Allied,CHR,1875,INR,NRP: 1640,ALD-CHR-573.jpeg
ALD-CHR-573B,HAND SHOWER (HEALTH FAUCET) WITHOUT 8mm,Faucets,ALD,CHR,625,INR,NRP: 580,
ALD-CHR-579,Hand Shower (health Faucet) With 1 Meter,Faucets,Allied,CHR,1525,INR,NRP: 1350,ALD-CHR-579.jpeg
ALD-CHR-579LP,Hand Shower (health Faucet) With A Thin,Faucets,Allied,CHR,1525,INR,NRP: 1350,ALD-CHR-579LP.jpeg
ALD-CHR-583,Hand Shower (health Faucet) (abs Body) W,Faucets,ALD,CHR,900,INR,NRP: 800,
ALD-CHR-585,Hand Shower (health Faucet) (abs Body) W,Faucets,ALD,CHR,1050,INR,NRP: 940,
ALD-CHR-065M,Concealed Body For Single Lever Diverter,Faucets,Allied,CHR,3400,INR,NRP: 3000,ALD-CHR-065M.jpeg
ALD-CHR-089R,Regular Body Of Concealed Stop Cock Cold,Faucets,Allied,CHR,1550,INR,NRP: 1380,ALD-CHR-089R.jpeg
ALD-CHR-649C,Concealed Body Of Thermostatic Valve For,Faucets,Allied,CHR,900,INR,NRP: 800,ALD-CHR-649C.jpeg
ALD-CHR-083L,Regular Body Of Concealed Stop Cock Hot,Faucets,Allied,CHR,1500,INR,NRP: 1330,ALD-CHR-083L.jpeg
ALD-CHR-087FT,Extra Heavy Body Of Concealed Stop Cock,Faucets,Allied,CHR,1750,INR,NRP: 1560,ALD-CHR-087FT.jpeg
ALD-CHR-089CQT,Concealed Stop Cock Regular Body Suitabl,Faucets,Allied,CHR,1000,INR,NRP: 880,ALD-CHR-089CQT.jpeg
ALD-CHR-089FT,Regular Body Of Concealed Stop Cock Suit,Faucets,Allied,CHR,1400,INR,NRP: 1240,ALD-CHR-089FT.jpeg
ALD-CHR-089L,Regular Body Of Concealed Stop Cock Hot,Faucets,Allied,CHR,1550,INR,NRP: 1380,ALD-CHR-089R.jpeg
ALD-CHR-661N,Aquamax Concealed Body Of Thermostatic S,Faucets,Allied,CHR,11100,INR,NRP: 9630,ALD-CHR-661N.jpeg
ALD-CHR-083R,Regular Body Of Concealed Stop Cock Cold,Faucets,Allied,CHR,1500,INR,NRP: 1330,ALD-CHR-083L.jpeg
ALD-CHR-671,In-wall Body Of Thermostatic Shower Mixe,Faucets,ALD,CHR,8900,INR,NRP: 8900,
ALD-CHR-681N,Aquamax Concealed Body Of Thermostatic S,Faucets,Allied,CHR,12300,INR,NRP: 10670,ALD-CHR-681N.jpeg
ALD-CHR-069,Reduced Body Of Concealed Stop Cock Suit,Faucets,Allied,CHR,925,INR,NRP: 830,ALD-CHR-069.jpeg
ALD-CHR-069FT,Reduced Body Of Concealed Stop Cock Suit,Faucets,Allied,CHR,1200,INR,NRP: 1070,ALD-CHR-069FT.jpeg
ALD-CHR-649K,Exposed Part Kit Of In-wall Thermostatic,Faucets,Allied,CHR,6650,INR,NRP: 5860,ALD-CHR-649K.jpeg
ALD-CHR-083CQT,Concealed Stop Cock Regular Body Suitabl,Faucets,Allied,CHR,1000,INR,NRP: 890,ALD-CHR-083CQT.jpeg
ALD-CHR-083FT,Regular Body Of Concealed Stop Cock Suit,Faucets,Allied,CHR,1325,INR,NRP: 1170,ALD-CHR-083FT.jpeg
ALD-CHR-079N,Concealed Body For Single Lever High Flo,Faucets,Allied,CHR,4550,INR,NRP: 4010,ALD-CHR-079N.jpeg
ALD-CHR-081,Concealed Body Of Flush Cock Suitable Fo,Faucets,Allied,CHR,2450,INR,NRP: 2160,ALD-CHR-081.jpeg
ALD-CHR-705L130,WASTE COUPLING 32mm F. THREAD 130mm HT,Faucets,ALD,CHR,925,INR,NRP: 830,
ALD-CHR-563,Hand Shower (health Faucet) With 1 Meter,Faucets,Allied,CHR,1375,INR,NRP: 1190,ALD-CHR-563.jpeg
ALD-CHR-563LP,Hand Shower (health Faucet) With A Thin,Faucets,Allied,CHR,1375,INR,NRP: 1190,ALD-CHR-573.jpeg
ALD-CHR-565,Hand Shower (health Faucet) With 1 Meter,Faucets,Allied,CHR,1475,INR,NRP: 1290,ALD-CHR-565.jpeg
ALD-CHR-565LP,Hand Shower (health Faucet) With A Thin,Faucets,ALD,CHR,1475,INR,NRP: 1290,
ALD-CHR-577,Hand Shower (health Faucet) With 8mm Dia,Faucets,Allied,CHR,2000,INR,NRP: 1750,ALD-CHR-579LP.jpeg
ALD-CHR-577LP,Hand Shower (health Faucet) With A Thin,Faucets,Allied,CHR,2000,INR,NRP: 1750,ALD-CHR-563.jpeg
ALD-CHR-577M,Hand Shower (health Faucet) With 8mm Dia,Faucets,ALD,CHR,2925,INR,NRP: 2540,
ARC-CHR-87433,Two Concealed Stop Cocks With Basin Spou,Faucets,Arc,CHR,9200,INR,NRP: 7900,ARC-CHR-87433.jpeg
ARC-CHR-87661NK,Aquamax Exposed Part Kit Of Thermostatic,Faucets,Arc,CHR,6900,INR,NRP: 5940,ARC-CHR-87661NK.jpeg
ARC-CHR-87685NK,Aquamax Exposed Part Kit Of Thermostatic,Faucets,ARC,CHR,6900,INR,NRP: 5940,
ARC-CHR-87677,"4-hole Thermostatic Bath & Shower Mixer,",Thermostatic Mixers,Thermostatic Mixers,CHR,35700,INR,NRP: 30720,ARC-CHR-87677.jpeg
ARC-CHR-87681K,Aquamax Exposed Part Kit Of Thermostatic,Faucets,ARC,CHR,5500,INR,NRP: 4720,
ARC-CHR-87681NK,Aquamax Exposed Part Kit Of Thermostatic,Faucets,Arc,CHR,6900,INR,NRP: 5940,ARC-CHR-87681NK.jpeg
ARC-CHR-87189,3-hole Basin Mixer Without Popup Waste S,Faucets,Arc,CHR,12600,INR,NRP: 11000,ARC-CHR-87189.jpeg
ARC-CHR-87065C,Concealed Body For Joystick Diverter 40m,Faucets,Arc,CHR,4750,INR,NRP: 4100,ARC-CHR-87065C.jpeg
ARC-CHR-87065K,Exposed Parts Kit Of Joystick Concealed,Faucets,Arc,CHR,5000,INR,NRP: 4300,ARC-CHR-87065K.jpeg
ARC-CHR-87233C,Concealed Body For Joystick Basin Mixer,Faucets,Arc,CHR,4200,INR,NRP: 3600,ARC-CHR-87233C.jpeg
ARC-CHR-87233K,Exposed Part Kit Of Joystick Basin Mixer,Faucets,Arc,CHR,7900,INR,NRP: 6800,ARC-CHR-87233K.jpeg
ARC-CHR-87661K,Aquamax Exposed Part Kit Of Thermostatic,Faucets,ARC,CHR,5500,INR,NRP: 4720,
ARC-CHR-87191,3-hole Basin Mixer With Popup Waste Syst,Faucets,Arc,CHR,13600,INR,NRP: 12400,ARC-CHR-87191.jpeg
ARC-CHR-87213B,Joystick 1-hole Bidet Mixer With Popup W,Faucets,Arc,CHR,11500,INR,NRP: 9200,ARC-CHR-87213B.jpeg
ARC-CHR-87011B,Joystick Basin Mixer Without Popup Waste,Faucets,Arc,CHR,10500,INR,NRP: 9000,ARC-CHR-87011B.jpeg
ARC-CHR-87683NK,Aquamax Exposed Part Kit Of Thermostatic,Faucets,Arc,CHR,6900,INR,NRP: 5940,ARC-CHR-87683NK.jpeg
ARC-CHR-87683K,Aquamax Exposed Part Kit Of Thermostatic,Faucets,ARC,CHR,5500,INR,NRP: 4720,
ARI-CHR-39783NK,Aquamax Exposed Part Kit Of Single Lever,Faucets,Aria,CHR,4100,INR,NRP: 3540,ARI-CHR-39783NK.jpeg
ARI-CHR-39785NK,Aquamax Exposed Part Kit Of Single Lever,Faucets,ARI,CHR,4100,INR,NRP: 3540,
ARI-CHR-39681K,Aquamax Exposed Part Kit Of Thermostatic,Faucets,ARI,CHR,4250,INR,NRP: 3750,
ARI-CHR-39681NK,Aquamax Exposed Part Kit Of Thermostatic,Faucets,Aria,CHR,5600,INR,NRP: 4940,ARI-CHR-39681NK.jpeg
ARI-CHR-39683NK,Aquamax Exposed Part Kit Of Thermostatic,Faucets,Aria,CHR,5600,INR,NRP: 4940,ARI-CHR-39683NK.jpeg
ARI-CHR-39685NK,Aquamax Exposed Part Kit Of Thermostatic,Faucets,ARI,CHR,5600,INR,NRP: 4940,
ARI-CHR-39683K,Aquamax Exposed Part Kit Of Thermostatic,Faucets,ARI,CHR,4250,INR,NRP: 3750,
ARI-CHR-39357S,Sink Cock With Regular Swinging Spout (t,Faucets,ARI,CHR,2750,INR,NRP: 2450,
ARI-CHR-39357STL120,"Sink Cock, Regular Swinging Spout (table",Faucets,ARI,CHR,2975,INR,NRP: 2640,
ARI-CHR-39357STL60,"Sink Cock, Regular Swinging Spout (table",Faucets,ARI,CHR,2800,INR,NRP: 2500,
ARI-CHR-39421,4-way Divertor For Concealed Fitting Wit,Faucets,Aria,CHR,4550,INR,NRP: 4050,ARI-CHR-39421.jpeg
ARI-CHR-39433,Two Concealed Stop Cocks With Basin Spo,Faucets,Aria,CHR,6800,INR,NRP: 6050,ARI-CHR-39433.jpeg
ARI-CHR-39441K,Exposed Part Kit Of Single Concealed Sto,Faucets,Aria,CHR,2800,INR,NRP: 2500,ARI-CHR-39441K.jpeg
ARI-CHR-39441KFSP,Exposed Part Kit Of Single Concealed Sto,Faucets,ARI,CHR,2175,INR,NRP: 1930,
ARI-CHR-39661K,Aquamax Exposed Part Kit Of Thermostatic,Faucets,ARI,CHR,4250,INR,NRP: 3750,
ARI-CHR-39661NK,Aquamax Exposed Part Kit Of Thermostatic,Faucets,Aria,CHR,5600,INR,NRP: 4940,ARI-CHR-39661NK.jpeg
ARI-CHR-39679,Thermostatic Concealed High Flow Control,Faucets,ARI,CHR,10650,INR,NRP: 9800,
ARI-CHR-39011,Pillar Cock,Faucets,Aria,CHR,3250,INR,NRP: 2890,ARI-CHR-39011.jpeg
ARI-CHR-39021,PILLAR COCK WITH 140mm EXTENSION BODY,Faucets,Aria,CHR,5050,INR,NRP: 4510,ARI-CHR-39021.jpeg
ARI-CHR-39053,Angular Stop Cock With Wall Flange,Faucets,Aria,CHR,1400,INR,NRP: 1240,ARI-CHR-39053.jpeg
ARI-CHR-39053RL,Angular Stop Cock With Wall Flange (rl-r,Faucets,ARI,CHR,1025,INR,NRP: 1025,
ARI-CHR-39065K,S/l Exposed Parts Kit Consisting Of Oper,Faucets,ARI,CHR,1325,INR,NRP: 1130,
ARI-CHR-39065MK,Single Lever Exposed Parts Kit Of Divert,Faucets,Aria,CHR,2500,INR,NRP: 2160,ARI-CHR-39065MK.jpeg
ARI-CHR-39071B,Single Lever Tall Boy With Popup Waste S,Faucets,ARI,CHR,7750,INR,NRP: 6900,
ARI-CHR-39079NK,Single Lever Exposed Parts Kit Of Hi-flo,Faucets,Aria,CHR,2525,INR,NRP: 2200,ARI-CHR-39079NK.jpeg
ARI-CHR-39079NKSQ,Single Lever Exposed Parts Kit Of Hi-flo,Faucets,ARI,CHR,2600,INR,NRP: 2270,
ARI-CHR-39083,Concealed Stop Cock Regular Body Adjusta,Faucets,ARI,CHR,1425,INR,NRP: 1260,
ARI-CHR-39023B,Single Lever Extended Basin Mixer (heigh,Faucets,ARI,CHR,5450,INR,NRP: 4760,
ARI-CHR-39037,Bib Cock With Wall Flange,Faucets,Aria,CHR,2525,INR,NRP: 2240,ARI-CHR-39037.jpeg
ARI-CHR-39041,2 Way Bib Cock With Wall Flange,Faucets,Aria,CHR,2600,INR,NRP: 2320,ARI-CHR-39041.jpeg
ARI-CHR-39051B,S/l Basin Mixer With Popup Waste With 45,Faucets,Aria,CHR,6450,INR,NRP: 5650,ARI-CHR-39051B.jpeg
ARI-CHR-39083K,Exposed Part Kit Of Concealed Stop Cock,Faucets,Aria,CHR,725,INR,NRP: 640,ARI-CHR-39083K.jpeg
ARI-CHR-39083L,In-wall Stop Valve Hot Only With Adjusta,Faucets,ARI,CHR,1425,INR,NRP: 1425,
ARI-CHR-39083R,In-wall Stop Valve Cold Only With Adjust,Faucets,ARI,CHR,1425,INR,NRP: 1425,
ARI-CHR-39089L,In-wall Stop Valve Hot Only With Adjusta,Faucets,ARI,CHR,1500,INR,NRP: 1500,
ARI-CHR-39089R,In-wall Stop Valve Cold Only With Adjust,Faucets,ARI,CHR,1500,INR,NRP: 1500,
ARI-CHR-39119,Single Lever Wall Mixer With Provision O,Faucets,Aria,CHR,6750,INR,NRP: 5950,ARI-CHR-39119.jpeg
ARI-CHR-39119NC,Single Lever Wall Mixer With Casted Legs,Faucets,ARI,CHR,6950,INR,NRP: 6150,
ARI-CHR-39121K,Exposed Parts Of Floor Mounted Single Le,Faucets,Aria,CHR,49800,INR,NRP: 43290,ARI-CHR-39121K.jpeg
ARI-CHR-39145,Single Lever Exposed Shower Mixer With P,Faucets,Aria,CHR,6500,INR,NRP: 5700,ARI-CHR-39145.jpeg
ARI-CHR-39147,Single Lever Exposed Shower Mixer With P,Faucets,Aria,CHR,5450,INR,NRP: 4730,ARI-CHR-39147.jpeg
ARI-CHR-39149,Single Lever Exposed Shower Mixer For Co,Faucets,Aria,CHR,4950,INR,NRP: 4300,ARI-CHR-39149.jpeg
ARI-CHR-39165,Single Lever Sink Mixer With Swinging Sp,Faucets,Aria,CHR,6050,INR,NRP: 5400,ARI-CHR-39165.jpeg
ARI-CHR-39173B,Single Lever Sink Mixer With Swinging Sp,Faucets,Aria,CHR,5050,INR,NRP: 4450,ARI-CHR-39173B.jpeg
ARI-CHR-39173BL600,Single Lever Sink Mixer With Swinging Sp,Faucets,ARI,CHR,5100,INR,NRP: 4500,
ARI-CHR-39193K,Exposed Parts Of Single Lever 3 Inlet,Faucets,ARI,CHR,2725,INR,NRP: 2350,
ARI-CHR-39193NK,Single Lever 3-inlet Diverter Exposed Pa,Faucets,Aria,CHR,3450,INR,NRP: 2950,ARI-CHR-39193NK.jpeg
ARI-CHR-39213B,Single Lever 1-hole Bidet Mixer With Pop,Faucets,ARI,CHR,6450,INR,NRP: 5650,
ARI-CHR-39227,Single Lever Concealed Deusch Mixer With,Faucets,ARI,CHR,2800,INR,NRP: 2350,
ARI-CHR-39227K,Single Lever Exposed Parts Kit Of Deusch,Faucets,Aria,CHR,1500,INR,NRP: 1300,ARI-CHR-39227K.jpeg
ARI-CHR-39233K,Exposed Part Kit Of Single Lever Basin M,Faucets,ARI,CHR,2800,INR,NRP: 2390,
ARI-CHR-39233NK,Exposed Part Kit Of Single Lever Basin M,Faucets,Aria,CHR,4550,INR,NRP: 3930,ARI-CHR-39233NK.jpeg
ARI-CHR-39229,Single Lever Concealed Deusch Mixer With,Faucets,ARI,CHR,2800,INR,NRP: 2350,
ARI-CHR-39275,Bath & Shower Mixer H-type,Faucets,ARI,CHR,5200,INR,NRP: 5200,
ARI-CHR-39287,4-way Divertor (consisting Of Concealed,Faucets,ARI,CHR,7175,INR,NRP: 6590,
ARI-CHR-39309,Sink Mixer With Regular Swinging Spout (,Faucets,Aria,CHR,6250,INR,NRP: 5550,ARI-CHR-39309.jpeg
ARI-CHR-39309SSP,Sink Mixer With Regular Swinging Small S,Faucets,ARI,CHR,6250,INR,NRP: 5550,
ARI-CHR-39347S,Sink Cock With Regular Swinging Spout (w,Faucets,Aria,CHR,2375,INR,NRP: 2110,ARI-CHR-39347S.jpeg
ARI-CHR-39001B,S/l Basin Mixer W/o Popup Waste With 450,Faucets,Aria,CHR,5450,INR,NRP: 4800,ARI-CHR-39001B.jpeg
ARI-CHR-39001BGAL600,Single Lever Basin Mixer Without Popup W,Faucets,ARI,CHR,5640,INR,NRP: 4990,
ARI-CHR-39001BGDL600,Single Lever Basin Mixer Without Popup W,Faucets,ARI,CHR,5640,INR,NRP: 4990,
ARI-CHR-39001BL600,Single Lever Basin Mixer Without Popup W,Faucets,ARI,CHR,5500,INR,NRP: 4850,
ARI-CHR-39005B,S/L TALL BOY WITH 150mm EXTENSION BODY &,Faucets,Aria,CHR,7050,INR,NRP: 6200,ARI-CHR-39005B.jpeg
AQT-CHR-3319,"Sink Mixer With Swivel Pipe Spout, Wall",Faucets,AQT,CHR,5350,INR,NRP: 4750,
AQT-CHR-3049,Bib Cock With Nozzle,Faucets,AQT,CHR,1525,INR,NRP: 1350,
AQT-CHR-3037,Bib Cock,Faucets,AQT,CHR,1400,INR,NRP: 1260,
AQT-CHR-3047,Bib Cock  With Wall Flange,Faucets,AQT,CHR,1450,INR,NRP: 1300,
AQT-CHR-3053,Angle Stop Cock,Faucets,AQT,CHR,950,INR,NRP: 850,
AQT-CHR-3057,Angular Stop Cock (regulating Valve) Wit,Faucets,AQT,CHR,725,INR,NRP: 650,
AQT-CHR-3057F,Angle Cock Wth Trnglar Handle W/o Flange,Faucets,AQT,CHR,675,INR,NRP: 610,
AQT-CHR-3011,Pillar Cock,Faucets,AQT,CHR,1575,INR,NRP: 1400,
AQT-CHR-3067,"Angle Valve (15mm Inlet, 10mm Outlet) Wi",Faucets,AQT,CHR,550,INR,NRP: 510,
AQT-CHR-3069,Concealed Stop Cock With Wall Fla,Faucets,AQT,CHR,1800,INR,NRP: 1600,
AQT-CHR-3107,Long Body Bib Cock With Wall Flange,Faucets,AQT,CHR,1750,INR,NRP: 1550,
AQT-CHR-3057THL50,Angular Stop Cock (regulating Valve) Wit,Faucets,AQT,CHR,900,INR,NRP: 800,
AQT-CHR-3059,Angle Stop Cock With Wall Flange,Faucets,AQT,CHR,1000,INR,NRP: 890,
AQT-CHR-3057N,Angular Stop Cock (regulating Valve) Wit,Faucets,AQT,CHR,400,INR,NRP: 365,
AQT-CHR-3057P,Angular Stop Cock With Triangular Handle,Faucets,AQT,CHR,725,INR,NRP: 650,
AQT-CHR-3057PHOT,Angle Valve Hot Only With Triangular Han,Faucets,AQT,CHR,550,INR,NRP: 510,
AQT-CHR-3309,Sink Mixer With Swinging Spout (wall Mou,Faucets,AQT,CHR,5350,INR,NRP: 4750,
AQT-CHR-3181B,C/H/B/M/ROUND SPT.POP 450mm LONG B HOSES,Faucets,AQT,CHR,4900,INR,NRP: 4350,
AQT-CHR-3169B,Monoblock Basin Mixer With Popup Waste &,Faucets,AQT,CHR,5950,INR,NRP: 5300,
AQT-CHR-3171B,Monoblock Basin Mixer With Swivel Pipe S,Faucets,AQT,CHR,4800,INR,NRP: 4250,
AQT-CHR-3209,Shower Mixer For Shower Cubicles (wall M,Faucets,AQT,CHR,3750,INR,NRP: 3350,
AQT-CHR-3517A,Wall Mixer Telephone Shower Arrangement,Faucets,AQT,CHR,7350,INR,NRP: 6550,
AQT-CHR-3357,"Sink Tap With Swivel Pipe Spout, Lp 0.3",Faucets,AQT,CHR,2700,INR,NRP: 2400,
BSH-CHR-1751,BODY SHOWER WALL MOUNTED 100X100mm SQUAR,Shower,Body Showers,CHR,2975,INR,NRP: 2550,BSH-CHR-1751.jpeg
BSH-CHR-1771,BODY SHOWER 130X120mm RECTANGULAR SHAPE,Shower,Body Showers,CHR,5050,INR,NRP: 4380,BSH-CHR-1771.jpeg
BSH-CHR-1761,BODY SHOWER 120mm DIA. ROUND SHAPE (ABS,Shower,Body Showers,CHR,4550,INR,NRP: 3940,BSH-CHR-1761.jpeg
CQT-CHR-23267,"Wall Mixer With Hand Shower Provision,co",Faucets,Clarion,CHR,6650,INR,NRP: 5900,CQT-CHR-23267.jpeg
CQT-CHR-23273UPR,Wall Mixer With Provision For Overhead S,Faucets,Clarion,CHR,6850,INR,NRP: 6100,CQT-CHR-23273UPR.jpeg
CQT-CHR-23273UPRNC,Wall Mixer With Provision For Overhead S,Faucets,CQT,CHR,7050,INR,NRP: 6300,
CQT-CHR-23281UPR,Wall Mixer 3-IN-1 System With Provision,Faucets,Clarion,CHR,7550,INR,NRP: 6700,CQT-CHR-23281UPR.jpeg
CQT-CHR-23281UPRNC,Wall Mixer 3-IN-1 System With Provision,Faucets,CQT,CHR,7750,INR,NRP: 6900,
CQT-CHR-23309,Sink Mixer With Swinging Spout (wall Mou,Faucets,Clarion,CHR,5200,INR,NRP: 4650,CQT-CHR-23309.jpeg
CQT-CHR-23309B,Sink Mixer With Swinging Spout (table Mo,Faucets,Clarion,CHR,5050,INR,NRP: 4550,CQT-CHR-23309B.jpeg
CQT-CHR-23309BL600,Sink Mixer With Swinging Spout (table Mo,Faucets,CQT,CHR,5100,INR,NRP: 4600,
CQT-CHR-23321B,Sink Mixer With Extended Spout (table Mo,Faucets,Clarion,CHR,6350,INR,NRP: 5650,CQT-CHR-23321B.jpeg
CQT-CHR-23347,Sink Cock With Swinging Casted Round Sha,Faucets,Clarion,CHR,2800,INR,NRP: 2500,CQT-CHR-23347.jpeg
CQT-CHR-24081,FLUSH COCK WITH 25mm PLAIN KNOB  WALL FL,Faucets,Clarion,CHR,3200,INR,NRP: 2850,CQT-CHR-24081.jpeg
CQT-CHR-24081A,FLUSH COCK WITH WALL FLANGE 25mm (CERAMI,Faucets,Clarion,CHR,3800,INR,NRP: 3400,CQT-CHR-24081A.jpeg
CQT-CHR-23037,Bib Cock,Faucets,Clarion,CHR,1850,INR,NRP: 1650,CQT-CHR-23037.jpeg
CQT-CHR-23041,2-way Bib Cock,Faucets,Clarion,CHR,2075,INR,NRP: 1850,CQT-CHR-23041.jpeg
CQT-CHR-23041F,2-way Bib Cock With Wall Flange,Faucets,CQT,CHR,2125,INR,NRP: 1890,
CQT-CHR-23047,Bib Cock With Wall Flange,Faucets,Clarion,CHR,1900,INR,NRP: 1690,CQT-CHR-23047.jpeg
CQT-CHR-23053,Angular Stop Cock,Faucets,Clarion,CHR,1300,INR,NRP: 1150,CQT-CHR-23053.jpeg
CQT-CHR-23059,Angular Stop Cock With Wall Flange,Faucets,Clarion,CHR,1350,INR,NRP: 1190,CQT-CHR-23059.jpeg
CQT-CHR-23069,"Concealed Stop Cock, Reduced Body With A",Faucets,CQT,CHR,875,INR,NRP: 875,
CQT-CHR-23069K,Exposed Part Kit Of Concealed Stop Cock,Faucets,Clarion,CHR,775,INR,NRP: 700,CQT-CHR-23069K.jpeg
CQT-CHR-23083,"Concealed Stop Cock, Extra Heavy Body Wi",Faucets,CQT,CHR,1425,INR,NRP: 1300,
CQT-CHR-23083K,Exposed Part Kit Of Concealed Stop Cock,Faucets,Clarion,CHR,775,INR,NRP: 700,CQT-CHR-23083K.jpeg
CQT-CHR-23123,Swan Neck Tap With Left Hand Operating K,Faucets,Clarion,CHR,3600,INR,NRP: 3200,CQT-CHR-23123.jpeg
CQT-CHR-23127,Swan Neck Tap With Right Hand Operating,Faucets,Clarion,CHR,3600,INR,NRP: 3200,CQT-CHR-23127.jpeg
CQT-CHR-23167B,Central Hole Basin Mixer Without Popup W,Faucets,Clarion,CHR,4900,INR,NRP: 4050,CQT-CHR-23167B.jpeg
CQT-CHR-23167BL600,Central Hole Basin Mixer Without Popup W,Faucets,CQT,CHR,4950,INR,NRP: 4100,
CQT-CHR-23169B,Central Hole Basin Mixer With Popup Wast,Faucets,Clarion,CHR,5900,INR,NRP: 5250,CQT-CHR-23169B.jpeg
CQT-CHR-23217UPR,Wall Mixer With Telephone Shower Arrange,Faucets,Clarion,CHR,5950,INR,NRP: 5300,CQT-CHR-23217UPR.jpeg
CQT-CHR-23219,Wall Mixer Non-telephonic Shower Arrange,Faucets,Clarion,CHR,4950,INR,NRP: 4400,CQT-CHR-23219.jpeg
CQT-CHR-23011,Pillar Cock With Aerator,Faucets,Clarion,CHR,2125,INR,NRP: 1900,CQT-CHR-23011.jpeg
CQT-CHR-23021,Pillar Cock Long Neck With Aerator,Faucets,Clarion,CHR,2750,INR,NRP: 2450,CQT-CHR-23021.jpeg
CON-CHR-217KN,Wall Mixer With Telephone Shower Arrange,Faucets,CON,CHR,7450,INR,NRP: 6650,
CON-CHR-217KNC,Wall Mixer With Telephone Shower Arrange,Faucets,CON,CHR,7650,INR,NRP: 6850,
CON-CHR-219KN,Wall Mixer Non-telephonic Shower Arrange,Faucets,CON,CHR,6100,INR,NRP: 5450,
CON-CHR-169KNB,"C/H.B.MIX ROUND SPT.POPUP 10mmDIA,450mm",Faucets,CON,CHR,7250,INR,NRP: 6500,
CON-CHR-167KNB,Central Hole Basin Mixer Without Popup W,Faucets,CON,CHR,6250,INR,NRP: 5550,
CON-CHR-167KNBL600,Central Hole Basin Mixer Without Popup W,Faucets,CON,CHR,6300,INR,NRP: 5600,
CON-CHR-191KN,3-HOL.basin Mixer With Popup Waste Syste,Faucets,CON,CHR,3850,INR,NRP: 3850,
CON-CHR-209KN,Shower Mixer For Showercubicles With Leg,Faucets,CON,CHR,1600,INR,NRP: 1600,
CON-CHR-271KN,Bath Tub Mixer (exposed Adjustable Legs),Faucets,CON,CHR,10200,INR,NRP: 9050,
CON-CHR-267KN,Wall Mixer With Telephone Shower Arrange,Faucets,CON,CHR,7900,INR,NRP: 7050,
CON-CHR-267KNC,Wall Mixer With Connector For,Faucets,CON,CHR,8100,INR,NRP: 7250,
CON-CHR-281KN,Wall Mixer 3-IN-1 System With Provision,Faucets,CON,CHR,9200,INR,NRP: 8200,
CON-CHR-273KNUPR,Wall Mixer With Provision For Overhead S,Faucets,CON,CHR,8200,INR,NRP: 7300,
CON-CHR-273KNUPRNC,Wall Mix Prov. For O/head Shr Casted Leg,Faucets,CON,CHR,8400,INR,NRP: 7500,
CON-CHR-321KNB,Sink Mixer With Extended Spout (table Mo,Faucets,CON,CHR,7100,INR,NRP: 6300,
CON-CHR-321KNBL600,Sink Mixer With Extended Spout (table Mo,Faucets,CON,CHR,7150,INR,NRP: 6350,
CON-CHR-319KN,Sink Mixer With 'j' Shaped (w.m),Faucets,CON,CHR,6100,INR,NRP: 5450,
CON-CHR-319KNB,Sink Mixer With  'j' Shaped (t.m),Faucets,CON,CHR,5950,INR,NRP: 5350,
CON-CHR-309KNB10M,Mono Sink Mixer With Swivel Spout & 375m,Faucets,CON,CHR,5850,INR,NRP: 5850,
CON-CHR-309KNBM,Sink Mixer With Swinging Spout (table Mo,Faucets,CON,CHR,5850,INR,NRP: 5250,
CON-CHR-309KNBML600,Sink Mixer With Swinging Spout (table Mo,Faucets,CON,CHR,5900,INR,NRP: 5300,
CON-CHR-309KNM,Sink Mixer With Swinging Spout (wall Mou,Faucets,CON,CHR,6000,INR,NRP: 5350,
CON-CHR-347KNM,Sink Cock With Swinging Spout (wall Moun,Faucets,CON,CHR,3200,INR,NRP: 2850,
CON-CHR-349KNM,Sink Cock With Swinging Spout (table Mou,Faucets,CON,CHR,3900,INR,NRP: 3450,
CON-CHR-089KNL,In-wall Stop Valve Hot Only With Adjusta,Faucets,CON,CHR,1200,INR,NRP: 1200,
CON-CHR-089KNR,In-wall Stop Valve Cold Only With Adjust,Faucets,CON,CHR,1200,INR,NRP: 1200,
CON-CHR-087FTK,Exposed Part Kit Of Concealed Stop Cock,Faucets,CON,CHR,850,INR,NRP: 750,
CON-CHR-087KN,"Concealed Stop Cock, Extra Heavy Body Wi",Faucets,CON,CHR,1400,INR,NRP: 1275,
CON-CHR-087KNL,"In-wall Stop Valve Hot Only, Extra Heavy",Faucets,CON,CHR,1400,INR,NRP: 1400,
CON-CHR-087KNR,"In-wall Stop Valve Cold Only, Extra Heav",Faucets,CON,CHR,1400,INR,NRP: 1400,
CON-CHR-069FTK,Exposed Part Kit Of Concealed Stop Cock,Faucets,CON,CHR,625,INR,NRP: 550,
CON-CHR-069KN,"Concealed Stop Cock, Reduced Body With A",Faucets,CON,CHR,900,INR,NRP: 820,
CON-CHR-071,Concealed.stopcok Red.body (isi),Faucets,CON,CHR,2350,INR,NRP: 2100,
CON-CHR-083FTK,Exposed Part Kit Of Concealed Stop Cock,Faucets,CON,CHR,675,INR,NRP: 610,
CON-CHR-083KN,"Concealed Stop Cock, Extra Heavy  Body",Faucets,CON,CHR,1150,INR,NRP: 1050,
CON-CHR-083KNL,In-wall Stop Valve Hot Only With Adjusta,Faucets,CON,CHR,1150,INR,NRP: 1150,
CON-CHR-083KNR,In-wall Stop Valve Cold Only With Adjust,Faucets,CON,CHR,1150,INR,NRP: 1150,
CON-CHR-035,Bib Cock (isi),Faucets,CON,CHR,2025,INR,NRP: 1800,
CON-CHR-047KN,Bib Cock With Wall Flange,Faucets,CON,CHR,1850,INR,NRP: 1640,
CON-CHR-049NKN,Bib Cock With Nozzle,Faucets,CON,CHR,1850,INR,NRP: 1650,
CON-CHR-051,Angle Cock (isi),Faucets,CON,CHR,1750,INR,NRP: 1550,
CON-CHR-053KN,Angular Stop Cock (regulating Valve),Faucets,CON,CHR,1450,INR,NRP: 1300,
CON-CHR-037KN,Bib Cock,Faucets,CON,CHR,1800,INR,NRP: 1600,
CON-CHR-053,Angular Stop Cock,Faucets,CON,CHR,625,INR,NRP: 570,
CON-CHR-055KN,Angular Stop Cock Long Thread,Faucets,CON,CHR,1525,INR,NRP: 1350,
CON-CHR-059KN,Angular Stop Cock With Wall Flange,Faucets,CON,CHR,1500,INR,NRP: 1340,
CON-CHR-041KN,2 Way Bib Cock,Faucets,CON,CHR,2075,INR,NRP: 1850,
CON-CHR-041KNF,2-way Bib Cock With Wall Flang,Faucets,CON,CHR,2125,INR,NRP: 1900,
CON-CHR-613KNB,1-HOL.bidet Mixer With Popup Waste Assem,Faucets,CON,CHR,3450,INR,NRP: 3200,
CON-CHR-483,SH.ARM 190mm HVY.C.BODY W/FLNG,Faucets,CON,CHR,850,INR,NRP: 850,
CON-CHR-489,Pressure Adj.shower Rev.jt,Faucets,CON,CHR,1250,INR,NRP: 1250,
CON-CHR-357KN,Sink Cock With Raised 'j' Shaped Swingin,Faucets,CON,CHR,3550,INR,NRP: 3150,
CON-CHR-359KN,Sink Cock With J Shaped (table Mounted,Faucets,CON,CHR,4200,INR,NRP: 3750,
CON-CHR-017,Pillar Cock (isi),Faucets,CON,CHR,2350,INR,NRP: 2100,
CON-CHR-1081A,Flush Cock With Lever Handle,Faucets,CON,CHR,3800,INR,NRP: 3360,
CON-CHR-1081KN,FLUSH COCK WTH.WAL.FLG.25mmPLN KNOB,Faucets,CON,CHR,3000,INR,NRP: 2680,
CON-CHR-021KN,Pillar Cock Long Neck With Aerator,Faucets,CON,CHR,2800,INR,NRP: 2500,
CON-CHR-011KN,Pillar Cock,Faucets,CON,CHR,2250,INR,NRP: 2000,
CON-CHR-107KN,Long Body Bib Cock With Wall Flange,Faucets,CON,CHR,2475,INR,NRP: 2200,
CON-CHR-123B10KN,Basin Tap With Left Hand Operating Knob,Faucets,CON,CHR,4150,INR,NRP: 4150,
CON-CHR-123BKN,Swan Neck Tap With Left Hand Operating K,Faucets,CON,CHR,4150,INR,NRP: 3700,
CON-CHR-123BKNL600,Swan Neck Tap With Left Hand Operating K,Faucets,CON,CHR,4200,INR,NRP: 3750,
CON-CHR-127B10KN,Basin Tap With Right Hand Operating Knob,Faucets,CON,CHR,4150,INR,NRP: 4150,
CON-CHR-127BKN,Swan Neck Tap With Right Hand Operating,Faucets,CON,CHR,4150,INR,NRP: 3700,
COP-CHR-145PM,Single Lever Exposed Shower Mixer With P,Faucets,Continental Prime,CHR,5000,INR,NRP: 4420,COP-CHR-145PM.jpeg
COP-CHR-149PM,Single Lever Exposed Shower Mixer For Co,Faucets,Continental Prime,CHR,4350,INR,NRP: 3850,COP-CHR-149PM.jpeg
COP-CHR-119PM,Single Lever Wall Mixer With Provision O,Faucets,Continental Prime,CHR,6100,INR,NRP: 5450,COP-CHR-119PM.jpeg
COP-CHR-107NPM,Long Body Bib Cock With Wall Flange,Faucets,Continental Prime,CHR,2225,INR,NRP: 1940,COP-CHR-107NPM.jpeg
COP-CHR-107PM,Long Body Bib Cock With Wall Flange,Faucets,COP,CHR,2150,INR,NRP: 1900,
COP-CHR-011PM,Pillar Cock,Faucets,COP,CHR,2350,INR,NRP: 2100,
COP-CHR-011NPM,Pillar Cock,Faucets,Continental Prime,CHR,2425,INR,NRP: 2140,COP-CHR-011NPM.jpeg
COP-CHR-005BPM,Single Lever Tall Boy Without Popup Wast,Faucets,Continental Prime,CHR,5650,INR,NRP: 5050,COP-CHR-005BPM.jpeg
COP-CHR-001BPM,Single Lever Basin Mixer Without Popup W,Faucets,Continental Prime,CHR,3950,INR,NRP: 3460,COP-CHR-001BPM.jpeg
COP-CHR-001BPML600,Single Lever Basin Mixer Without Popup W,Faucets,COP,CHR,4000,INR,NRP: 3510,
COP-CHR-021NPM,Pillar Cock With Extension Body,Faucets,Continental Prime,CHR,3675,INR,NRP: 3240,COP-CHR-021NPM.jpeg
COP-CHR-021PM,Pillar Cock With Extension Body,Faucets,COP,CHR,3600,INR,NRP: 3200,
COP-CHR-079NKPM,Single Lever Exposed Parts Kit Of Hi-flo,Faucets,Continental Prime,CHR,2000,INR,NRP: 1750,COP-CHR-079NKPM.jpeg
COP-CHR-041NPM,2-way Bib Cock With Wall Flange,Faucets,Continental Prime,CHR,2150,INR,NRP: 1890,COP-CHR-041NPM.jpeg
COP-CHR-041PM,2-way Bib Cock With Wall Flange,Faucets,COP,CHR,2075,INR,NRP: 1850,
COP-CHR-057PM,Angular Stop Cock With Wall Flange,Faucets,Continental Prime,CHR,1125,INR,NRP: 1000,COP-CHR-057PM.jpeg
COP-CHR-055KPM,Single Lever Exposed Parts Kit Of Divert,Faucets,Continental Prime,CHR,1225,INR,NRP: 1100,COP-CHR-055KPM.jpeg
COP-CHR-051BPM,Single Lever Basin Mixer With Popup Wast,Faucets,Continental Prime,CHR,4950,INR,NRP: 4290,COP-CHR-051BPM.jpeg
COP-CHR-049NPM,Bib Cock With Nozzle & Wall Flange,Faucets,Continental Prime,CHR,1975,INR,NRP: 1740,COP-CHR-049NPM.jpeg
COP-CHR-049PM,Bib Cock With Nozzle & Wall Flange,Faucets,COP,CHR,1900,INR,NRP: 1700,
COP-CHR-037NPM,Bib Cock With Wall Flange,Faucets,Continental Prime,CHR,1925,INR,NRP: 1690,COP-CHR-037NPM.jpeg
COP-CHR-037PM,Bib Cock With Wall Flange,Faucets,COP,CHR,1850,INR,NRP: 1650,
COP-CHR-083KPM,Exposed Part Kit Of Concealed Stop Cock,Faucets,COP,CHR,600,INR,NRP: 520,
COP-CHR-081KPM,Exposed Part Kit Of Concealed Flush Cock,Faucets,COP,CHR,650,INR,NRP: 580,
COP-CHR-081NKPM,Exposed Part Kit Of Concealed Flush Co,Faucets,Continental Prime,CHR,725,INR,NRP: 620,COP-CHR-081NKPM.jpeg
COP-CHR-083NKPM,Exposed Part Kit Of Concealed Stop Coc,Faucets,Continental Prime,CHR,675,INR,NRP: 560,COP-CHR-083NKPM.jpeg
COP-CHR-083PML,In-wall Stop Valve Hot Only With Adjusta,Faucets,COP,CHR,1500,INR,NRP: 1500,
COP-CHR-083PMR,In-wall Stop Valve Cold Only With Adjust,Faucets,COP,CHR,1500,INR,NRP: 1500,
COP-CHR-089PM,In-wall Stop Valve With Adjustable Wall,Faucets,COP,CHR,1525,INR,NRP: 1525,
COP-CHR-089PML,In-wall Stop Valve Hot Only With Adjusta,Faucets,COP,CHR,1525,INR,NRP: 1525,
COP-CHR-089PMR,In-wall Stop Valve Cold Only With Adjust,Faucets,COP,CHR,1525,INR,NRP: 1525,
COP-CHR-065MKPM,Single Lever Exposed Parts Kit Of Divert,Faucets,Continental Prime,CHR,2025,INR,NRP: 1730,COP-CHR-065MKPM.jpeg
COP-CHR-347NPM,Sink Cock With Pipe Swinging Spout (wa,Faucets,Continental Prime,CHR,2375,INR,NRP: 2090,COP-CHR-347NPM.jpeg
COP-CHR-347PM,Sink Cock With Pipe Swinging Spout (wall,Faucets,COP,CHR,2300,INR,NRP: 2050,
COP-CHR-309NPM,Sink Mixer With Pipe Swinging Spout (w,Faucets,Continental Prime,CHR,5050,INR,NRP: 4430,COP-CHR-309NPM.jpeg
COP-CHR-309PM,Sink Mixer With Pipe Swinging Spout (wal,Faucets,COP,CHR,4900,INR,NRP: 4350,
COP-CHR-273NPMNC,Wall Mixer With Provision For Overhead,Faucets,COP,CHR,7890,INR,NRP: 6970,
COP-CHR-273PMNC,Wall Mixer With Provision For Overhead S,Faucets,COP,CHR,7800,INR,NRP: 6950,
COP-CHR-273NPM,Wall Mixer With Provision For Overhead,Faucets,Continental Prime,CHR,7750,INR,NRP: 6830,COP-CHR-273NPM.jpeg
COP-CHR-281NPM,Wall Mixer 3-IN-1 System With Provisio,Faucets,Continental Prime,CHR,8450,INR,NRP: 7480,COP-CHR-281NPM.jpeg
COP-CHR-281PM,Wall Mixer 3-IN-1 System With Provision,Faucets,COP,CHR,8300,INR,NRP: 7400,
COP-CHR-233NKPM,Exposed Part Kit Of Single Lever Basin M,Faucets,Continental Prime,CHR,3400,INR,NRP: 2940,COP-CHR-233NKPM.jpeg
COP-CHR-209NPM,Shower Mixer For Shower Cubicles (wall,Faucets,Continental Prime,CHR,4150,INR,NRP: 3630,COP-CHR-209NPM.jpeg
COP-CHR-209PM,Shower Mixer For Shower Cubicles (wall M,Faucets,COP,CHR,4000,INR,NRP: 3550,
COP-CHR-179BPM,Side Single Lever Sink Mixer With Swingi,Faucets,Continental Prime,CHR,4950,INR,NRP: 4350,COP-CHR-179BPM.jpeg
COP-CHR-167NBPM,Central Hole Basin Mixer Without Popup,Faucets,Continental Prime,CHR,5200,INR,NRP: 4580,COP-CHR-167NBPM.jpeg
COP-CHR-169NBPM,Central Hole Basin Mixer With Popup Wa,Faucets,Continental Prime,CHR,6200,INR,NRP: 5230,COP-CHR-169NBPM.jpeg
COP-CHR-169BPM,Central Hole Basin Mixer With Popup Wast,Faucets,COP,CHR,6050,INR,NRP: 5150,
COP-CHR-167BPM,Central Hole Basin Mixer Without Popup W,Faucets,COP,CHR,5050,INR,NRP: 4500,
COP-CHR-213BPM,Single Lever 1-hole Bidet Mixer With Pop,Faucets,Continental Prime,CHR,4950,INR,NRP: 4290,COP-CHR-213BPM.jpeg
COP-CHR-227KPM,Single Lever Exposed Parts Kit Of Deusch,Faucets,Continental Prime,CHR,975,INR,NRP: 850,COP-CHR-227KPM.jpeg
CPA-CHR-1111,Single Towel Rail 600mm Long,Faucets,Bath Accessories,CHR,1775,INR,NRP: 1560,CPA-CHR-1111.jpeg
CPA-CHR-1101,Grab Bar 300mm Long,Faucets,Bath Accessories,CHR,1875,INR,NRP: 1670,CPA-CHR-1101.jpeg
CPA-CHR-1111L450,Single Towel Rail 450mm Long,Faucets,Bath Accessories,CHR,1750,INR,NRP: 1530,CPA-CHR-1111L450.jpeg
CPA-CHR-1121,Towel Ring Square With Round Flange,Faucets,Bath Accessories,CHR,1975,INR,NRP: 1750,CPA-CHR-1121.jpeg
CPA-CHR-1115,Swivel Towel Holder Twin Type,Faucets,Bath Accessories,CHR,1975,INR,NRP: 1760,CPA-CHR-1115.jpeg
CPA-CHR-1121RD,Towel Ring Round With Round Flange,Faucets,Bath Accessories,CHR,1300,INR,NRP: 1140,CPA-CHR-1121RD.jpeg
CPA-CHR-1141,Tumbler Holder,Faucets,Bath Accessories,CHR,975,INR,NRP: 860,CPA-CHR-1141.jpeg
CPA-CHR-1131,Soap Dish Holder,Faucets,Bath Accessories,CHR,1000,INR,NRP: 890,CPA-CHR-1131.jpeg
CPA-CHR-1135,Soap Dispenser With Glass Bottle,Faucets,Bath Accessories,CHR,1900,INR,NRP: 1700,CPA-CHR-1135.jpeg
CPA-CHR-1151,Toilet Roll Holder,Faucets,Bath Accessories,CHR,1075,INR,NRP: 950,CPA-CHR-1151.jpeg
CPA-CHR-1143,W.c. Brush Holder,Faucets,Bath Accessories,CHR,2100,INR,NRP: 1880,CPA-CHR-1143.jpeg
CPA-CHR-1161,Double Coat Hook,Faucets,Bath Accessories,CHR,750,INR,NRP: 640,CPA-CHR-1161.jpeg
CPA-CHR-1153,Toilet Roll Holder With Flap,Faucets,Bath Accessories,CHR,1625,INR,NRP: 1440,CPA-CHR-1153.jpeg
CPA-CHR-1155,Spare Toilet Roll Holder,Faucets,Bath Accessories,CHR,875,INR,NRP: 760,CPA-CHR-1155.jpeg
CPA-CHR-1173,Corner Glass Self (with Bracket),Faucets,Bath Accessories,CHR,1900,INR,NRP: 1660,CPA-CHR-1173.jpeg
CPA-CHR-1181,Towel Rack 600mm Long With Lower Hangers,Faucets,Bath Accessories,CHR,3450,INR,NRP: 3090,CPA-CHR-1181.jpeg
CPA-CHR-1171,Glass Shelf 600mm Long,Faucets,Bath Accessories,CHR,1675,INR,NRP: 1460,CPA-CHR-1171.jpeg
CPA-CHR-1181F,Towel Rack 600mm Long Without Hangers,Faucets,Bath Accessories,CHR,2800,INR,NRP: 2500,CPA-CHR-1181F.jpeg
CPA-CHR-1181FH,Towel Rack 600mm Long Without Lower Hang,Faucets,Bath Accessories,CHR,3750,INR,NRP: 3320,CPA-CHR-1181FH.jpeg
CPA-CHR-1191,Robe Hook,Faucets,Bath Accessories,CHR,450,INR,NRP: 380,CPA-CHR-1191.jpeg
FLP-CHR-5661KPM,Aquamax Exposed Part Kit Of Thermostatic,Faucets,FLP,CHR,3800,INR,NRP: 3260,
FLP-CHR-5655PM,Exposed Shower Mixer (wall Mounted) With,Thermostatic Mixers,Thermostatic Mixers,CHR,12900,INR,NRP: 11480,FLP-CHR-5655PM.jpeg
FLP-CHR-5657PM,Exposed Bath Shower Mixer (wall Mounted),Thermostatic Mixers,Thermostatic Mixers,CHR,14800,INR,NRP: 13200,FLP-CHR-5657PM.jpeg
FLP-CHR-5783KPM,Aquamax Exposed Part Kit Of Single Lever,Faucets,FLP,CHR,2800,INR,NRP: 2410,
FLP-CHR-5615PM,Exposed Thermostatic Bath & Shower Mixer,Thermostatic Mixers,Thermostatic Mixers,CHR,15900,INR,NRP: 14000,FLP-CHR-5615PM.jpeg
FLP-CHR-5615PMWBP,Exposed Thermostatic Bath & Shower Mixer,Thermostatic Mixers,Thermostatic Mixers,CHR,16700,INR,NRP: 14700,FLP-CHR-5615PMWBP.jpeg
FLP-CHR-5661NKPM,Aquamax Exposed Part Kit Of Thermostatic,Faucets,Florentine Prime,CHR,5500,INR,NRP: 4750,FLP-CHR-5661NKPM.jpeg
FLP-CHR-5663PM,Exposed Thermostatic Bath & Shower Mixer,Thermostatic Mixers,Thermostatic Mixers,CHR,16500,INR,NRP: 14500,FLP-CHR-5663PM.jpeg
FLP-CHR-5663PMWBP,Exposed Thermostatic Bath & Shower Mixer,Thermostatic Mixers,Thermostatic Mixers,CHR,17300,INR,NRP: 15200,FLP-CHR-5663PMWBP.jpeg
FLP-CHR-5281PM,Wall Mixer 3-IN-1 System With Provision,Faucets,Florentine Prime,CHR,9350,INR,NRP: 8300,FLP-CHR-5281PM.jpeg
FLP-CHR-5233NKPM,Exposed Part Kit Of Single Lever Basin M,Faucets,Florentine Prime,CHR,4200,INR,NRP: 3610,FLP-CHR-5233NKPM.jpeg
FLP-CHR-5227KPM,Single Lever Exposed Parts Kit Of Deusch,Faucets,Florentine Prime,CHR,1625,INR,NRP: 1390,FLP-CHR-5227KPM.jpeg
FLP-CHR-5357PM,Sink Cock With Regular Swinging Spout (t,Faucets,Florentine Prime,CHR,2900,INR,NRP: 2570,FLP-CHR-5357PM.jpeg
FLP-CHR-5357PMD,Sink Cock With Extended Swinging Spout (,Faucets,Florentine Prime,CHR,3700,INR,NRP: 3280,FLP-CHR-5357PMD.jpeg
FLP-CHR-5357PMLSD,Sink Cock With Long Extended Swinging Sp,Faucets,Florentine Prime,CHR,3950,INR,NRP: 3530,FLP-CHR-5357PMLSD.jpeg
FLP-CHR-5185PM,"Single Lever 4-hole Bath & Shower Mixer,",Faucets,FLP,CHR,12500,INR,NRP: 11100,
FLP-CHR-5185PMWHS,Single Lever 4-hole Bath & Shower Mixer,Faucets,FLP,CHR,14100,INR,NRP: 12560,
FLP-CHR-5267PM,Wall Mixer With Connector For Hand Showe,Faucets,FLP,CHR,8200,INR,NRP: 7300,
FLP-CHR-5273PM,Wall Mixer With Provision For Overhead S,Faucets,Florentine Prime,CHR,8450,INR,NRP: 7500,FLP-CHR-5273PM.jpeg
FLP-CHR-5273PMC,Wall Mixer With Provision For Overhead S,Faucets,FLP,CHR,8650,INR,NRP: 7700,
FLP-CHR-5309PM,Sink Mixer With Regular Swinging Spout (,Faucets,Florentine Prime,CHR,6250,INR,NRP: 5550,FLP-CHR-5309PM.jpeg
FLP-CHR-5347PM,Sink Cock With Regular Swinging Spout (w,Faucets,Florentine Prime,CHR,2350,INR,NRP: 2100,FLP-CHR-5347PM.jpeg
FLP-CHR-5347PMD,Sink Cock With Extended Swinging Spout (,Faucets,Florentine Prime,CHR,3300,INR,NRP: 2940,FLP-CHR-5347PMD.jpeg
FLP-CHR-5347PMLSD,Sink Cock With Long Extended Swinging Sp,Faucets,Florentine Prime,CHR,3600,INR,NRP: 3190,FLP-CHR-5347PMLSD.jpeg
FLP-CHR-5441KPM,Exposed Part Kit Of Single Concealed Sto,Faucets,Florentine Prime,CHR,2775,INR,NRP: 2450,FLP-CHR-5441KPM.jpeg
FLP-CHR-5653PM,Multifunction Thermostatic Shower Mixer,Thermostatic Mixers,Thermostatic Mixers,CHR,12600,INR,NRP: 11230,FLP-CHR-5653PM.jpeg
FLP-CHR-5083KPM,Exposed Part Kit Of Concealed Stop Cock,Faucets,Florentine Prime,CHR,700,INR,NRP: 620,FLP-CHR-5083KPM.jpeg
FLP-CHR-5115PM,Single Lever Wall Mixer With Provision F,Faucets,Florentine Prime,CHR,9950,INR,NRP: 8850,FLP-CHR-5115PM.jpeg
FLP-CHR-5117PM,Single Lever Wall Mixer With Provision F,Faucets,Florentine Prime,CHR,10800,INR,NRP: 9600,FLP-CHR-5117PM.jpeg
FLP-CHR-5121KPM,Exposed Parts Of Floor Mounted Single Le,Faucets,Florentine Prime,CHR,41800,INR,NRP: 36780,FLP-CHR-5121KPM.jpeg
FLP-CHR-5119PM,Single Lever Wall Mixer With Provision O,Faucets,Florentine Prime,CHR,9700,INR,NRP: 8650,FLP-CHR-5119PM.jpeg
FLP-CHR-5125PM,Single Lever Wall Mixer 3-IN-1 System Wi,Faucets,Florentine Prime,CHR,11400,INR,NRP: 10150,FLP-CHR-5125PM.jpeg
FLP-CHR-5219PM,Wall Mixer Non-telephonic Shower Arrange,Faucets,Florentine Prime,CHR,6200,INR,NRP: 5530,FLP-CHR-5219PM.jpeg
FLP-CHR-5217PM,Wall Mixer With Telephone Shower Arrange,Faucets,FLP,CHR,7600,INR,NRP: 6750,
FLP-CHR-5213BPM,Single Lever 1 - Hole Bidet Mixer With P,Faucets,Florentine Prime,CHR,6650,INR,NRP: 6050,FLP-CHR-5213BPM.jpeg
FLP-CHR-5179BPM,Side Single Lever Sink Mixer With Swingi,Faucets,Florentine Prime,CHR,6500,INR,NRP: 5700,FLP-CHR-5179BPM.jpeg
FLP-CHR-5177BPM,Single Lever Sink Mixer (table Mounted),Faucets,Florentine Prime,CHR,7150,INR,NRP: 6370,FLP-CHR-5177BPM.jpeg
FLP-CHR-5189PM,3-hole Basin Mixer Without Popup Waste S,Faucets,Florentine Prime,CHR,9800,INR,NRP: 8700,FLP-CHR-5189PM.jpeg
FLP-CHR-5189PMRS,3-hole Basin Mixer Round Spout Without P,Faucets,Florentine Prime,CHR,9850,INR,NRP: 8750,FLP-CHR-5189PMRS.jpeg
FLP-CHR-5191PM,3-hole Basin Mixer With Popup Waste Syst,Faucets,Florentine Prime,CHR,10800,INR,NRP: 8790,FLP-CHR-5191PM.jpeg
FLP-CHR-5173BPM,Single Lever Sink Mixer With Swinging Sp,Faucets,Florentine Prime,CHR,5100,INR,NRP: 4560,FLP-CHR-5173BPM.jpeg
FLP-CHR-5193KPM,Single Lever 3-inlet Divertor Exposed Pa,Faucets,FLP,CHR,2125,INR,NRP: 1820,
FLP-CHR-5193NKPM,Single Lever 3-inlet Diverter Exposed Pa,Faucets,Florentine Prime,CHR,2950,INR,NRP: 2530,FLP-CHR-5193NKPM.jpeg
FLP-CHR-5166PM,Single Lever Surgical Purpose Elbow Acti,Faucets,Medi Series,CHR,7100,INR,NRP: 6300,FLP-CHR-5166PM.jpeg
FLP-CHR-5147PM,Single Lever Exposed Shower Mixer With P,Faucets,FLP,CHR,5650,INR,NRP: 4970,
FLP-CHR-5165PM,Single Lever Sink Mixer With Swinging Sp,Faucets,Florentine Prime,CHR,6400,INR,NRP: 5700,FLP-CHR-5165PM.jpeg
FLP-CHR-5149PM,Single Lever Exposed Shower Mixer For Co,Faucets,Florentine Prime,CHR,5000,INR,NRP: 4400,FLP-CHR-5149PM.jpeg
FLP-CHR-5145PM,Single Lever Exposed Shower Mixer With P,Faucets,FLP,CHR,6800,INR,NRP: 5990,
FLP-CHR-5139KPM,Exposed Parts Kit Of Single Lever Shower,Faucets,Florentine Prime,CHR,2050,INR,NRP: 1760,FLP-CHR-5139KPM.jpeg
FLP-CHR-5659PM,Exposed Bath Shower Mixer (tub Mounted),Thermostatic Mixers,Thermostatic Mixers,CHR,16700,INR,NRP: 14900,FLP-CHR-5659PM.jpeg
FLP-CHR-5677PM,"4-hole Thermostatic Bath & Shower Mixer,",Thermostatic Mixers,Thermostatic Mixers,CHR,32600,INR,NRP: 28040,FLP-CHR-5677PM.jpeg
FLP-CHR-5681NKPM,Aquamax Exposed Part Kit Of Thermostatic,Faucets,Florentine Prime,CHR,5500,INR,NRP: 4750,FLP-CHR-5681NKPM.jpeg
FLP-CHR-5683NKPM,Aquamax Exposed Part Kit Of Thermostatic,Faucets,Florentine Prime,CHR,5500,INR,NRP: 4750,FLP-CHR-5683NKPM.jpeg
FLP-CHR-5683KPM,Aquamax Exposed Part Kit Of Thermostatic,Faucets,FLP,CHR,3800,INR,NRP: 3260,
FLP-CHR-5785NKPM,Aquamax Exposed Part Kit Of Single Lever,Faucets,FLP,CHR,4100,INR,NRP: 3530,
FLP-CHR-5685NKPM,Aquamax Exposed Part Kit Of Thermostatic,Faucets,FLP,CHR,5500,INR,NRP: 4750,
FLP-CHR-5783NKPM,Aquamax Exposed Part Kit Of Single Lever,Faucets,Florentine Prime,CHR,4100,INR,NRP: 3530,FLP-CHR-5783NKPM.jpeg
FLP-CHR-5005BPM,Single Lever Tall Boy With 190mm Extensi,Faucets,Florentine Prime,CHR,6950,INR,NRP: 6100,FLP-CHR-5005BPM.jpeg
FLP-CHR-5001BPM,Single Lever Basin Mixer Without Popup W,Faucets,Florentine Prime,CHR,5650,INR,NRP: 4950,FLP-CHR-5001BPM.jpeg
FLP-CHR-5051BPM,Single Lever Basin Mixer With Popup Wast,Faucets,Florentine Prime,CHR,6650,INR,NRP: 6050,FLP-CHR-5051BPM.jpeg
FLP-CHR-5041PM,2 Way Bib Cock With Wall Flange,Faucets,Florentine Prime,CHR,2675,INR,NRP: 2370,FLP-CHR-5041PM.jpeg
FLP-CHR-5043PM,Florentine Prime Bib Cock With Extended,Faucets,Medi Series,CHR,3100,INR,NRP: 2740,FLP-CHR-5043PM.jpeg
FLP-CHR-5053PM,Angular Stop Cock With Wall Flange,Faucets,Florentine Prime,CHR,1400,INR,NRP: 1240,FLP-CHR-5053PM.jpeg
FLP-CHR-5089PM,In-wall Stop Valve With Adjustable Wall,Faucets,FLP,CHR,1225,INR,NRP: 1225,
FLP-CHR-5089PML,In-wall Stop Valve Hot Only With Adjusta,Faucets,FLP,CHR,1225,INR,NRP: 1225,
FLP-CHR-5089PMR,In-wall Stop Valve Cold Only With Adjust,Faucets,FLP,CHR,1225,INR,NRP: 1225,
FLP-CHR-5083PM,In-wall Stop Valve With Adjustable Wall,Faucets,FLP,CHR,1750,INR,NRP: 1750,
FLP-CHR-5083PML,In-wall Stop Valve Hot Only With Adjusta,Faucets,FLP,CHR,1750,INR,NRP: 1750,
FLP-CHR-5083PMR,In-wall Stop Valve Cold Only With Adjust,Faucets,FLP,CHR,1750,INR,NRP: 1750,
FLP-CHR-5065MKPM,Single Lever Exposed Parts Kit Of Divert,Faucets,Florentine Prime,CHR,2500,INR,NRP: 2160,FLP-CHR-5065MKPM.jpeg
FLP-CHR-5079NKPM,Single Lever Exposed Parts Kit Of Hi-flo,Faucets,Florentine Prime,CHR,2475,INR,NRP: 2120,FLP-CHR-5079NKPM.jpeg
FLP-CHR-5037PM,Bib Cock With Wall Flange,Faucets,Florentine Prime,CHR,2125,INR,NRP: 1890,FLP-CHR-5037PM.jpeg
FLP-CHR-5033BPM,Florentine Prime Single Lever Surgical P,Faucets,Medi Series,CHR,6150,INR,NRP: 5300,FLP-CHR-5033BPM.jpeg
FLP-CHR-5021PM,Pillar Cock With Extension Body,Faucets,Florentine Prime,CHR,4000,INR,NRP: 3550,FLP-CHR-5021PM.jpeg
FLP-CHR-5031PM,Florentine Prime Pillar Cock With Extend,Faucets,Medi Series,CHR,3150,INR,NRP: 2800,FLP-CHR-5031PM.jpeg
FLP-CHR-5015PM,Pillar Cock With Lift Type Operating Kno,Faucets,FLP,CHR,2800,INR,NRP: 2500,
FLP-CHR-5009BPM,Single Lever Sink Mixer With 210mm Exten,Faucets,Florentine Prime,CHR,6500,INR,NRP: 5730,FLP-CHR-5009BPM.jpeg
FLP-CHR-5011PM,Pillar Cock,Faucets,Florentine Prime,CHR,2700,INR,NRP: 2400,FLP-CHR-5011PM.jpeg
FLV-CHR-1001,REMOTE OPERATED FLUSH VALVE WITH 32 mm S,Faucets,Flush Valves,CHR,10500,INR,NRP: 9350,FLV-CHR-1001.jpeg
FLV-CHR-1071,CONCEALED FLUSH VALVE COMPLETE WITH 32mm,Faucets,Flush Valves,CHR,10200,INR,NRP: 9100,FLV-CHR-1071.jpeg
FLV-CHR-1073C,"CONCEALED BODY OF I FLUSH, 32mm",Faucets,i Flush,CHR,6400,INR,NRP: 5700,FLV-CHR-1073C.jpeg
FLV-CHR-1073FP,I-flush 32mm Concealed Body With Floor M,Faucets,i Flush,CHR,11900,INR,NRP: 10570,FLV-CHR-1073FP.jpeg
FLV-CHR-1073FS,I-flush 32mm Concealed Body With Floor M,Faucets,i Flush,CHR,12200,INR,NRP: 10860,FLV-CHR-1073FS.jpeg
FLV-CHR-1075C,"CONCEALED BODY OF I FLUSH, 20mm",Faucets,i Flush,CHR,6200,INR,NRP: 5500,FLV-CHR-1075C.jpeg
FLV-CHR-1075FP,I-flush 20mm Concealed Body With Floor M,Faucets,i Flush,CHR,11800,INR,NRP: 10350,FLV-CHR-1075FP.jpeg
FLV-CHR-1075FS,I-flush 20mm Concealed Body With Floor M,Faucets,i Flush,CHR,12100,INR,NRP: 10650,FLV-CHR-1075FS.jpeg
FLV-CHR-1075K,Exposed Part Kit Of I Flush With Dual Fl,Faucets,FLV,CHR,2100,INR,NRP: 1930,
FLV-CHR-1075NK,EXPOSED PART KIT OF I FLUSH 32mm WITH DU,Faucets,i Flush,CHR,3150,INR,NRP: 2800,FLV-CHR-1075NK.jpeg
FLV-CHR-1029F,FLUSH VALVE DUAL FLOW WITH 32mm CONTROL,Faucets,Flush Valves,CHR,11000,INR,NRP: 9750,ALD-CHR-1025.jpeg
FLV-CHR-1029NEL,FLUSH VALVE DUAL FLOW WITH 32mm CONTROL,Faucets,Flush Valves,CHR,10500,INR,NRP: 9350,ALD-CHR-1025.jpeg
FLV-CHR-1029NELF,FLUSH VALVE DUAL FLOW WITH 32mm CONTROL,Faucets,Flush Valves,CHR,11000,INR,NRP: 9750,ALD-CHR-1025.jpeg
FLV-CHR-1029,FLUSH VALVE DUAL FLOW WITH 32mm CONTROL,Faucets,Flush Valves,CHR,10500,INR,NRP: 9350,ALD-CHR-1025.jpeg
FLV-CHR-1051,CONCEALED FLUSH VALVE COMPLETE WITH 32mm,Faucets,Flush Valves,CHR,10800,INR,NRP: 9650,FLV-CHR-1051.jpeg
FLV-CHR-1051L250,CONCEALED FLUSH VALVE COMPLETE WITH 32mm,Faucets,FLV,CHR,11000,INR,NRP: 9750,
FLV-CHR-1051L300,CONCEALED FLUSH VALVE COMPLETE WITH 32mm,Faucets,Flush Valves,CHR,11300,INR,NRP: 10100,FLV-CHR-1071.jpeg
FLV-CHR-1051L450,Concealed Flush Valve Complete With 32mm,Faucets,FLV,CHR,11700,INR,NRP: 10450,
FLV-CHR-1021F,FLUSH VALVE COMPLETE WITH 32mm SIZE CONT,Faucets,Flush Valves,CHR,9450,INR,NRP: 8400,ALD-CHR-1025.jpeg
FLV-CHR-1085DFP,METROPOLE FLUSH VALVE DUAL FLOW 32mm SIZ,Faucets,Flush Valves,CHR,5800,INR,NRP: 5050,FLV-CHR-1085DFP.jpeg
FLV-CHR-1089,METRO FLUSH VALVE DUAL FLOW 40mm,Faucets,FLV,CHR,3300,INR,NRP: 3000,
FLV-CHR-1089DFP,METROPOLE FLUSH VALVE DUAL FLOW 40mm SIZ,Faucets,Flush Valves,CHR,6200,INR,NRP: 5400,FLV-CHR-1089DFP.jpeg
FLV-CHR-1089N,Metropole Flush Valve Dual Flow  40mm Si,Faucets,Flush Valves,CHR,5200,INR,NRP: 4510,FLV-CHR-1089N.jpeg
FLV-CHR-1089NSQ,Metropole Flush Valve Dual Flow 40mm Siz,Faucets,Flush Valves,CHR,5200,INR,NRP: 4510,FLV-CHR-1089NSQ.jpeg
FLV-CHR-1085N,Metropole Flush Valve Dual Flow 32mm Siz,Faucets,Flush Valves,CHR,4900,INR,NRP: 4260,FLV-CHR-1085N.jpeg
FLV-CHR-1085NC,Concealed Body Of Metropole Flush Valve,Faucets,FLV,CHR,3350,INR,NRP: 2910,
FLV-CHR-1085NSQ,Metropole Flush Valve Dual Flow 32mm Siz,Faucets,Flush Valves,CHR,4900,INR,NRP: 4260,FLV-CHR-1085NSQ.jpeg
FLV-CHR-1093N,Metropole Flush Valve Regular 40mm Size,Faucets,Flush Valves,CHR,5000,INR,NRP: 4360,FLV-CHR-1093N.jpeg
FLV-CHR-1093NSQ,Metropole Flush Valve Regular 40mm Size,Faucets,Flush Valves,CHR,5000,INR,NRP: 4360,FLV-CHR-1089NSQ.jpeg
FLV-CHR-1083,ELBOW SET SIZE 32mm COMPLETE WITH ADJUST,Faucets,Flush Valves,CHR,1750,INR,NRP: 1550,ALD-CHR-1025.jpeg
FLV-CHR-1095N,Metropole Flush Valve Regular 32mm Size,Faucets,Flush Valves,CHR,4650,INR,NRP: 4040,FLV-CHR-1095N.jpeg
FLV-CHR-1095NSQ,Metropole Flush Valve Regular 32mm Size,Faucets,Flush Valves,CHR,4650,INR,NRP: 4040,FLV-CHR-1089NSQ.jpeg
FLV-CHR-1095NWF,Metropole Flush Valve Regular 32mm Size,Faucets,FLV,CHR,3450,INR,NRP: 3450,
FLV-CHR-1011,FLUSH VALVE WITH 25mm SIZE CONTROL COCK,Faucets,FLV,CHR,8450,INR,NRP: 7500,
FLV-CHR-1015NEL,FLUSH VALVE COMPLETE WITH 32 mm SIZE CON,Faucets,Flush Valves,CHR,10200,INR,NRP: 9050,FLV-CHR-1015NEL.jpeg
FLV-CHR-1015TSB,Flush Valve With 32mm Size Control Cock,Faucets,FLV,CHR,12500,INR,NRP: 11100,
FLV-CHR-1021,FLUSH VALVE WITH 32mm CONTROL COCK WALL,Faucets,FLV,CHR,3275,INR,NRP: 3010,
FLV-CHR-1015,FLUSH VALVE COMPLETE WITH 32 mm SIZE CON,Faucets,Flush Valves,CHR,10200,INR,NRP: 9050,ALD-CHR-1025.jpeg
FUP-CHR-29037PM,Bib Cock With Wall Flange,Faucets,Fusion Prime,CHR,2525,INR,NRP: 2240,FUP-CHR-29037PM.jpeg
FUP-CHR-29041PM,2 Way Bib Cock With Wall Flange,Faucets,Fusion Prime,CHR,2600,INR,NRP: 2320,FUP-CHR-29041PM.jpeg
FUP-CHR-29079NKPM,Single Lever Exposed Parts Kit Of Hi-flo,Faucets,Fusion Prime,CHR,2525,INR,NRP: 2200,FUP-CHR-29079NKPM.jpeg
FUP-CHR-29083KPM,Exposed Part Kit Of Concealed Stop Cock,Faucets,Fusion Prime,CHR,725,INR,NRP: 640,FUP-CHR-29083KPM.jpeg
FUP-CHR-29083PML,In-wall Stop Valve Hot Only With Adjusta,Faucets,FUP,CHR,1825,INR,NRP: 1825,
FUP-CHR-29083PMR,In-wall Stop Valve Cold Only With Adjust,Faucets,FUP,CHR,1825,INR,NRP: 1825,
FUP-CHR-29001PM,Pillar Cock,Faucets,Fusion Prime,CHR,3250,INR,NRP: 2890,FUP-CHR-29001PM.jpeg
FUP-CHR-29005BPM,Single Lever Tall Boy With 190mm Extensi,Faucets,Fusion Prime,CHR,7050,INR,NRP: 6200,FUP-CHR-29005BPM.jpeg
FUP-CHR-29009BPM,Single Lever Sink Mixer With 210mm Exten,Faucets,Fusion Prime,CHR,6950,INR,NRP: 6100,FUP-CHR-29009BPM.jpeg
FUP-CHR-29011BPM,Single Lever Basin Mixer Without Popup W,Faucets,Fusion Prime,CHR,5450,INR,NRP: 4800,FUP-CHR-29011BPM.jpeg
FUP-CHR-29021PM,Pillar Cock With Extension Body,Faucets,Fusion Prime,CHR,5050,INR,NRP: 4510,FUP-CHR-29021PM.jpeg
FUP-CHR-29051BPM,Single Lever Basin Mixer With Popup Wast,Faucets,Fusion Prime,CHR,6450,INR,NRP: 5650,FUP-CHR-29051BPM.jpeg
FUP-CHR-29193NKPM,Single Lever 3-inlet Diverter Exposed Pa,Faucets,Fusion Prime,CHR,3450,INR,NRP: 2950,FUP-CHR-29193NKPM.jpeg
FUP-CHR-29089PML,In-wall Stop Valve Hot Only With Adjusta,Faucets,FUP,CHR,1875,INR,NRP: 1875,
FUP-CHR-29089PMR,In-wall Stop Valve Cold Only With Adjust,Faucets,FUP,CHR,1875,INR,NRP: 1875,
FUP-CHR-29115PM,Single Lever Wall Mixer With Provision F,Faucets,Fusion Prime,CHR,9850,INR,NRP: 8750,FUP-CHR-29115PM.jpeg
FUP-CHR-29117PM,Single Lever Wall Mixer With Provision F,Faucets,Fusion Prime,CHR,10700,INR,NRP: 9550,FUP-CHR-29117PM.jpeg
FUP-CHR-29179BPM,Side Single Lever Sink Mixer With Swingi,Faucets,Fusion Prime,CHR,8100,INR,NRP: 7050,FUP-CHR-29179BPM.jpeg
FUP-CHR-29119PM,Single Lever Wall Mixer With Provision O,Faucets,Fusion Prime,CHR,9600,INR,NRP: 8550,FUP-CHR-29119PM.jpeg
FUP-CHR-29213BPM,Single Lever 1-hole Bidet Mixer With Pop,Faucets,Fusion Prime,CHR,6450,INR,NRP: 5650,FUP-CHR-29213BPM.jpeg
FUP-CHR-29219PM,Wall Mixer Non-telephonic Shower Arrange,Faucets,Fusion Prime,CHR,6200,INR,NRP: 5500,FUP-CHR-29219PM.jpeg
FUP-CHR-29121KPM,Exposed Parts Of Floor Mounted Single Le,Faucets,Fusion Prime,CHR,49800,INR,NRP: 43290,FUP-CHR-29121KPM.jpeg
FUP-CHR-29165PM,Single Lever Sink Mixer With Swinging Sp,Faucets,Fusion Prime,CHR,6050,INR,NRP: 5400,FUP-CHR-29165PM.jpeg
FUP-CHR-29149PM,Single Lever Exposed Shower Mixer For Co,Faucets,Fusion Prime,CHR,4950,INR,NRP: 4300,FUP-CHR-29149PM.jpeg
FUP-CHR-29227KPM,Single Lever Exposed Parts Kit Of Deusch,Faucets,Fusion Prime,CHR,1500,INR,NRP: 1300,FUP-CHR-29227KPM.jpeg
FUP-CHR-29125PM,Single Lever Wall Mixer 3-IN-1 System Wi,Faucets,Fusion Prime,CHR,11200,INR,NRP: 10000,FUP-CHR-29125PM.jpeg
FUP-CHR-29053PM,Angular Stop Cock With Wall Flange,Faucets,Fusion Prime,CHR,1400,INR,NRP: 1240,FUP-CHR-29053PM.jpeg
FUP-CHR-29065MKPM,Single Lever Exposed Parts Kit Of Divert,Faucets,Fusion Prime,CHR,2500,INR,NRP: 2160,FUP-CHR-29065MKPM.jpeg
FUP-CHR-29683NKPM,Aquamax Exposed Part Kit Of Thermostatic,Faucets,Fusion Prime,CHR,5600,INR,NRP: 4940,FUP-CHR-29683NKPM.jpeg
FUP-CHR-29681NKPM,Aquamax Exposed Part Kit Of Thermostatic,Faucets,Fusion Prime,CHR,5600,INR,NRP: 4940,FUP-CHR-29681NKPM.jpeg
FUP-CHR-29685NKPM,Aquamax Exposed Part Kit Of Thermostatic,Faucets,FUP,CHR,5600,INR,NRP: 4940,
FUP-CHR-29785NKPM,Aquamax Exposed Part Kit Of Single Lever,Faucets,FUP,CHR,4100,INR,NRP: 3540,
FUP-CHR-29783NKPM,Aquamax Exposed Part Kit Of Single Lever,Faucets,Fusion Prime,CHR,4100,INR,NRP: 3540,FUP-CHR-29783NKPM.jpeg
FUP-CHR-29233NKPM,Exposed Part Kit Of Single Lever Basin M,Faucets,Fusion Prime,CHR,4550,INR,NRP: 3930,FUP-CHR-29233NKPM.jpeg
FUP-CHR-29273PM,Wall Mixer With Provision For Overhead S,Faucets,Fusion Prime,CHR,8650,INR,NRP: 7700,FUP-CHR-29273PM.jpeg
FUP-CHR-29281PM,Wall Mixer 3-IN-1 System With Provision,Faucets,Fusion Prime,CHR,9050,INR,NRP: 8050,FUP-CHR-29281PM.jpeg
FUP-CHR-29309PM,Sink Mixer With Regular Swinging Spout (,Faucets,Fusion Prime,CHR,6250,INR,NRP: 5550,FUP-CHR-29309PM.jpeg
FUP-CHR-29441KPM,Exposed Part Kit Of Single Concealed Sto,Faucets,Fusion Prime,CHR,2800,INR,NRP: 2500,FUP-CHR-29441KPM.jpeg
FUP-CHR-29661NKPM,Aquamax Exposed Part Kit Of Thermostatic,Faucets,Fusion Prime,CHR,5600,INR,NRP: 4940,FUP-CHR-29661NKPM.jpeg
FUP-CHR-29347PM,Sink Cock With Regular Swinging Spout (w,Faucets,Fusion Prime,CHR,3550,INR,NRP: 3160,FUP-CHR-29347PM.jpeg
FUP-CHR-29357PM,Sink Cock With Regular Swinging Spout (t,Faucets,Fusion Prime,CHR,4100,INR,NRP: 3660,FUP-CHR-29357PM.jpeg
FUS-CHR-29421,4-way Divertor For Concld.fitt.,Faucets,Fusion,CHR,4100,INR,NRP: 3660,FUS-CHR-29421.jpeg
FUS-CHR-29427,Concealed 4-way Divertor Set With Hot &,Faucets,Fusion,CHR,8300,INR,NRP: 7380,FUS-CHR-29427.jpeg
FUS-CHR-29347SD,Sink Cock With Extended Swinging Spout (,Faucets,FUS,CHR,3650,INR,NRP: 3240,
FUS-CHR-29441,Single Concealed Stop Cock With Basin Sp,Faucets,FUS,CHR,2500,INR,NRP: 2290,
FUS-CHR-29441K,Exposed Part Kit Of Single Concealed Sto,Faucets,Fusion,CHR,1800,INR,NRP: 1610,FUS-CHR-29441K.jpeg
FUS-CHR-29433KL225,Exposed Part Kit Of Two Concealed Stop C,Faucets,FUS,CHR,3000,INR,NRP: 2670,
FUS-CHR-29309ND,Sink Mixer With Extended Swinging Spout,Faucets,FUS,CHR,6750,INR,NRP: 6000,
FUS-CHR-29273UPR,Wall Mixer With Provision For Overhead S,Faucets,Fusion,CHR,8250,INR,NRP: 7350,FUS-CHR-29273UPR.jpeg
FUS-CHR-29273UPRNC,Wall Mixer With Provision For Overhead S,Faucets,FUS,CHR,8450,INR,NRP: 7550,
FUS-CHR-29281,Wall Mixer 3-IN-1 System With Provision,Faucets,Fusion,CHR,8750,INR,NRP: 7770,FUS-CHR-29281.jpeg
FUS-CHR-29267,Wall Mixer With Tele Arr. And Wall Brack,Faucets,Fusion,CHR,8200,INR,NRP: 7300,FUS-CHR-29267.jpeg
FUS-CHR-29233NK,Exposed Part Kit Of Single Lever Basin M,Faucets,Fusion,CHR,3700,INR,NRP: 3200,FUS-CHR-29233NK.jpeg
FUS-CHR-29783NK,Aquamax Exposed Part Kit Of Single Lever,Faucets,Fusion,CHR,4000,INR,NRP: 3430,FUS-CHR-29783NK.jpeg
FUS-CHR-29809L,Deck Mounted Stop Valve Hot Only,Faucets,FUS,CHR,2350,INR,NRP: 2100,
FUS-CHR-29809R,Deck Mounted Stop Valve Cold Only,Faucets,FUS,CHR,2350,INR,NRP: 2100,
FUS-CHR-29651,Thermostatic Concealed Shower Mixer,Faucets,FUS,CHR,9500,INR,NRP: 8600,
FUS-CHR-29433,Two Concealed Stop Cocks With Basin Spou,Faucets,Fusion,CHR,5600,INR,NRP: 4970,FUS-CHR-29433.jpeg
FUS-CHR-29671,Thermostatic Conc.bath & Shr Mixer,Faucets,FUS,CHR,11000,INR,NRP: 9950,
FUS-CHR-29427K,Exposed Part Kit Of 4-way Concealed Dive,Faucets,FUS,CHR,2675,INR,NRP: 2370,
FUS-CHR-29229,S.l.concld Deush Mixer For Spout,Faucets,FUS,CHR,3150,INR,NRP: 2430,
FUS-CHR-29231NK,Exposed Parts Kit Of Single Lever Basin,Faucets,FUS,CHR,3100,INR,NRP: 2680,
FUS-CHR-29233K,Exposed Part Kit Of Single Lever Basin M,Faucets,FUS,CHR,2650,INR,NRP: 2130,
FUS-CHR-29065MK,Single Lever Exposed Parts Kit Of Divert,Faucets,Fusion,CHR,2300,INR,NRP: 1980,FUS-CHR-29065MK.jpeg
FUS-CHR-29135,Single Lever High Flow Bath Filler (conc,Faucets,Fusion,CHR,9000,INR,NRP: 7940,FUS-CHR-29135.jpeg
FUS-CHR-29137,Single Lever High Flow Bath & Shower Mix,Faucets,Fusion,CHR,9700,INR,NRP: 8520,FUS-CHR-29137.jpeg
FUS-CHR-29121K,Exposed Parts Of Floor Mounted Single Le,Faucets,Fusion,CHR,44800,INR,NRP: 38940,FUS-CHR-29121K.jpeg
FUS-CHR-29213B,S/L/1-HOL.BID.MIX.POPUP WASTE SYS.375mm,Faucets,Fusion,CHR,6650,INR,NRP: 5790,FUS-CHR-29213B.jpeg
FUS-CHR-29163,S L Sink Mixer With Swinging Spout,Faucets,Fusion,CHR,6000,INR,NRP: 5290,FUS-CHR-29163.jpeg
FUS-CHR-29165,Single Lever Sink Mixer With Swinging Sp,Faucets,Fusion,CHR,5950,INR,NRP: 5230,FUS-CHR-29165.jpeg
FUS-CHR-29165KWF,Single Lever Sink Mixer With Swinging Sp,Faucets,FUS,CHR,6150,INR,NRP: 5430,
FUS-CHR-29173B,S L Sink Mix Table Mounted With B.hoses,Faucets,Fusion,CHR,4800,INR,NRP: 4190,FUS-CHR-29173B.jpeg
FUS-CHR-29173BL600,Single Lever Sink Mixer With Swinging Sp,Faucets,FUS,CHR,4850,INR,NRP: 4240,
FUS-CHR-29139,S/l/c/mx.con.to O.h.shwr.only,Faucets,Fusion,CHR,5000,INR,NRP: 4280,FUS-CHR-29139.jpeg
FUS-CHR-29145,Single Lever Exposed Shower Mixer With P,Faucets,Fusion,CHR,6400,INR,NRP: 5630,FUS-CHR-29145.jpeg
FUS-CHR-29147,Single Lever Exposed Shower Mixer With P,Faucets,Fusion,CHR,5250,INR,NRP: 4640,FUS-CHR-29147.jpeg
FUS-CHR-29149,S/l Shr Mix. For Conn.to Tel With Legs,Faucets,Fusion,CHR,5200,INR,NRP: 4590,FUS-CHR-29149.jpeg
FUS-CHR-29227,S/l Conc.deusch Mix.conn.to O/h Shr,Faucets,FUS,CHR,3150,INR,NRP: 2430,
FUS-CHR-29227K,Single Lever Exposed Parts Kit Of Deusch,Faucets,Fusion,CHR,1350,INR,NRP: 1170,FUS-CHR-29227K.jpeg
FUS-CHR-29119,S L Wall Mix With Tele. Shr Arrangement,Faucets,Fusion,CHR,7500,INR,NRP: 6600,FUS-CHR-29119.jpeg
FUS-CHR-29189,3-hole Basin Mixer Without Popup Waste S,Faucets,FUS,CHR,9850,INR,NRP: 8780,
FUS-CHR-29089R,In-wall Stop Valve Cold Only With Adjust,Faucets,FUS,CHR,1550,INR,NRP: 1550,
FUS-CHR-29193NK,Single Lever 3-inlet Diverter Exposed Pa,Faucets,Fusion,CHR,3450,INR,NRP: 2980,FUS-CHR-29193NK.jpeg
FUS-CHR-29052B,S Lever Ext. Basin Mix With Popup,Faucets,Fusion,CHR,6600,INR,NRP: 6140,FUS-CHR-29052B.jpeg
FUS-CHR-29053,Angular Stop Cock With Wall Flange,Faucets,Fusion,CHR,1775,INR,NRP: 1570,FUS-CHR-29053.jpeg
FUS-CHR-29023B,Single Lever Extended Basin Mixer (heigh,Faucets,Fusion,CHR,5600,INR,NRP: 4870,FUS-CHR-29023B.jpeg
FUS-CHR-29023BL600,Single Lever Extended Basin Mixer (heigh,Faucets,FUS,CHR,5650,INR,NRP: 4920,
FUS-CHR-29037,Bib Cock With Wall Flange,Faucets,Fusion,CHR,2525,INR,NRP: 2240,FUS-CHR-29037.jpeg
FUS-CHR-29021N,Pillar Cock With Extension Body,Faucets,Fusion,CHR,3550,INR,NRP: 3180,FUS-CHR-29021N.jpeg
FUS-CHR-29005NB,SINGLE LEVER TALL BOY WITH 150mm EXTENSI,Faucets,Fusion,CHR,6900,INR,NRP: 6020,FUS-CHR-29005NB.jpeg
FUS-CHR-29009B,S.L.B.M (SWIVEL SPOUT) 210mm EXT.BHOSES,Faucets,Fusion,CHR,5750,INR,NRP: 4990,FUS-CHR-29009B.jpeg
FUS-CHR-29001,Pillar Cock,Faucets,Fusion,CHR,2750,INR,NRP: 2450,FUS-CHR-29001.jpeg
FUS-CHR-29079NK,Single Lever Exposed Parts Kit Of Hi-flo,Faucets,Fusion,CHR,2375,INR,NRP: 2060,FUS-CHR-29079NK.jpeg
FUS-CHR-29075K,S/l Exposed Parts Kit Consisting Of Oper,Faucets,FUS,CHR,1625,INR,NRP: 1390,
FUS-CHR-29083R,In-wall Stop Valve Cold Only With Adjust,Faucets,FUS,CHR,1475,INR,NRP: 1475,
FUS-CHR-29089,"Concealed Stop Cock 3/4"" With Flange",Faucets,FUS,CHR,1550,INR,NRP: 1310,
FUS-CHR-29089L,In-wall Stop Valve Hot Only With Adjusta,Faucets,FUS,CHR,1550,INR,NRP: 1550,
FUS-CHR-29083L,In-wall Stop Valve Hot Only With Adjusta,Faucets,FUS,CHR,1475,INR,NRP: 1475,
FUS-CHR-29083K,Exposed Part Kit Of Concealed Stop Cock,Faucets,Fusion,CHR,725,INR,NRP: 630,FUS-CHR-29083K.jpeg
FUS-CHR-29041,2 Way Bib Cock With Wall Flange,Faucets,Fusion,CHR,3100,INR,NRP: 2750,FUS-CHR-29041.jpeg
HSH-CHR-49537,HAND SHOWER 25X38mm OVAL SHAPE SINGLE FL,Shower,Hand Showers,CHR,1250,INR,NRP: 1070,HSH-CHR-49537.jpeg
HSH-CHR-9537N,Victorian Hand Shower Head Round (bell T,Shower,Hand Showers,CHR,2900,INR,NRP: 2550,HSH-CHR-9537N.jpeg
HSH-CHR-5537N,HAND SHOWER 24mm ROUND SHAPE SINGLE FLOW,Shower,Hand Showers,CHR,1050,INR,NRP: 930,HSH-CHR-5537N.jpeg
HSH-CHR-5539,Florentine Prime Hand Shower 30mm Round,Faucets,HSH,CHR,2125,INR,NRP: 1850,
HSH-CHR-5541,Hand Shower 32mm Round Shape Straight De,Shower,Hand Showers,CHR,2025,INR,NRP: 1810,HSH-CHR-5541.jpeg
HSH-CHR-1937,HAND SHOWER 100mm DIA ROUND SHAPE SINGLE,Shower,Hand Showers,CHR,1625,INR,NRP: 1440,HSH-CHR-1937.jpeg
HSH-CHR-1939,Hand Shower 100mm Round Shape Multi Flow,Shower,Body Showers,CHR,2025,INR,NRP: 1800,HSH-CHR-1939.jpeg
HSH-CHR-1781,HAND SHOWER 180mm ROUND SHAPE SINGLE FLO,Shower,Hand Showers,CHR,3650,INR,NRP: 3190,HSH-CHR-1781.jpeg
HSH-CHR-1795,Octane Slider Hand Shower 130mm Square S,Shower,Body Showers,CHR,4100,INR,NRP: 3550,HSH-CHR-1795.jpeg
HSH-CHR-1795AL,Octane Slider Hand Shower 130mm Square S,Faucets,HSH,CHR,4000,INR,NRP: 3520,
HSH-CHR-1797,Hand Shower 75mm Cylindrical Shape Multi,Shower,Hand Showers,CHR,4400,INR,NRP: 3880,HSH-CHR-1797.jpeg
HSH-CHR-1721,Hand Shower 105mm Round Shape Multi Flow,Faucets,HSH,CHR,4700,INR,NRP: 4120,
HSH-CHR-1727,HAND SHOWER 140mm DIA ROUND SHPAE SINGLE,Shower,Rain Showers,CHR,4250,INR,NRP: 3770,HSH-CHR-1727.jpeg
HSH-CHR-1707,Medley Hand Shower 120mm Round Shape Tri,Shower,Body Showers,CHR,3450,INR,NRP: 3020,HSH-CHR-1707.jpeg
HSH-CHR-1773,Octane Flexi Nozzle Hand Shower 120mm Ro,Shower,Body Showers,CHR,3650,INR,NRP: 3180,HSH-CHR-1773.jpeg
HSH-CHR-1777,Octane Rotor Hand Shower 120mm Square Sh,Shower,Body Showers,CHR,3900,INR,NRP: 3390,HSH-CHR-1777.jpeg
HSH-CHR-1653,MAZE HAND SHOWER Ø95mm ROUND SHAPE SINGL,Shower,HydroLite Rain Showers,CHR,2375,INR,NRP: 2070,HSH-CHR-1653.jpeg
HSH-CHR-1729,Hand Shower 140mm Round Shape Multi Flow,Shower,Rain Showers,CHR,5550,INR,NRP: 4950,HSH-CHR-1729.jpeg
HSH-CHR-1731,Hand Shower 120mm Round Shape Multi Flow,Shower,Body Showers,CHR,3550,INR,NRP: 3080,HSH-CHR-1731.jpeg
HSH-CHR-1737,HAND SHOWER 95mm DIA ROUND SHAPE SINGLE,Shower,Hand Showers,CHR,1550,INR,NRP: 1340,HSH-CHR-1737.jpeg
HSH-CHR-1715,HAND SHOWER 105mm DIA ROUND SHAPE SINGLE,Shower,Rain Showers,CHR,2800,INR,NRP: 2470,HSH-CHR-1715.jpeg
HSH-CHR-1717,HAND SHOWER 105mm DIA ROUND SHAPE SINGLE,Faucets,HSH,CHR,3250,INR,NRP: 2840,
HSH-CHR-1739,Hand Shower 95mm Round Shape Multi Flow,Shower,Body Showers,CHR,1875,INR,NRP: 1640,HSH-CHR-1739.jpeg
HSH-CHR-8574304,Hand Shwoer 75mm Dia (2 Function) Abs Bo,Faucets,HSH,CHR,1725,INR,NRP: 1725,
HSH-CHR-85537,ALIVE MAZE HAND SHOWER 68X100mm ROUND ED,Shower,HydroLite Rain Showers,CHR,2200,INR,NRP: 1920,HSH-CHR-85537.jpeg
HSH-CHR-1655,MAZE HAND SHOWER 95X95mm SQUARE SHAPE SI,Shower,HydroLite Rain Showers,CHR,2375,INR,NRP: 2070,HSH-CHR-1655.jpeg
HSH-CHR-1655M,Maze Metal Hand Shower 90X90mm Square Sh,Faucets,HSH,CHR,2675,INR,NRP: 2400,
HSH-CHR-1657,MAZE HAND SHOWER 65X95mm RECTANGULAR SHA,Shower,HydroLite Rain Showers,CHR,2200,INR,NRP: 1920,HSH-CHR-1657.jpeg
HSH-CHR-35537,HAND SHOWER 27X27mm SQUARE SHAPE SINGLE,Shower,Hand Showers,CHR,1375,INR,NRP: 1180,HSH-CHR-35537.jpeg
KUP-CHR-35089PM,In-wall Stop Valve With Adjustable Wall,Faucets,KUP,CHR,1825,INR,NRP: 1470,
KUP-CHR-35089PML,In-wall Stop Valve Hot Only With Adjusta,Faucets,KUP,CHR,1825,INR,NRP: 1825,
KUP-CHR-35083KPM,Exposed Part Kit Of Concealed Stop Cock,Faucets,Kubix Prime,CHR,975,INR,NRP: 830,KUP-CHR-35083KPM.jpeg
KUP-CHR-35083PML,In-wall Stop Valve Hot Only With Adjusta,Faucets,KUP,CHR,1750,INR,NRP: 1750,
KUP-CHR-35065PM,Single Lever Concealed Diverter For Bath,Faucets,KUP,CHR,5850,INR,NRP: 3700,
KUP-CHR-35121KPM,Exposed Parts Of Floor Mounted Single Le,Faucets,Kubix Prime,CHR,49800,INR,NRP: 43360,KUP-CHR-35121KPM.jpeg
KUP-CHR-35083PMR,In-wall Stop Valve Cold Only With Adjust,Faucets,KUP,CHR,1750,INR,NRP: 1750,
KUP-CHR-35065MKPM,Single Lever Exposed Parts Kit Of Divert,Faucets,Kubix Prime,CHR,2975,INR,NRP: 2550,KUP-CHR-35065MKPM.jpeg
KUP-CHR-35115PM,Single Lever Wall Mixer With Provision F,Faucets,Kubix Prime,CHR,12400,INR,NRP: 10870,KUP-CHR-35115PM.jpeg
KUP-CHR-35117PM,Single Lever Wall Mixer With Provision F,Faucets,Kubix Prime,CHR,13600,INR,NRP: 11960,KUP-CHR-35117PM.jpeg
KUP-CHR-35065MKPMMRL55,Single Lever Exposed Parts Kit For Merli,Faucets,KUP,CHR,3950,INR,NRP: 3380,
KUP-CHR-35119PM,Single Lever Wall Mixer With Provision O,Faucets,Kubix Prime,CHR,13100,INR,NRP: 11420,KUP-CHR-35119PM.jpeg
KUP-CHR-35089PMR,In-wall Stop Valve Cold Only With Adjust,Faucets,KUP,CHR,1825,INR,NRP: 1825,
KUP-CHR-35079KPM,Single Lever Exposed Parts Kit Of Hi-flo,Faucets,KUP,CHR,3500,INR,NRP: 1460,
KUP-CHR-35079NKPM,Single Lever Exposed Parts Kit Of Hi-flo,Faucets,Kubix Prime,CHR,2925,INR,NRP: 2510,KUP-CHR-35079NKPM.jpeg
KUP-CHR-35065KPM,Single Lever Exposed Parts Kit Of Divert,Faucets,KUP,CHR,3100,INR,NRP: 1310,
KUP-CHR-35071BPM,Single Lever Tall Boy With 155mm Extensi,Faucets,KUP,CHR,11000,INR,NRP: 10260,
KUP-CHR-35145PM,Single Lever Exposed Shower Mixer With P,Faucets,KUP,CHR,6950,INR,NRP: 6950,
KUP-CHR-35149PM,Single Lever Exposed Shower Mixer For Co,Faucets,Kubix Prime,CHR,7750,INR,NRP: 6650,KUP-CHR-35149PM.jpeg
KUP-CHR-35125PM,Single Lever Wall Mixer 3-IN-1 System Wi,Faucets,Kubix Prime,CHR,14300,INR,NRP: 12570,KUP-CHR-35125PM.jpeg
KUP-CHR-35189PM,3-hole Basin Mixer Without Popup Waste S,Faucets,Kubix Prime,CHR,11400,INR,NRP: 9900,KUP-CHR-35189PM.jpeg
KUP-CHR-35191PM,3-hole Basin Mixer With Popup Waste Syst,Faucets,Kubix Prime,CHR,12400,INR,NRP: 11200,KUP-CHR-35191PM.jpeg
KUP-CHR-35233NKPM,Exposed Part Kit Of Single Lever Basin M,Faucets,Kubix Prime,CHR,5800,INR,NRP: 4970,KUP-CHR-35233NKPM.jpeg
KUP-CHR-35213BPM,Single Lever 1-hole Bidet Mixer With Pop,Faucets,Kubix Prime,CHR,9350,INR,NRP: 8070,KUP-CHR-35213BPM.jpeg
KUP-CHR-35233KPM,Exposed Part Kit Of Single Lever Basin M,Faucets,KUP,CHR,4400,INR,NRP: 2980,
KUP-CHR-35193PM,3-inlet Single Lever Concealed Diverter,Faucets,KUP,CHR,6900,INR,NRP: 4610,
KUP-CHR-35275PM,H Type Bath And Shower Mixer,Faucets,KUP,CHR,6300,INR,NRP: 6300,
KUP-CHR-35227PM,Single Lever Concealed Deusch Mixer With,Faucets,KUP,CHR,4750,INR,NRP: 2780,
KUP-CHR-35193KPM,Single Lever 3-inlet Divertor Exposed Pa,Faucets,KUP,CHR,2725,INR,NRP: 2350,
KUP-CHR-35193NKPM,Single Lever 3-inlet Diverter Exposed Pa,Faucets,Kubix Prime,CHR,3325,INR,NRP: 2850,KUP-CHR-35193NKPM.jpeg
KUP-CHR-35079PM,High Flow Single Lever Concealed Diverte,Faucets,KUP,CHR,6900,INR,NRP: 4420,
KUP-CHR-35661KPM,Aquamax Exposed Part Kit Of Thermostatic,Faucets,KUP,CHR,4950,INR,NRP: 4340,
KUP-CHR-35661NKPM,Aquamax Exposed Part Kit Of Thermostatic,Faucets,Kubix Prime,CHR,6700,INR,NRP: 5900,KUP-CHR-35661NKPM.jpeg
KUP-CHR-35685NKPM,Aquamax Exposed Part Kit Of Thermostatic,Faucets,KUP,CHR,6700,INR,NRP: 5900,
KUP-CHR-35053PM,Angular Stop Cock With Wall Flange,Faucets,Kubix Prime,CHR,2100,INR,NRP: 1830,KUP-CHR-35053PM.jpeg
KUP-CHR-35041PM,2 Way Bib Cock With Wall Flange,Faucets,Kubix Prime,CHR,3350,INR,NRP: 2940,KUP-CHR-35041PM.jpeg
KUP-CHR-35051BPM,Single Lever Basin Mixer With Popup Wast,Faucets,Kubix Prime,CHR,9350,INR,NRP: 8070,KUP-CHR-35051BPM.jpeg
KUP-CHR-35021PM,PILLAR COCK WITH 190mm EXTENSION BODY,Faucets,Kubix Prime,CHR,5050,INR,NRP: 4500,KUP-CHR-35021PM.jpeg
KUP-CHR-35011BPML600,Single Lever Basin Mixer Without Popup W,Faucets,KUP,CHR,8400,INR,NRP: 7220,
KUP-CHR-35011BPMTA,Single Lever Basin Mixer Without Popup W,Faucets,KUP,CHR,8490,INR,NRP: 7310,
KUP-CHR-35011BP,Single Lever Basin Mixer Without Popup W,Faucets,KUP,CHR,8100,INR,NRP: 6950,
KUP-CHR-35011BPM,Single Lever Basin Mixer Without Popup W,Faucets,Kubix Prime,CHR,8350,INR,NRP: 7170,KUP-CHR-35011BPM.jpeg
KUP-CHR-35001PM,Pillar Cock,Faucets,Kubix Prime,CHR,3200,INR,NRP: 2850,KUP-CHR-35001PM.jpeg
KUP-CHR-35005BPM,SINGLE LEVER TALL BOY WITH 155mm EXTENSI,Faucets,Kubix Prime,CHR,10000,INR,NRP: 8580,KUP-CHR-35005BPM.jpeg
KUP-CHR-35011BPMCLWL450,Single Lever Basin Mixer Without Popup W,Faucets,KUP,CHR,6400,INR,NRP: 6400,
KUP-CHR-35011BPMGAL600,Single Lever Basin Mixer Without Popup W,Faucets,KUP,CHR,8540,INR,NRP: 7360,
KUP-CHR-35037PM,Bib Cock With Wall Flange,Faucets,Kubix Prime,CHR,2800,INR,NRP: 2490,KUP-CHR-35037PM.jpeg
KUP-CHR-35441KPM,Exposed Part Kit Of Single Concealed Sto,Faucets,Kubix Prime,CHR,3200,INR,NRP: 2830,KUP-CHR-35441KPM.jpeg
KUP-CHR-35681KPM,Aquamax Exposed Part Kit Of Thermostatic,Faucets,KUP,CHR,4950,INR,NRP: 4340,
KUP-CHR-35681NKPM,Aquamax Exposed Part Kit Of Thermostatic,Faucets,Kubix Prime,CHR,6700,INR,NRP: 5900,KUP-CHR-35681NKPM.jpeg
KUP-CHR-35683KPM,Aquamax Exposed Part Kit Of Thermostatic,Faucets,KUP,CHR,4950,INR,NRP: 4340,
KUP-CHR-35683KPMJPW,Aquamax Exposed Part Kit Of Thermostatic,Faucets,KUP,CHR,4300,INR,NRP: 3800,
KUP-CHR-35683NKPM,Aquamax Exposed Part Kit Of Thermostatic,Faucets,Kubix Prime,CHR,6700,INR,NRP: 5900,KUP-CHR-35683NKPM.jpeg
KUP-CHR-35227KPM,Single Lever Exposed Parts Kit Of Deusch,Faucets,Kubix Prime,CHR,2025,INR,NRP: 1740,KUP-CHR-35227KPM.jpeg
KUP-CHR-35227KPMREC,Exposed Part Kit Of Single Lever In-wall,Faucets,KUP,CHR,2450,INR,NRP: 2100,
KUP-CHR-35433PM,Two Concealed Stop Cocks With Basin Spou,Faucets,Kubix Prime,CHR,7850,INR,NRP: 6910,KUP-CHR-35433PM.jpeg
KUP-CHR-35783KPM,Aquamax Exposed Part Kit Of Single Lever,Faucets,KUP,CHR,3200,INR,NRP: 2760,
KUP-CHR-35783NKPM,Aquamax Exposed Part Kit Of Single Lever,Faucets,Kubix Prime,CHR,4650,INR,NRP: 3980,KUP-CHR-35783NKPM.jpeg
KUP-CHR-35783NKPM2OL,Aquamax Exposed Part Kit Of Single Lever,Faucets,KUP,CHR,4650,INR,NRP: 3980,
KUP-CHR-35785NKPM,Aquamax Exposed Part Kit Of Single Lever,Faucets,KUP,CHR,4650,INR,NRP: 3980,
KUP-CHR-35809PML,Deck Mounted Stop Valve Hot Only,Faucets,KUP,CHR,2450,INR,NRP: 2180,
KUP-CHR-35809PMR,Deck Mounted Stop Valve Cold Only,Faucets,KUP,CHR,2450,INR,NRP: 2180,
LAG-CHR-91423C,Concealed Body Of Two Concealed Stop Coc,Faucets,Laguna,CHR,5500,INR,NRP: 4750,LAG-CHR-91423C.jpeg
LAG-CHR-91423K,Exposed Part Kit Of Two Concealed Stop C,Faucets,Laguna,CHR,11600,INR,NRP: 9950,LAG-CHR-91423K.jpeg
LAG-CHR-91681NK,Aquamax Exposed Part Kit Of Thermostatic,Faucets,Laguna,CHR,8650,INR,NRP: 7420,LAG-CHR-91681NK.jpeg
LAG-CHR-91661K,Aquamax Exposed Part Kit Of Thermostatic,Faucets,LAG,CHR,7200,INR,NRP: 6200,
LAG-CHR-91661NK,Aquamax Exposed Part Kit Of Thermostatic,Faucets,Laguna,CHR,8650,INR,NRP: 7420,LAG-CHR-91661NK.jpeg
LAG-CHR-91683K,Aquamax Exposed Part Kit Of Thermostatic,Faucets,LAG,CHR,7200,INR,NRP: 6200,
LAG-CHR-91681K,Aquamax Exposed Part Kit Of Thermostatic,Faucets,LAG,CHR,7200,INR,NRP: 6200,
LAG-CHR-91783NK,Aquamax Exposed Part Kit Of Single Lever,Faucets,Laguna,CHR,5550,INR,NRP: 4760,LAG-CHR-91783NK.jpeg
LAG-CHR-91785NK,Aquamax Exposed Part Kit Of Single Lever,Faucets,LAG,CHR,5550,INR,NRP: 4760,
LAG-CHR-91809,Deck Mounted Stop Valve,Faucets,LAG,CHR,3800,INR,NRP: 3300,
LAG-CHR-91809L,Deck Mounted Stop Valve Hot Only,Faucets,LAG,CHR,3900,INR,NRP: 3420,
LAG-CHR-91685NK,Aquamax Exposed Part Kit Of Thermostatic,Faucets,LAG,CHR,8650,INR,NRP: 7420,
LAG-CHR-91683NK,Aquamax Exposed Part Kit Of Thermostatic,Faucets,Laguna,CHR,8650,INR,NRP: 7420,LAG-CHR-91683NK.jpeg
LAG-CHR-91809R,Deck Mounted Stop Valve Cold Only,Faucets,LAG,CHR,3900,INR,NRP: 3420,
LAG-CHR-91783K,Aquamax Exposed Part Kit Of Single Lever,Faucets,LAG,CHR,4650,INR,NRP: 3960,
LAG-CHR-91287LSP,"5-hole Bath & Shower Mixer, Deck Mounted",Faucets,LAG,CHR,43500,INR,NRP: 37400,
LAG-CHR-91233NK,Exposed Part Kit Of Single Lever Basin M,Faucets,Laguna,CHR,7400,INR,NRP: 6350,LAG-CHR-91233NK.jpeg
LAG-CHR-91233NKSSP,Exposed Part Kit Of Single Lever Basin M,Faucets,LAG,CHR,7050,INR,NRP: 6050,
LAG-CHR-91235NK,Exposed Part Kit Of Left Hand Side Opera,Faucets,Laguna,CHR,7400,INR,NRP: 6350,LAG-CHR-91235NK.jpeg
LAG-CHR-91287,5-hole Bath Tub Mixer With Hot & Cold Co,Faucets,Laguna,CHR,37700,INR,NRP: 32400,LAG-CHR-91287.jpeg
LAG-CHR-91231NKSSP,Exposed Parts Kit Of Single Lever Basin,Faucets,LAG,CHR,6350,INR,NRP: 5450,
LAG-CHR-91191CSL,"3-hole Basin Mixer With Casted Spout, Le",Faucets,LAG,CHR,20800,INR,NRP: 18600,
LAG-CHR-91193NK,Single Lever 3-inlet Diverter Exposed Pa,Faucets,Laguna,CHR,6150,INR,NRP: 5300,LAG-CHR-91193NK.jpeg
LAG-CHR-91213B,Single Lever 1-hole Bidet Mixer With Pop,Faucets,Laguna,CHR,12000,INR,NRP: 11150,LAG-CHR-91213B.jpeg
LAG-CHR-91213B10WF,Single Lever Bidet Mixer With Popup Wast,Faucets,LAG,CHR,12125,INR,NRP: 12125,
LAG-CHR-91005B10WF,Single Lever High Neck Basin Mixer Witho,Faucets,LAG,CHR,15425,INR,NRP: 15425,
LAG-CHR-91011B10CLWWF,Single Lever Basin Mixer Without Popup W,Faucets,LAG,CHR,11050,INR,NRP: 11050,
LAG-CHR-91011B10WF,Single Lever Basin Mixer Without Popup W,Faucets,LAG,CHR,11125,INR,NRP: 11125,
LAG-CHR-91011BCLWWF,Single Lever Basin Mixer Without Popup W,Faucets,LAG,CHR,12325,INR,NRP: 12325,
LAG-CHR-91005B,Single Lever Tall Boy Without Popup Wast,Faucets,Laguna,CHR,15300,INR,NRP: 13200,LAG-CHR-91005B.jpeg
LAG-CHR-91005BWF,Single Lever Tall Boy Without Popup Wast,Faucets,Laguna,CHR,15425,INR,NRP: 13300,LAG-CHR-91005BWF.jpeg
LAG-CHR-91011B,Single Lever Basin Mixer Without Popup W,Faucets,Laguna,CHR,11000,INR,NRP: 9500,LAG-CHR-91011B.jpeg
LAG-CHR-91011BWF,Single Lever Basin Mixer Without Popup W,Faucets,Laguna,CHR,11125,INR,NRP: 9600,LAG-CHR-91011BWF.jpeg
LAG-CHR-91023BWF,Single Lever Extended Basin Mixer (heigh,Faucets,Laguna,CHR,13325,INR,NRP: 11450,LAG-CHR-91023BWF.jpeg
LAG-CHR-91023B,Single Lever Extended Basin Mixer (heigh,Faucets,Laguna,CHR,13200,INR,NRP: 11350,LAG-CHR-91023B.jpeg
LAG-CHR-91071B,Single Lever Tall Boy With Popup Waste S,Faucets,LAG,CHR,16300,INR,NRP: 14850,
LAG-CHR-91071BWF,Single Lever High Neck Basin Mixer With,Faucets,LAG,CHR,16425,INR,NRP: 14950,
LAG-CHR-91189CSR,"3-hole Basin Mixer With Casted Spout, Ro",Faucets,Laguna,CHR,19800,INR,NRP: 17000,LAG-CHR-91189CSR.jpeg
LAG-CHR-91189CSL,"3-hole Basin Mixer With Casted Spout, Le",Faucets,Laguna,CHR,19800,INR,NRP: 17000,LAG-CHR-91189CSL.jpeg
LAG-CHR-91189PSL,"3-hole Basin Mixer With Pipe Spout, Leve",Faucets,Laguna,CHR,20300,INR,NRP: 17500,LAG-CHR-91189PSL.jpeg
LAG-CHR-91189PSR,"3-hole Basin Mixer With Pipe Spout, Roun",Faucets,Laguna,CHR,22200,INR,NRP: 19100,LAG-CHR-91189PSR.jpeg
LAG-CHR-91191CSR,"3-hole Basin Mixer With Casted Spout, Ro",Faucets,LAG,CHR,20800,INR,NRP: 18550,
LAG-CHR-91213BWF,Single Lever 1-hole Bidet Mixer With Pop,Faucets,Laguna,CHR,12125,INR,NRP: 11250,LAG-CHR-91213BWF.jpeg
LAG-CHR-91227K,Single Lever Exposed Parts Kit Of Deusch,Faucets,Laguna,CHR,4050,INR,NRP: 3500,LAG-CHR-91227K.jpeg
LAG-CHR-91231NK,Exposed Parts Kit Of Single Lever Basin,Faucets,Laguna,CHR,6750,INR,NRP: 5800,LAG-CHR-91231NK.jpeg
LAG-CHR-91052B,Single Lever Extended Basin Mixer (heigh,Faucets,LAG,CHR,14200,INR,NRP: 12700,
LAG-CHR-91052B10WF,Single Lever Extended Basin Mixer (heigh,Faucets,LAG,CHR,12025,INR,NRP: 12025,
LAG-CHR-91051B10WF,Single Lever Basin Mixer With Popup Wast,Faucets,LAG,CHR,10675,INR,NRP: 10675,
LAG-CHR-91051BWF,Single Lever Basin Mixer With Popup Wast,Faucets,LAG,CHR,12125,INR,NRP: 11250,
LAG-CHR-91027,Floor Mounted Single Lever Basin Mixer,Faucets,Laguna,CHR,60900,INR,NRP: 52400,LAG-CHR-91027.jpeg
LAG-CHR-91051B,Single Lever Basin Mixer With Popup Wast,Faucets,LAG,CHR,12000,INR,NRP: 11150,
LAG-CHR-91145,Single Lever Exposed Shower Mixer With P,Faucets,LAG,CHR,13500,INR,NRP: 11600,
LAG-CHR-91147,Single Lever Exposed Shower Mixer With P,Faucets,LAG,CHR,13400,INR,NRP: 11550,
LAG-CHR-91149,Single Lever Exposed Shower Mixer For Co,Faucets,LAG,CHR,13400,INR,NRP: 11500,
LAG-CHR-91052BWF,Single Lever Extended Basin Mixer (heigh,Faucets,LAG,CHR,14325,INR,NRP: 12800,
LAG-CHR-91065MK,Single Lever Exposed Parts Kit Of Divert,Faucets,Laguna,CHR,4250,INR,NRP: 3650,LAG-CHR-91065MK.jpeg
LAG-CHR-91121K,Exposed Parts Of Floor Mounted Single Le,Faucets,Laguna,CHR,69500,INR,NRP: 59730,LAG-CHR-91121K.jpeg
LAG-CHR-91079NK,Single Lever Exposed Parts Kit Of Hi-flo,Faucets,Laguna,CHR,4700,INR,NRP: 4050,LAG-CHR-91079NK.jpeg
LAG-CHR-91095CSR,Bathtub Filler With Casted Spout & Round,Faucets,LAG,CHR,20100,INR,NRP: 17250,
LAG-CHR-91119,Single Lever Wall Mixer With Provision O,Faucets,LAG,CHR,16200,INR,NRP: 13900,
LAG-CHR-91023B10WF,Single Lever Extended Basin Mixer (heigh,Faucets,LAG,CHR,13325,INR,NRP: 13325,
LAG-CHR-91023BCLWWF,Semi Extended Mono Basin Mixer With Clic,Faucets,LAG,CHR,14525,INR,NRP: 14525,
LYR-CHR-38783NK,Aquamax Exposed Part Kit Of Single Lever,Faucets,Lyric,CHR,4100,INR,NRP: 3540,LYR-CHR-38783NK.jpeg
LYR-CHR-38121K,Exposed Parts Of Floor Mounted Single Le,Faucets,Lyric,CHR,49800,INR,NRP: 43290,LYR-CHR-38121K.jpeg
LYR-CHR-38783K,Aquamax Exposed Part Kit Of Single Lever,Faucets,LYR,CHR,3000,INR,NRP: 2600,
LYR-CHR-38079NK,Single Lever Exposed Parts Kit Of Hi-flo,Faucets,Lyric,CHR,2525,INR,NRP: 2200,LYR-CHR-38079NK.jpeg
LYR-CHR-38083,Concealed Stop Cock Regular Body  Adjust,Faucets,LYR,CHR,1425,INR,NRP: 1260,
LYR-CHR-38083K,Exposed Part Kit Of Concealed Stop Cock,Faucets,Lyric,CHR,725,INR,NRP: 640,LYR-CHR-38083K.jpeg
LYR-CHR-38083L,In-wall Stop Valve Hot Only With Adjusta,Faucets,LYR,CHR,1425,INR,NRP: 1425,
LYR-CHR-38083R,In-wall Stop Valve Cold Only With Adjust,Faucets,LYR,CHR,1425,INR,NRP: 1425,
LYR-CHR-38089L,In-wall Stop Valve Hot Only With Adjusta,Faucets,LYR,CHR,1500,INR,NRP: 1500,
LYR-CHR-38089R,In-wall Stop Valve Cold Only With Adjust,Faucets,LYR,CHR,1500,INR,NRP: 1500,
LYR-CHR-38119,Single Lever Wall Mixer With Provision O,Faucets,Lyric,CHR,6750,INR,NRP: 5950,LYR-CHR-38119.jpeg
LYR-CHR-38193K,Exposed Parts Of Single Lever 3 Inlet,Faucets,LYR,CHR,2725,INR,NRP: 2350,
LYR-CHR-38193NK,Single Lever 3-inlet Diverter Exposed Pa,Faucets,Lyric,CHR,3450,INR,NRP: 2950,LYR-CHR-38193NK.jpeg
LYR-CHR-38213B,Single Lever Bidet Mixer With Popup Wast,Faucets,LYR,CHR,4450,INR,NRP: 4450,
LYR-CHR-38227,Single Lever Concealed Deusch Mixer With,Faucets,LYR,CHR,2800,INR,NRP: 2350,
LYR-CHR-38227K,Single Lever Exposed Parts Kit Of Deusch,Faucets,Lyric,CHR,1500,INR,NRP: 1300,LYR-CHR-38227K.jpeg
LYR-CHR-38233NK,Exposed Part Kit Of Single Lever Basin M,Faucets,Lyric,CHR,4550,INR,NRP: 3930,LYR-CHR-38233NK.jpeg
LYR-CHR-38309,Sink Mixer With Regular Swinging Spout (,Faucets,Lyric,CHR,6250,INR,NRP: 5550,LYR-CHR-38309.jpeg
LYR-CHR-38347,Sink Cock With Regular Swinging Spout (w,Faucets,LYR,CHR,1550,INR,NRP: 1425,
LYR-CHR-38347S,Sink Cock With Regular Swinging Spout (w,Faucets,Lyric,CHR,2375,INR,NRP: 2110,LYR-CHR-38347S.jpeg
LYR-CHR-38145,Single Lever Exposed Shower Mixer With P,Faucets,Lyric,CHR,6500,INR,NRP: 5700,LYR-CHR-38145.jpeg
LYR-CHR-38147,Single Lever Exposed Shower Mixer With P,Faucets,Lyric,CHR,5450,INR,NRP: 4730,LYR-CHR-38147.jpeg
LYR-CHR-38149,Single Lever Exposed Shower Mixer For Co,Faucets,Lyric,CHR,4950,INR,NRP: 4300,LYR-CHR-38149.jpeg
LYR-CHR-38165,Single Lever Sink Mixer With Swinging Sp,Faucets,Lyric,CHR,6050,INR,NRP: 5400,LYR-CHR-38165.jpeg
LYR-CHR-38173B,Single Lever Sink Mixer With Swinging Sp,Faucets,Lyric,CHR,5050,INR,NRP: 4450,LYR-CHR-38173B.jpeg
LYR-CHR-38065MK,Single Lever Exposed Parts Kit Of Divert,Faucets,Lyric,CHR,2500,INR,NRP: 2160,LYR-CHR-38065MK.jpeg
LYR-CHR-38421,4-way Divertor For Concealed Fitting Wit,Faucets,Lyric,CHR,4550,INR,NRP: 4050,LYR-CHR-38421.jpeg
LYR-CHR-38433,Two Concealed Stop Cocks With Basin Spou,Faucets,Lyric,CHR,6800,INR,NRP: 6050,LYR-CHR-38433.jpeg
LYR-CHR-38441K,Exposed Part Kit Of Single Concealed Sto,Faucets,Lyric,CHR,2800,INR,NRP: 2500,LYR-CHR-38441K.jpeg
LYR-CHR-38001B,S/l Basin Mixer W/o Popup Waste With 450,Faucets,Lyric,CHR,5450,INR,NRP: 4800,LYR-CHR-38001B.jpeg
LYR-CHR-38001BGAL600,Single Lever Basin Mixer Without Popup W,Faucets,LYR,CHR,5640,INR,NRP: 4990,
LYR-CHR-38001BL600,Single Lever Basin Mixer Without Popup W,Faucets,LYR,CHR,5500,INR,NRP: 4850,
LYR-CHR-38005B,S/L TALL BOY WITH 150mm EXTENSION BODY &,Faucets,Lyric,CHR,7050,INR,NRP: 6200,LYR-CHR-38005B.jpeg
LYR-CHR-38011,Pillar Cock,Faucets,Lyric,CHR,3250,INR,NRP: 2890,LYR-CHR-38011.jpeg
LYR-CHR-38021,PILLAR COCK WITH 140mm EXTENSION BODY,Faucets,Lyric,CHR,5050,INR,NRP: 4510,LYR-CHR-38021.jpeg
LYR-CHR-38037,Bib Cock With Wall Flange,Faucets,Lyric,CHR,2525,INR,NRP: 2240,LYR-CHR-38037.jpeg
LYR-CHR-38041,Two Way Bib Cock With Wall Flange,Faucets,Lyric,CHR,2600,INR,NRP: 2320,LYR-CHR-38041.jpeg
LYR-CHR-38051B,S/l Basin Mixer With Popup Waste With 45,Faucets,Lyric,CHR,6450,INR,NRP: 5650,LYR-CHR-38051B.jpeg
LYR-CHR-38053,Angular Stop Cock With Wall Flange,Faucets,Lyric,CHR,1400,INR,NRP: 1240,LYR-CHR-38053.jpeg
OPP-CHR-15037PM,Bib Cock With Wall Flange,Faucets,Opal Prime,CHR,2700,INR,NRP: 2400,OPP-CHR-15037PM.jpeg
OPP-CHR-15021PM,PILLAR COCK WITH 200mm EXTENSION BODY,Faucets,Opal Prime,CHR,3950,INR,NRP: 3500,OPP-CHR-15021PM.jpeg
OPP-CHR-15021PMTL100,Pillar Cock With 200mm Extension Body An,Faucets,OPP,CHR,4250,INR,NRP: 3800,
OPP-CHR-15021PMTL80,Pillar Cock With 200mm Extension Body An,Faucets,OPP,CHR,4150,INR,NRP: 3700,
OPP-CHR-15005BPML190,Single Lever High Neck Basin Mixer With,Faucets,OPP,CHR,9750,INR,NRP: 8500,
OPP-CHR-15005BPML370,Single Lever Tall Boy With 370mm Extensi,Faucets,OPP,CHR,11500,INR,NRP: 10000,
OPP-CHR-15011BPMTA,Single Lever Basin Mixer Without Popup W,Faucets,OPP,CHR,5690,INR,NRP: 5040,
OPP-CHR-15013PM,Exposed Shower Valve Cold,Faucets,OPP,CHR,2475,INR,NRP: 2200,
OPP-CHR-15015PM,Lift Type Operating Knob Basin Tap 1/2 I,Faucets,OPP,CHR,3700,INR,NRP: 3300,
OPP-CHR-15011BPMGAL600,Single Lever Basin Mixer Without Popup W,Faucets,OPP,CHR,5740,INR,NRP: 5090,
OPP-CHR-15011BPML200,Single Lever Basin Mixer Without Popup W,Faucets,OPP,CHR,4650,INR,NRP: 4650,
OPP-CHR-15011BPML600,Single Lever Basin Mixer Without Popup W,Faucets,OPP,CHR,5600,INR,NRP: 4950,
OPP-CHR-15011BPM,Single Lever Basin Mixer Without Popup W,Faucets,Opal Prime,CHR,5550,INR,NRP: 4900,OPP-CHR-15011BPM.jpeg
OPP-CHR-15001PM,Pillar Cock,Faucets,Opal Prime,CHR,2800,INR,NRP: 2500,OPP-CHR-15001PM.jpeg
OPP-CHR-15001PMPL120,Basin Tap With Projected Length 120 Mm,Faucets,OPP,CHR,3050,INR,NRP: 2700,
OPP-CHR-15005BPM,SINGLE LEVER TALL BOY WITH 150mm EXTENSI,Faucets,Opal Prime,CHR,7650,INR,NRP: 6670,OPP-CHR-15005BPM.jpeg
OPP-CHR-15213BPM,Single Lever 1-hole Bidet Mixer With Pop,Faucets,Opal Prime,CHR,6550,INR,NRP: 6230,OPP-CHR-15213BPM.jpeg
OPP-CHR-15179BPM,Side Single Lever Sink Mixer With Swingi,Faucets,OPP,CHR,7000,INR,NRP: 6090,
OPP-CHR-15193KPM,Single Lever 3-inlet Divertor Exposed Pa,Faucets,OPP,CHR,2200,INR,NRP: 1900,
OPP-CHR-15193NKPM,Single Lever 3-inlet Diverter Exposed Pa,Faucets,Opal Prime,CHR,3000,INR,NRP: 2570,OPP-CHR-15193NKPM.jpeg
OPP-CHR-15173BPM,Single Lever Sink Mixer With Swinging Sp,Faucets,Opal Prime,CHR,5650,INR,NRP: 4970,OPP-CHR-15173BPM.jpeg
OPP-CHR-15145PM,Single Lever Exposed Shower Mixer With P,Faucets,OPP,CHR,7000,INR,NRP: 6140,
OPP-CHR-15149PM,Single Lever Exposed Shower Mixer For Co,Faucets,Opal Prime,CHR,6050,INR,NRP: 5200,OPP-CHR-15149PM.jpeg
OPP-CHR-15119PM,Single Lever Wall Mixer With Provision O,Faucets,Opal Prime,CHR,10700,INR,NRP: 9530,OPP-CHR-15119PM.jpeg
OPP-CHR-15121KPM,Exposed Parts Of Floor Mounted Single Le,Faucets,Opal Prime,CHR,44900,INR,NRP: 39020,OPP-CHR-15121KPM.jpeg
OPP-CHR-15125PM,Single Lever Wall Mixer 3-IN-1 System Wi,Faucets,Opal Prime,CHR,12600,INR,NRP: 11200,OPP-CHR-15125PM.jpeg
OPP-CHR-15227KPM,Single Lever Exposed Parts Kit Of Deusch,Faucets,Opal Prime,CHR,1875,INR,NRP: 1610,OPP-CHR-15227KPM.jpeg
OPP-CHR-15275PM,Bath & Shower Mixer H-type,Faucets,OPP,CHR,5000,INR,NRP: 5000,
OPP-CHR-15223PM,2 Hole H Type Bath Filler,Faucets,OPP,CHR,4600,INR,NRP: 4600,
OPP-CHR-15229PM,Single Lever Concealed Deusch Mixer With,Faucets,OPP,CHR,2950,INR,NRP: 2660,
OPP-CHR-15227PM,Single Lever Concealed Deusch Mixer With,Faucets,OPP,CHR,2950,INR,NRP: 2660,
OPP-CHR-15231NKPM,Exposed Parts Kit Of Single Lever Basin,Faucets,OPP,CHR,4300,INR,NRP: 3700,
OPP-CHR-15233NKPM,Exposed Part Kit Of Single Lever Basin M,Faucets,Opal Prime,CHR,4900,INR,NRP: 4200,OPP-CHR-15233NKPM.jpeg
OPP-CHR-15089PMR,In-wall Stop Valve Cold Only With Adjust,Faucets,OPP,CHR,1500,INR,NRP: 1500,
OPP-CHR-15117PM,Single Lever Wall Mixer With Provision F,Faucets,Opal Prime,CHR,11900,INR,NRP: 10590,OPP-CHR-15117PM.jpeg
OPP-CHR-15121KPMSH835AL,Exposed Parts Of Floor Mounted Single Le,Faucets,OPP,CHR,47200,INR,NRP: 41070,
OPP-CHR-15115PM,Single Lever Wall Mixer With Provision F,Faucets,Opal Prime,CHR,10800,INR,NRP: 9650,OPP-CHR-15115PM.jpeg
OPP-CHR-15083KPM,Exposed Part Kit Of Concealed Stop Cock,Faucets,Opal Prime,CHR,800,INR,NRP: 710,OPP-CHR-15083KPM.jpeg
OPP-CHR-15083PML,In-wall Stop Valve Hot Only With Adjusta,Faucets,OPP,CHR,1425,INR,NRP: 1425,
OPP-CHR-15083PMR,In-wall Stop Valve Cold Only With Adjust,Faucets,OPP,CHR,1425,INR,NRP: 1425,
OPP-CHR-15089PML,In-wall Stop Valve Hot Only With Adjusta,Faucets,OPP,CHR,1500,INR,NRP: 1500,
OPP-CHR-15071BPM,Single Lever Tall Boy With 150mm Extensi,Faucets,OPP,CHR,8650,INR,NRP: 7890,
OPP-CHR-15079NKPM,Single Lever Exposed Parts Kit Of Hi-flo,Faucets,Opal Prime,CHR,2600,INR,NRP: 2240,OPP-CHR-15079NKPM.jpeg
OPP-CHR-15041PM,2 Way Bib Cock With Wall Flange,Faucets,Opal Prime,CHR,2900,INR,NRP: 2580,OPP-CHR-15041PM.jpeg
OPP-CHR-15051BPM,Single Lever Basin Mixer With Popup Wast,Faucets,Opal Prime,CHR,6550,INR,NRP: 6230,OPP-CHR-15051BPM.jpeg
OPP-CHR-15051BPMGDL450,Single Lever Basin Mixer With Popup Wast,Faucets,OPP,CHR,6690,INR,NRP: 6370,
OPP-CHR-15053PM,Angular Stop Cock With Wall Flange,Faucets,Opal Prime,CHR,1475,INR,NRP: 1290,OPP-CHR-15053PM.jpeg
OPP-CHR-15065KPM,Single Lever Exposed Parts Kit Of Divert,Faucets,OPP,CHR,1575,INR,NRP: 1350,
OPP-CHR-15065MKPM,Single Lever Exposed Parts Kit Of Divert,Faucets,Opal Prime,CHR,2725,INR,NRP: 2320,OPP-CHR-15065MKPM.jpeg
OPP-CHR-15685NKPM,Aquamax Exposed Part Kit Of Thermostatic,Faucets,OPP,CHR,5800,INR,NRP: 5100,
OPP-CHR-15615PM,Exposed Thermostatic Bath & Shower Mixer,Thermostatic Mixers,Thermostatic Mixers,CHR,17000,INR,NRP: 14970,OPP-CHR-15615PM.jpeg
OPP-CHR-15433PM,Two Concealed Stop Cocks With Basin Spou,Faucets,Opal Prime,CHR,6850,INR,NRP: 6100,OPP-CHR-15433PM.jpeg
OPP-CHR-15653PM,Multifunction Thermostatic Shower Mixer,Thermostatic Mixers,Thermostatic Mixers,CHR,12800,INR,NRP: 11360,OPP-CHR-15653PM.jpeg
OPP-CHR-15661KPM,Aquamax Exposed Part Kit Of Thermostatic,Faucets,OPP,CHR,4250,INR,NRP: 3750,
OPP-CHR-15661NKPM,Aquamax Exposed Part Kit Of Thermostatic,Faucets,Opal Prime,CHR,5800,INR,NRP: 5100,OPP-CHR-15661NKPM.jpeg
OPP-CHR-15657PM,Exposed Bath Shower Mixer (wall Mounted),Thermostatic Mixers,Thermostatic Mixers,CHR,15300,INR,NRP: 13460,OPP-CHR-15657PM.jpeg
OPP-CHR-15615PMWBP,Exposed Thermostatic Bath & Shower Mixer,Thermostatic Mixers,Thermostatic Mixers,CHR,17800,INR,NRP: 15670,OPP-CHR-15615PMWBP.jpeg
OPP-CHR-15655PM,Exposed Shower Mixer (wall Mounted) With,Thermostatic Mixers,Thermostatic Mixers,CHR,13100,INR,NRP: 11670,OPP-CHR-15655PM.jpeg
OPP-CHR-15441KPM,Exposed Part Kit Of Single Concealed Sto,Faucets,Opal Prime,CHR,2800,INR,NRP: 2500,OPP-CHR-15441KPM.jpeg
OPP-CHR-15663PM,Exposed Thermostatic Bath & Shower Mixer,Thermostatic Mixers,Thermostatic Mixers,CHR,17600,INR,NRP: 15470,OPP-CHR-15663PM.jpeg
OPP-CHR-15683KPM,Aquamax Exposed Part Kit Of Thermostatic,Faucets,OPP,CHR,4250,INR,NRP: 3750,
OPP-CHR-15683NKPM,Aquamax Exposed Part Kit Of Thermostatic,Faucets,Opal Prime,CHR,5800,INR,NRP: 5100,OPP-CHR-15683NKPM.jpeg
OPP-CHR-15347PM,Sink Cock With Regular Swinging Spout (w,Faucets,OPP,CHR,2650,INR,NRP: 2350,
OPP-CHR-15681KPM,Aquamax Exposed Part Kit Of Thermostatic,Faucets,OPP,CHR,4250,INR,NRP: 3750,
OPP-CHR-15681NKPM,Aquamax Exposed Part Kit Of Thermostatic,Faucets,Opal Prime,CHR,5800,INR,NRP: 5100,OPP-CHR-15681NKPM.jpeg
OPP-CHR-15663PMWBP,Exposed Thermostatic Bath & Shower Mixer,Thermostatic Mixers,Thermostatic Mixers,CHR,18400,INR,NRP: 16170,OPP-CHR-15663PMWBP.jpeg
OPP-CHR-15783KPM,Aquamax Exposed Part Kit Of Single Lever,Faucets,OPP,CHR,3150,INR,NRP: 2720,
OPP-CHR-15783NKPM,Aquamax Exposed Part Kit Of Single Lever,Faucets,Opal Prime,CHR,4500,INR,NRP: 3880,OPP-CHR-15783NKPM.jpeg
OPP-CHR-15783NKPM2OL,Aquamax Exposed Part Kit Of Single Lever,Faucets,OPP,CHR,4400,INR,NRP: 3800,
OPP-CHR-15785NKPM,Aquamax Exposed Part Kit Of Single Lever,Faucets,OPP,CHR,4500,INR,NRP: 3880,
ORM-CHR-10053,Angular Stop Cock Wth W/flange,Faucets,ORM,CHR,1600,INR,NRP: 1375,
ORM-CHR-10041,2 Way Bib Cock With Wall Flange,Faucets,ORM,CHR,2925,INR,NRP: 2610,
ORP-CHR-10037PM,Bib Cock With Wall Flange,Faucets,Ornamix Prime,CHR,2700,INR,NRP: 2400,ORP-CHR-10037PM.jpeg
ORP-CHR-10041PM,2 Way Bib Cock With Wall Flange,Faucets,Ornamix Prime,CHR,2900,INR,NRP: 2580,ORP-CHR-10041PM.jpeg
ORP-CHR-10021PM,PILLAR COCK WITH 200mm EXTENSION BODY,Faucets,Ornamix Prime,CHR,3950,INR,NRP: 3500,ORP-CHR-10021PM.jpeg
ORP-CHR-10053PM,Angular Stop Cock With Wall Flange,Faucets,Ornamix Prime,CHR,1475,INR,NRP: 1290,ORP-CHR-10053PM.jpeg
ORP-CHR-10051BPM,Single Lever Basin Mixer With Popup Wast,Faucets,Ornamix Prime,CHR,6550,INR,NRP: 6230,ORP-CHR-10051BPM.jpeg
ORP-CHR-10001PM,Pillar Cock,Faucets,Ornamix Prime,CHR,2800,INR,NRP: 2500,ORP-CHR-10001PM.jpeg
ORP-CHR-10005BPM,SINGLE LEVER TALL BOY WITH 150mm EXTENSI,Faucets,Ornamix Prime,CHR,7650,INR,NRP: 6670,ORP-CHR-10005BPM.jpeg
ORP-CHR-10011BPML600,Single Lever Basin Mixer Without Popup W,Faucets,ORP,CHR,5600,INR,NRP: 4950,
ORP-CHR-10011BPM,Single Lever Basin Mixer Without Popup W,Faucets,Ornamix Prime,CHR,5550,INR,NRP: 4900,ORP-CHR-10011BPM.jpeg
ORP-CHR-10223PM,2 Hole H Type Bath Filler,Faucets,ORP,CHR,4600,INR,NRP: 4600,
ORP-CHR-10227KPM,Single Lever Exposed Parts Kit Of Deusch,Faucets,Ornamix Prime,CHR,1875,INR,NRP: 1610,ORP-CHR-10227KPM.jpeg
ORP-CHR-10227PM,Single Lever Concealed Deusch Mixer With,Faucets,ORP,CHR,2950,INR,NRP: 2660,
ORP-CHR-10433PM,Two Concealed Stop Cocks With Basin Spou,Faucets,Ornamix Prime,CHR,6850,INR,NRP: 6100,ORP-CHR-10433PM.jpeg
ORP-CHR-10681KPM,Aquamax Exposed Part Kit Of Thermostatic,Faucets,ORP,CHR,3700,INR,NRP: 3270,
ORP-CHR-10681NKPM,Aquamax Exposed Part Kit Of Thermostatic,Faucets,Ornamix Prime,CHR,5800,INR,NRP: 5100,ORP-CHR-10681NKPM.jpeg
ORP-CHR-10683KPM,Aquamax Exposed Part Kit Of Thermostatic,Faucets,ORP,CHR,3700,INR,NRP: 3270,
ORP-CHR-10683NKPM,Aquamax Exposed Part Kit Of Thermostatic,Faucets,Ornamix Prime,CHR,5800,INR,NRP: 5100,ORP-CHR-10683NKPM.jpeg
ORP-CHR-10441KPM,Exposed Part Kit Of Single Concealed Sto,Faucets,Ornamix Prime,CHR,2800,INR,NRP: 2500,ORP-CHR-10441KPM.jpeg
ORP-CHR-10441PM,Single Concealed Stop Cock With Basin Sp,Faucets,ORP,CHR,2825,INR,NRP: 2560,
ORP-CHR-10661KPM,Aquamax Exposed Part Kit Of Thermostatic,Faucets,ORP,CHR,3700,INR,NRP: 3270,
ORP-CHR-10661NKPM,Aquamax Exposed Part Kit Of Thermostatic,Faucets,Ornamix Prime,CHR,5800,INR,NRP: 5100,ORP-CHR-10661NKPM.jpeg
ORP-CHR-10275PM,Bath & Shower Mixer H-type,Faucets,ORP,CHR,5000,INR,NRP: 5000,
ORP-CHR-10229PM,Single Lever Concealed Deusch Mixer With,Faucets,ORP,CHR,2950,INR,NRP: 2660,
ORP-CHR-10233NKPM,Exposed Part Kit Of Single Lever Basin M,Faucets,Ornamix Prime,CHR,4900,INR,NRP: 4200,ORP-CHR-10233NKPM.jpeg
ORP-CHR-10685NKPM,Aquamax Exposed Part Kit Of Thermostatic,Faucets,ORP,CHR,5800,INR,NRP: 5100,
ORP-CHR-10785NKPM,Aquamax Exposed Part Kit Of Single Lever,Faucets,ORP,CHR,4500,INR,NRP: 3880,
ORP-CHR-10783KPM,Aquamax Exposed Part Kit Of Single Lever,Faucets,ORP,CHR,2700,INR,NRP: 2350,
ORP-CHR-10783NKPM,Aquamax Exposed Part Kit Of Single Lever,Faucets,Ornamix Prime,CHR,4500,INR,NRP: 3880,ORP-CHR-10783NKPM.jpeg
ORP-CHR-10065MKPM,Single Lever Exposed Parts Kit Of Divert,Faucets,Ornamix Prime,CHR,2725,INR,NRP: 2320,ORP-CHR-10065MKPM.jpeg
ORP-CHR-10083KPM,Exposed Part Kit Of Concealed Stop Cock,Faucets,Ornamix Prime,CHR,800,INR,NRP: 710,ORP-CHR-10083KPM.jpeg
ORP-CHR-10089PMR,In-wall Stop Valve Cold Only With Adjust,Faucets,ORP,CHR,1500,INR,NRP: 1500,
ORP-CHR-10115PM,Single Lever Wall Mixer With Provision F,Faucets,Ornamix Prime,CHR,10800,INR,NRP: 9650,ORP-CHR-10115PM.jpeg
ORP-CHR-10117PM,Single Lever Wall Mixer With Provision F,Faucets,Ornamix Prime,CHR,11900,INR,NRP: 10590,ORP-CHR-10117PM.jpeg
ORP-CHR-10079NKPM,Single Lever Exposed Parts Kit Of Hi-flo,Faucets,Ornamix Prime,CHR,2600,INR,NRP: 2240,ORP-CHR-10079NKPM.jpeg
ORP-CHR-10119PM,Single Lever Wall Mixer With Provision O,Faucets,Ornamix Prime,CHR,10700,INR,NRP: 9530,ORP-CHR-10119PM.jpeg
ORP-CHR-10089PML,In-wall Stop Valve Hot Only With Adjusta,Faucets,ORP,CHR,1500,INR,NRP: 1500,
ORP-CHR-10083PML,In-wall Stop Valve Hot Only With Adjusta,Faucets,ORP,CHR,1425,INR,NRP: 1425,
ORP-CHR-10083PMR,In-wall Stop Valve Cold Only With Adjust,Faucets,ORP,CHR,1425,INR,NRP: 1425,
ORP-CHR-10121KPM,Exposed Parts Of Floor Mounted Single Le,Faucets,Ornamix Prime,CHR,44900,INR,NRP: 39020,ORP-CHR-10121KPM.jpeg
ORP-CHR-10149PM,Single Lever Exposed Shower Mixer For Co,Faucets,Ornamix Prime,CHR,6050,INR,NRP: 5200,ORP-CHR-10149PM.jpeg
ORP-CHR-10173BPM,Single Lever Sink Mixer With Swinging Sp,Faucets,Ornamix Prime,CHR,5650,INR,NRP: 4970,ORP-CHR-10173BPM.jpeg
ORP-CHR-10213BPM,Single Lever 1 - Hole Bidet Mixer With P,Faucets,Ornamix Prime,CHR,6550,INR,NRP: 6230,ORP-CHR-10213BPM.jpeg
ORP-CHR-10193KPM,Single Lever 3-inlet Divertor Exposed Pa,Faucets,ORP,CHR,1825,INR,NRP: 1570,
ORP-CHR-10193NKPM,Single Lever 3-inlet Diverter Exposed Pa,Faucets,Ornamix Prime,CHR,3000,INR,NRP: 2570,ORP-CHR-10193NKPM.jpeg
ORP-CHR-10125PM,Single Lever Wall Mixer 3-IN-1 System Wi,Faucets,Ornamix Prime,CHR,12600,INR,NRP: 11200,ORP-CHR-10125PM.jpeg
OHS-CHR-1605,MAZE OVERHEAD SHOWER 150X150mm SQUARE,Shower,Rain Showers,CHR,4400,INR,NRP: 3770,OHS-CHR-1605.jpeg
OHS-CHR-35495,OVERHEAD SHOWER 150X150mm SQUARE SHAPE S,Shower,Rain Showers,CHR,3400,INR,NRP: 2940,OHS-CHR-35495.jpeg
OHS-CHR-35497,OVERHEAD SHOWER 200X200mm SQUARE SHAPE S,Shower,Rain Showers,CHR,4300,INR,NRP: 3710,OHS-CHR-35497.jpeg
OHS-CHR-459N,Vandal Proof 30 Degree Angular Flow Sing,Faucets,OHS,CHR,1300,INR,NRP: 1300,
OHS-CHR-497N,Overhead Shower 200mm Round Shape Single,Shower,Rain Showers,CHR,4050,INR,NRP: 3500,OHS-CHR-497N.jpeg
OHS-CHR-1603,MAZE OVERHEAD SHOWER Ø150mm ROUND SHAPE,Shower,Rain Showers,CHR,4000,INR,NRP: 3450,OHS-CHR-1603.jpeg
OHS-CHR-1613,MAZE OVERHEAD SHOWER Ø200mm ROUND SHAPE,Shower,Rain Showers,CHR,5950,INR,NRP: 5110,OHS-CHR-1603.jpeg
OHS-CHR-1619,MAZE OVERHEAD SHOWER Ø200X200mm SQUARE,Shower,Rain Showers,CHR,6200,INR,NRP: 5320,OHS-CHR-1605.jpeg
OHS-CHR-1623,MAZE  OVERHEAD SHOWER Ø240mm ROUND SHAPE,Shower,Rain Showers,CHR,7550,INR,NRP: 6490,OHS-CHR-1603.jpeg
OHS-CHR-1629,MAZE  OVERHEAD SHOWER Ø240X240mm SQUARE,Faucets,OHS,CHR,8100,INR,NRP: 6960,
OHS-CHR-1633,MAZE OVERHEAD SHOWER Ø300mm ROUND SHAPE,Shower,Rain Showers,CHR,10800,INR,NRP: 9330,OHS-CHR-1633.jpeg
OHS-CHR-1635,MAZE  OVERHEAD SHOWER Ø340X220mm OVAL,Shower,Rain Showers,CHR,10400,INR,NRP: 8970,OHS-CHR-1635.jpeg
OHS-CHR-1637,MAZE OVERHEAD SHOWER 190X295mm RECTANGUL,Faucets,OHS,CHR,8200,INR,NRP: 7050,
OHS-CHR-1639,MAZE  OVERHEAD SHOWER Ø300X300mm SQUARE,Shower,Rain Showers,CHR,11400,INR,NRP: 9820,OHS-CHR-1639.jpeg
OHS-CHR-85857,Alive- Maze Prime Single Function 450 X,Shower,Maze Prime,CHR,63100,INR,NRP: 55500,OHS-CHR-85857.jpeg
OHS-CHR-85859M,ALIVE MAZE OVERHEAD SHOWER 200X300mm ROU,Shower,Rain Showers,CHR,9650,INR,NRP: 8290,OHS-CHR-85859M.jpeg
OHS-CHR-1661,Overhead Shower 100mm Dia Round Shape Si,Shower,Rain Showers,CHR,1600,INR,NRP: 1430,OHS-CHR-1661.jpeg
OHS-CHR-1663,Overhead Shower 120mm Dia Round Shape Si,Shower,Rain Showers,CHR,1775,INR,NRP: 1570,OHS-CHR-1663.jpeg
OHS-CHR-1665,Overhead Shower 100X100mm Square Shape S,Shower,HydroLite Rain Showers,CHR,2000,INR,NRP: 1760,OHS-CHR-1665.jpeg
OHS-CHR-1675WL,Duoflo Shower Round Shape 450mm Aisi 304,Shower,Maze Prime,CHR,56000,INR,NRP: 49200,OHS-CHR-1675WL.jpeg
OHS-CHR-1667,Overhead Shower 120X120mm Square Shape S,Shower,HydroLite Rain Showers,CHR,2200,INR,NRP: 1940,OHS-CHR-1667.jpeg
OHS-CHR-1673,Maze Prime Round Shape Single Function 4,Shower,Maze Prime,CHR,64200,INR,NRP: 56500,OHS-CHR-1673.jpeg
OHS-CHR-1675,Duoflo Shower Round Shape 450mm Aisi 304,Shower,Maze Prime,CHR,87000,INR,NRP: 76600,OHS-CHR-1675.jpeg
OHS-CHR-1677,Duoflo Shower Round Shape 450mm Aisi 304,Shower,Maze Prime,CHR,87000,INR,NRP: 76600,OHS-CHR-1677.jpeg
OHS-CHR-1677WL,Duoflo Shower Round Shape 450mm Aisi 304,Shower,Maze Prime,CHR,56000,INR,NRP: 49200,OHS-CHR-1677WL.jpeg
OHS-CHR-1679,Maze Prime Square Shape Single Function,Shower,Maze Prime,CHR,64200,INR,NRP: 56500,OHS-CHR-1679.jpeg
OHS-CHR-1687WL,Duoflo Shower Square Shape 450 X 450mm A,Shower,Maze Prime,CHR,56000,INR,NRP: 49200,OHS-CHR-1687WL.jpeg
OHS-CHR-1689,Duoflo Shower Round Shape 250mm Aisi 304,Faucets,OHS,CHR,21700,INR,NRP: 19100,
OHS-CHR-1699,Duoflo Shower Square Shape  350 X 350mm,Faucets,OHS,CHR,42500,INR,NRP: 37400,
OHS-CHR-1649,WATER FALL OVERHEAD SHOWER 552X205X25mm,Shower,Rain Showers,CHR,49200,INR,NRP: 42320,OHS-CHR-1649.jpeg
OHS-CHR-1649C,Concealed Installation Kit For Water Fal,Faucets,OHS,CHR,12000,INR,NRP: 10300,
OHS-CHR-1779,Overhead Shower 120mm Round Shape Multi,Shower,Hand Showers,CHR,3600,INR,NRP: 3130,OHS-CHR-1779.jpeg
OHS-CHR-1799,Overhead Shower 120mm Round Shape Multi,Shower,Hand Showers,CHR,2850,INR,NRP: 2470,OHS-CHR-1799.jpeg
OHS-CHR-1787,Overhead Shower 100mm Cylindrical Shape,Shower,HydroLite Rain Showers,CHR,7350,INR,NRP: 6460,OHS-CHR-1787.jpeg
OHS-CHR-1789,OVERHEAD SHOWER 120mm DIA ROUND SHPAE SI,Shower,Rain Showers,CHR,2900,INR,NRP: 2530,OHS-CHR-1789.jpeg
OHS-CHR-1801,OVERHEAD SHOWER 150mm DIA ROUND SHAPE SI,Shower,Rain Showers,CHR,6250,INR,NRP: 5480,OHS-CHR-1801.jpeg
OHS-CHR-1835,OVERHEAD SHOWER 300X200mm OVAL SHAPE SIN,Faucets,OHS,CHR,7500,INR,NRP: 6690,
OHS-CHR-1843,VICTORIAN SHOWER HEAD ROUND 200mm ( BELL,Shower,Rain Showers,CHR,6800,INR,NRP: 6070,OHS-CHR-1843.jpeg
OHS-CHR-1989,O/HEAD SHW. SINGLEFLOW 100mm DIA(ABS CP),Shower,Rain Showers,CHR,1800,INR,NRP: 1590,OHS-CHR-1989.jpeg
OHS-CHR-1989VAN477,OVERHEAD SHOWER Ø100mm ROUND SHAPE SINGL,Faucets,OHS,CHR,1850,INR,NRP: 1700,
OHS-CHR-1989VAN477BSL,Single Function 100mm Dia Round Shape Ov,Faucets,OHS,CHR,1950,INR,NRP: 1950,
OHS-CHR-1999,Overhead Shower 100mm Round Shape Multi,Shower,HydroLite Rain Showers,CHR,2475,INR,NRP: 2150,OHS-CHR-1999.jpeg
OHS-CHR-1755,O/H SHR  180 mm ROUND SINGLE FLOW AIR,Faucets,OHS,CHR,5100,INR,NRP: 4480,
OHS-CHR-1757,OVERHEAD SHOWER 140mm DIA ROUND SHAPE SI,Faucets,OHS,CHR,4250,INR,NRP: 3750,
OHS-CHR-1759,OVERHEAD SHOWER 180mm DIA ROUND SHAPE SI,Shower,Rain Showers,CHR,3300,INR,NRP: 2920,OHS-CHR-1759.jpeg
OHS-CHR-1709,OVERHEAD SHOWER 105mm DIA ROUND SHAPE SI,Faucets,OHS,CHR,3300,INR,NRP: 2900,
OHS-CHR-1763,LED OVERHEAD SHOWER 180mm DIA CIRCULAR S,Shower,Rain Showers,CHR,16700,INR,NRP: 14850,OHS-CHR-1763.jpeg
OHS-CHR-1765,OVERHEAD SHOWER 250mm DIA ROUND SHAPE SI,Shower,Rain Showers,CHR,20200,INR,NRP: 17740,OHS-CHR-1765.jpeg
OHS-CHR-1769,Overhead Shower 140mm Round Shape Multi,Faucets,OHS,CHR,5850,INR,NRP: 5150,
OHS-CHR-1741,LED OVERHEAD SHOWER 234mm DIA ROUND SHAP,Shower,HydroLite Rain Showers,CHR,11800,INR,NRP: 10500,HSH-CHR-1653.jpeg
OHS-CHR-1743,LED OVERHEAD SHOWER 250X250mm SQUARE SHA,Shower,HydroLite Rain Showers,CHR,14000,INR,NRP: 12430,OHS-CHR-1743.jpeg
OHS-CHR-1745,Octane Slider Overhead Shower 300x 210mm,Shower,HydroLite Rain Showers,CHR,7150,INR,NRP: 6210,OHS-CHR-1745.jpeg
OHS-CHR-1745AL,Octane Slider Overhead Shower 300x 210mm,Faucets,OHS,CHR,7000,INR,NRP: 6100,
OHS-CHR-1719,Overhead Shower 105mm Round Shape Multi,Faucets,OHS,CHR,4900,INR,NRP: 4330,
OHS-CHR-1705,Medley Overhead Shower 120mm Round Shape,Shower,HydroLite Rain Showers,CHR,4500,INR,NRP: 3930,OHS-CHR-1705.jpeg
OHS-CHR-1683,Maze Prime Round Shape Single Function,Faucets,OHS,CHR,59100,INR,NRP: 52000,
OHS-CHR-1685,Duoflo Shower Square Shape  450 X 450mm,Shower,Maze Prime,CHR,87000,INR,NRP: 76600,OHS-CHR-1685.jpeg
OHS-CHR-1685WL,Duoflo Shower Square Shape  450 X 450mm,Shower,Maze Prime,CHR,56000,INR,NRP: 49200,OHS-CHR-1685WL.jpeg
OHS-CHR-1687,Duoflo Shower Square Shape  450 X 450mm,Shower,Maze Prime,CHR,87000,INR,NRP: 76600,OHS-CHR-1675.jpeg
OHS-CHR-1691,Duoflo Shower Square Shape  250 X 250mm,Faucets,OHS,CHR,21700,INR,NRP: 19100,
OHS-CHR-1697,Duoflo Shower Square Shape  350 X 350mm,Faucets,OHS,CHR,42500,INR,NRP: 37400,
OHS-CHR-1693,Duoflo Shower Round Shape 350mm Aisi 304,Shower,Maze Prime,CHR,42500,INR,NRP: 37400,OHS-CHR-1693.jpeg
OHS-CHR-1695,Duoflo Shower Round Shape 350mm Aisi 304,Faucets,OHS,CHR,42500,INR,NRP: 37400,
POL-CHR-305005B,Single Lever High Neck Basin Mixer Witho,Faucets,POL,CHR,4295,INR,NRP: 4295,
POL-CHR-305011B,Single Lever Basin Mixer Without Popup W,Faucets,POL,CHR,2329,INR,NRP: 2329,
POL-CHR-305055,Single Lever In-wall Diverter,Faucets,POL,CHR,2978,INR,NRP: 2978,
POL-CHR-305119,"Single Lever Bath & Shower Mixer, Wall M",Faucets,POL,CHR,3709,INR,NRP: 3709,
POL-CHR-305149,"Single Lever Shower Mixer, Wall Mounted",Faucets,POL,CHR,3597,INR,NRP: 3597,
POL-CHR-305179B,Side Single Lever Mono Sink Mixer With S,Faucets,POL,CHR,3002,INR,NRP: 3002,
POL-CHR-305227,Single Lever In-wall Manual Shower Valve,Faucets,POL,CHR,1834,INR,NRP: 1834,
POL-CHR-305231,Single Lever Wall Mounted Basin Mixer (r,Faucets,POL,CHR,3315,INR,NRP: 3315,
PRS-CHR-25306,Pressmatic Cold Or Mixed Water Shower Va,Faucets,PRS,CHR,4350,INR,NRP: 3900,
PRS-CHR-277,Elbow Operated Auto Closing Extended Lev,Faucets,New Age Pressmatic,CHR,2550,INR,NRP: 2250,PRS-CHR-277.jpeg
PRS-CHR-077,Auto Closing  Urinal  Flush Valve,Faucets,Pressmatic,CHR,3550,INR,NRP: 3150,PRS-CHR-077.jpeg
PRS-CHR-077G1,Urinal Valve Auto Closing System With Bu,Faucets,PRS,CHR,3690,INR,NRP: 3290,
PRS-CHR-073,Auto Closing Concealed Urinalflush Valve,Faucets,Pressmatic,CHR,3450,INR,NRP: 3020,PRS-CHR-073.jpeg
PRS-CHR-073G1,Non-concussive In-wall Urinal Valve With,Faucets,PRS,CHR,3590,INR,NRP: 3160,
PRS-CHR-061,Pressmatic Wall Mounted Basin Tap (auto,Faucets,Pressmatic,CHR,5150,INR,NRP: 4520,PRS-CHR-061.jpeg
PRS-CHR-061SPL250,Pressmatic Wall Mounted Basin Tap (auto,Faucets,PRS,CHR,5450,INR,NRP: 4790,
PRS-CHR-037,Bib Cock (angular Shape) Auto Closing Sy,Faucets,Pressmatic,CHR,3850,INR,NRP: 3380,PRS-CHR-037.jpeg
PRS-CHR-043,Auto Closing Bib Cock,Faucets,Pressmatic,CHR,3450,INR,NRP: 3050,PRS-CHR-043.jpeg
PRS-CHR-043BVAN,Bib Cock Auto Closing System With Built,Faucets,PRS,CHR,2250,INR,NRP: 2250,
PRS-CHR-043MED,Bib Cock Auto Closing System With Built-,Faucets,New Age Pressmatic,CHR,4650,INR,NRP: 4110,PRS-CHR-043MED.jpeg
PRS-CHR-031MED,Pillar Cock Auto Closing System With Elb,Faucets,New Age Pressmatic,CHR,4650,INR,NRP: 4100,PRS-CHR-277.jpeg
PRS-CHR-031,"Pillar Cock,auto Closing Sys.",Faucets,Pressmatic,CHR,3350,INR,NRP: 3000,PRS-CHR-031.jpeg
PRS-CHR-031C,Non-concussive Basin Tap With C Marking,Faucets,PRS,CHR,2025,INR,NRP: 2025,
PRS-CHR-031H,Non-concussive Basin Tap With H Marking,Faucets,PRS,CHR,2025,INR,NRP: 2025,
PRS-CHR-031L65,Pillar Cock Auto Closing System With 65m,Faucets,Pressmatic,CHR,4300,INR,NRP: 3800,PRS-CHR-031L65.jpeg
PRS-CHR-031L65MED,Pillar Cock Auto Closing System With 65m,Faucets,New Age Pressmatic,CHR,5850,INR,NRP: 5080,PRS-CHR-031L65MED.jpeg
PRS-CHR-001MED,Pillar Cock (straight Line Model) Auto C,Faucets,New Age Pressmatic,CHR,4500,INR,NRP: 3960,PRS-CHR-001MED.jpeg
PRS-CHR-001,Pillar Cock (straight Line Model) Auto C,Faucets,Pressmatic,CHR,3200,INR,NRP: 2850,PRS-CHR-001.jpeg
QLD-CHR-309683KRHB,Exposed Part Kit Of Qloud Touch Thermost,Thermostatic Mixers,Cloud Thermostatic Mixer & Touch Control Panel,CHR,59500,INR,NRP: 51600,QLD-CHR-309683KRHB.jpeg
QLD-CHR-309661C,Qloud Thermostatic Shower Mixer Body And,Thermostatic Mixers,Cloud Thermostatic Mixer & Touch Control Panel,CHR,14100,INR,NRP: 12300,QLD-CHR-309683KRHB.jpeg
QLD-CHR-309661CE,Qloud Thermostatic Shower Mixer Body Wit,Faucets,QLD,CHR,11500,INR,NRP: 10000,
QLD-CHR-309681KRH,Exposed Part Kit Of Qloud Touch Thermost,Thermostatic Mixers,Cloud Thermostatic Mixer & Touch Control Panel,CHR,43000,INR,NRP: 37200,QLD-CHR-309683KRHB.jpeg
QLD-CHR-309683KRMH,Exposed Part Kit Of Qloud Touch Thermost,Thermostatic Mixers,Cloud Thermostatic Mixer & Touch Control Panel,CHR,59500,INR,NRP: 51600,QLD-CHR-309683KRHB.jpeg
QLD-CHR-309685KRMHB,Exposed Part Kit Of Qloud Touch Thermost,Thermostatic Mixers,Cloud Thermostatic Mixer & Touch Control Panel,CHR,77500,INR,NRP: 67500,QLD-CHR-309683KRHB.jpeg
QQT-CHR-7011,Pillar Cock,Faucets,Queen's,CHR,3900,INR,NRP: 3450,QQT-CHR-7011.jpeg
QQT-CHR-7015,"Bath Taps 3/4""",Faucets,QQT,CHR,1350,INR,NRP: 1250,
QQT-CHR-7037,Bib Cock With Wall Flange,Faucets,Queen's,CHR,3650,INR,NRP: 3250,QQT-CHR-7037.jpeg
QQT-CHR-7083,Conc.stop Cock Adj.wall Flange,Faucets,QQT,CHR,1650,INR,NRP: 1480,
QQT-CHR-7083K,Exposed Part Kit Of Concealed Stop Cock,Faucets,Queen's,CHR,1450,INR,NRP: 1300,QQT-CHR-7083K.jpeg
QQT-CHR-7041,2-way Bib Cock With Wall Flang,Faucets,Queen's,CHR,4400,INR,NRP: 3900,QQT-CHR-7041.jpeg
QQT-CHR-7053PRD,Angular Stop Cock With Wall Flange,Faucets,QQT,CHR,3000,INR,NRP: 2700,
QQT-CHR-7139KTRDGH,Exposed Part Kit Of Single Lever Conceal,Faucets,QQT,CHR,4900,INR,NRP: 4290,
QQT-CHR-7089L,In-wall Stop Valve Hot Only With Adjusta,Faucets,QQT,CHR,1725,INR,NRP: 1725,
QQT-CHR-7089R,In-wall Stop Valve Cold Only With Adjust,Faucets,QQT,CHR,1725,INR,NRP: 1725,
QQT-CHR-7095,Bath Tub Filler Cons.of 2 Control Cock,Faucets,Queen's,CHR,12300,INR,NRP: 10950,QQT-CHR-7095.jpeg
QQT-CHR-7167B,C/H/B/M.REG.SPT.W/O POP.450mm LONG BRAID,Faucets,Queen's,CHR,9000,INR,NRP: 7400,QQT-CHR-7167B.jpeg
QQT-CHR-7053,Angular Stop Cock With W/flange,Faucets,Queen's,CHR,2700,INR,NRP: 2400,QQT-CHR-7053.jpeg
QQT-CHR-7083R,In-wall Stop Valve Cold Only With Adjust,Faucets,QQT,CHR,1650,INR,NRP: 1650,
QQT-CHR-7083KPRD,Exposed Part Kit Of Concealed Stop Cock,Faucets,QQT,CHR,1750,INR,NRP: 1600,
QQT-CHR-7083L,In-wall Stop Valve Hot Only With Adjusta,Faucets,QQT,CHR,1650,INR,NRP: 1650,
QQT-CHR-7171B,C/H/B/M.SMALL SPT.W/O POP.450mm B HOSES,Faucets,QQT,CHR,3400,INR,NRP: 3120,
QQT-CHR-7173B,C/H/B/M SMALL SPT.WITH POPUP 450mm B HOS,Faucets,QQT,CHR,4100,INR,NRP: 3760,
QQT-CHR-7189,3-HOL.BAS.MIX.W/o Popup Waste,Faucets,Queen's,CHR,10200,INR,NRP: 9100,QQT-CHR-7189.jpeg
QQT-CHR-7169B,C/H/B/M/ROUND SPT.POP 450mm LONG B HOSES,Faucets,Queen's,CHR,10000,INR,NRP: 8900,QQT-CHR-7169B.jpeg
QQT-CHR-7189PRD,3-hole Basin Mixer Without Popup Waste S,Faucets,QQT,CHR,10800,INR,NRP: 9700,
QQT-CHR-7189TRD,3-hole Basin Mixer Without Popup Waste S,Faucets,QQT,CHR,11100,INR,NRP: 10000,
QQT-CHR-7191,3-HOL.BAS.MIX.with Popup Waste,Faucets,Queen's,CHR,11200,INR,NRP: 10450,QQT-CHR-7191.jpeg
QQT-CHR-7219,Wall Mix.non-tel.shower System,Faucets,Queen's,CHR,8950,INR,NRP: 7950,QQT-CHR-7219.jpeg
QQT-CHR-7217,W/m/tl/swr/arg.only W/o Cruth,Faucets,Queen's,CHR,10400,INR,NRP: 9250,QQT-CHR-7217.jpeg
QQT-CHR-7267,W/m/tl/swr/arg.only Wth Wall Bracket,Faucets,Queen's,CHR,11000,INR,NRP: 9750,QQT-CHR-7267.jpeg
QQT-CHR-7281,WAL.MIX.3 IN 1 WITH 115mm B.PIPE,Faucets,Queen's,CHR,12000,INR,NRP: 10650,QQT-CHR-7281.jpeg
QQT-CHR-7271,B/t/m(ex.aj)tl.sr.onl.wth.stnd,Faucets,Queen's,CHR,14000,INR,NRP: 12500,QQT-CHR-7271.jpeg
QQT-CHR-7221,Bath Filler,Faucets,QQT,CHR,5100,INR,NRP: 5100,
QQT-CHR-7347,Sink Cock Reg.swing.spt.w/flng,Faucets,Queen's,CHR,5050,INR,NRP: 4500,QQT-CHR-7347.jpeg
QQT-CHR-7215,Wall Mix. W/o Spout Wth Prov O/h And Tel,Faucets,Queen's,CHR,8900,INR,NRP: 7900,QQT-CHR-7215.jpeg
QQT-CHR-7273UPR,Wall Mixer With Provision For Overhead S,Faucets,Queen's,CHR,11200,INR,NRP: 9950,QQT-CHR-7273UPR.jpeg
QQT-CHR-7277,4-H/B/T/M-2C.cock 1spt /1TELSHR.,Faucets,Queen's,CHR,16200,INR,NRP: 14450,QQT-CHR-7277.jpeg
QQT-CHR-7191PRD,3-hole Basin Mixer With Popup Waste Syst,Faucets,QQT,CHR,11800,INR,NRP: 11050,
QQT-CHR-7191TRD,3-hole Basin Mixer With Popup Waste Syst,Faucets,QQT,CHR,12100,INR,NRP: 11350,
QQT-CHR-7209,Shw.mix For Shw Cubicles Wth Legs&flg,Faucets,Queen's,CHR,7250,INR,NRP: 6450,QQT-CHR-7209.jpeg
QQT-CHR-7271HL,Bath And Shower Mixer With Telephonic Sh,Faucets,Queen's,CHR,29200,INR,NRP: 25950,QQT-CHR-7271HL.jpeg
QQT-CHR-7271HLPRD,Bath And Shower Mixer With Telephonic Sh,Faucets,QQT,CHR,29800,INR,NRP: 26550,
QQT-CHR-7627,3-HOT.BIDT.with Pop.(bott.spry,Faucets,QQT,CHR,5175,INR,NRP: 4770,
QQT-CHR-7613B,1-HOL.BID.MIX.POP.375mm LONG B HOSES,Faucets,Queen's,CHR,9800,INR,NRP: 8700,QQT-CHR-7613B.jpeg
QQT-CHR-7681PRD,Aquamax Thermostatic Shower Mixer With 2,Faucets,QQT,CHR,15450,INR,NRP: 13520,
QQT-CHR-7463,Bath Tub Spout Butt.atch.tel.s,Faucets,QQT,CHR,1350,INR,NRP: 1350,
QQT-CHR-7421,4-way Div.wth Built In N.r.v.,Faucets,Queen's,CHR,5350,INR,NRP: 4750,QQT-CHR-7421.jpeg
QQT-CHR-7309,Sink Mix.with Swing Spt.wall Mount,Faucets,Queen's,CHR,9150,INR,NRP: 8150,QQT-CHR-7309.jpeg
QQT-CHR-7319B,SINK MIX.S.HOLE  T.M. 450mm BRAIDED HOSE,Faucets,Queen's,CHR,8500,INR,NRP: 7550,QQT-CHR-7319B.jpeg
QQT-CHR-7671,Concealed Bath & Shower Mixer With Therm,Faucets,QQT,CHR,16100,INR,NRP: 14170,
QQT-CHR-7681KPRD,Aquamax Exposed Part Kit Of Thermostatic,Faucets,QQT,CHR,3750,INR,NRP: 3320,
QQP-CHR-7681NKPM,Aquamax Exposed Part Kit Of Thermostatic,Faucets,Queen's Prime,CHR,6500,INR,NRP: 5720,QQP-CHR-7681NKPM.jpeg
QQP-CHR-7681KPM,Aquamax Exposed Part Kit Of Thermostatic,Faucets,QQP,CHR,5150,INR,NRP: 4520,
QQP-CHR-7681KPMPRD,Aquamax Exposed Part Kit Of Thermostatic,Faucets,QQP,CHR,5450,INR,NRP: 4820,
QQP-CHR-7685NKPM,Aquamax Exposed Part Kit Of Thermostatic,Faucets,QQP,CHR,6500,INR,NRP: 5720,
QQP-CHR-7433PM,Two Concealed Stop Cocks With Basin Spou,Faucets,Queen's Prime,CHR,8600,INR,NRP: 7650,QQP-CHR-7433PM.jpeg
QQP-CHR-7309PM,Sink Mixer With Regular Swinging Spout (,Faucets,Queen's Prime,CHR,7700,INR,NRP: 6870,QQP-CHR-7309PM.jpeg
QQP-CHR-7307PM,Sink Mixer With Short Swinging Spout (wa,Faucets,Queen's Prime,CHR,7650,INR,NRP: 6830,QQP-CHR-7307PM.jpeg
QQP-CHR-7683KPM,Aquamax Exposed Part Kit Of Thermostatic,Faucets,QQP,CHR,5150,INR,NRP: 4520,
QQP-CHR-7683NKPM,Aquamax Exposed Part Kit Of Thermostatic,Faucets,Queen's Prime,CHR,6500,INR,NRP: 5720,QQP-CHR-7683NKPM.jpeg
QQP-CHR-7661KPM,Aquamax Exposed Part Kit Of Thermostatic,Faucets,QQP,CHR,5150,INR,NRP: 4520,
QQP-CHR-7661NKPM,Aquamax Exposed Part Kit Of Thermostatic,Faucets,Queen's Prime,CHR,6500,INR,NRP: 5720,QQP-CHR-7661NKPM.jpeg
QQP-CHR-7271PM,Bath Tub Mixer (exposed Straight Legs) W,Faucets,Queen's Prime,CHR,13100,INR,NRP: 11700,QQP-CHR-7271PM.jpeg
QQP-CHR-7271PMHL,Bath And Shower Mixer With Telephonic Sh,Faucets,Queen's Prime,CHR,25000,INR,NRP: 22240,QQP-CHR-7271PMHL.jpeg
QQP-CHR-7209PM,Shower Mixer For Shower Cubicles (wall M,Faucets,Queen's Prime,CHR,6250,INR,NRP: 5560,QQP-CHR-7209PM.jpeg
QQP-CHR-7191PM,3-hole Basin Mixer With Popup Waste Syst,Faucets,Queen's Prime,CHR,9800,INR,NRP: 8800,QQP-CHR-7191PM.jpeg
QQP-CHR-7213BPM,Single Lever 1-hole Bidet Mixer With Pop,Faucets,Queen's Prime,CHR,7050,INR,NRP: 6720,QQP-CHR-7213BPM.jpeg
QQP-CHR-7273PM,Wall Mixer With Provision For Overhead S,Faucets,Queen's Prime,CHR,10500,INR,NRP: 9380,QQP-CHR-7273PM.jpeg
QQP-CHR-7215PM,Exposed Wall Mixer With Provision Only F,Faucets,Queen's Prime,CHR,8650,INR,NRP: 7680,QQP-CHR-7215PM.jpeg
QQP-CHR-7215PMDL,Shower Mixer With Provision For Connecti,Faucets,QQP,CHR,7600,INR,NRP: 6750,
QQP-CHR-7347PM,Sink Cock With Regular Swinging Spout (w,Faucets,Queen's Prime,CHR,4000,INR,NRP: 3540,QQP-CHR-7347PM.jpeg
QQP-CHR-7281PM,Wall Mixer 3-IN-1 System With Provision,Faucets,Queen's Prime,CHR,11200,INR,NRP: 9950,QQP-CHR-7281PM.jpeg
QQP-CHR-7267PM,Wall Mixer With Connector For Hand Showe,Faucets,Queen's Prime,CHR,10300,INR,NRP: 9170,QQP-CHR-7267PM.jpeg
QQP-CHR-7217PM,Wall Mixer With Telephone Shower Arrange,Faucets,Queen's Prime,CHR,9650,INR,NRP: 8600,QQP-CHR-7217PM.jpeg
QQP-CHR-7169BPM,Central Hole Basin Mixer With Popup Wast,Faucets,Queen's Prime,CHR,7650,INR,NRP: 6950,QQP-CHR-7169BPM.jpeg
QQP-CHR-7189PM,3-hole Basin Mixer Without Popup Waste S,Faucets,Queen's Prime,CHR,8800,INR,NRP: 7820,QQP-CHR-7189PM.jpeg
QQP-CHR-7167BPM,Central Hole Basin Mixer Without Popup W,Faucets,Queen's Prime,CHR,6650,INR,NRP: 5910,QQP-CHR-7167BPM.jpeg
QQP-CHR-7083PML,In-wall Stop Valve Hot Only With Adjusta,Faucets,QQP,CHR,2025,INR,NRP: 2025,
QQP-CHR-7051BPM,Single Lever Basin Mixer With Popup Wast,Faucets,Queen's Prime,CHR,7050,INR,NRP: 6720,QQP-CHR-7051BPM.jpeg
QQP-CHR-7089PML,In-wall Stop Valve Hot Only With Adjusta,Faucets,QQP,CHR,2100,INR,NRP: 2100,
QQP-CHR-7089PMR,In-wall Stop Valve Cold Only With Adjust,Faucets,QQP,CHR,2100,INR,NRP: 2100,
QQP-CHR-7083PMR,In-wall Stop Valve Cold Only With Adjust,Faucets,QQP,CHR,2025,INR,NRP: 2025,
QQP-CHR-7139KPM,Exposed Parts Kit Of Single Lever Shower,Faucets,QQP,CHR,2200,INR,NRP: 1890,
QQP-CHR-7139PM,Single Lever Concealed Shower Mixer For,Faucets,QQP,CHR,5150,INR,NRP: 4440,
QQP-CHR-7053PM,Angular Stop Cock With Wall Flange,Faucets,QQP,CHR,1675,INR,NRP: 1470,
QQP-CHR-7053PMC,Angular Stop Cock Cold Only With Wall Fl,Faucets,Queen's Prime,CHR,2150,INR,NRP: 1900,QQP-CHR-7053PMC.jpeg
QQP-CHR-7053PMH,Angular Stop Cock Hot Only With Wall Fla,Faucets,Queen's Prime,CHR,2150,INR,NRP: 1900,QQP-CHR-7053PMH.jpeg
QQP-CHR-7065MKPM,Single Lever Exposed Parts Kit Of Divert,Faucets,Queen's Prime,CHR,2375,INR,NRP: 2050,QQP-CHR-7065MKPM.jpeg
QQP-CHR-7041PM,2-way Bib Cock With Wall Flange,Faucets,Queen's Prime,CHR,3400,INR,NRP: 3010,QQP-CHR-7041PM.jpeg
QQP-CHR-7079NKPM,Single Lever Exposed Parts Kit Of Hi-flo,Faucets,Queen's Prime,CHR,2600,INR,NRP: 2240,QQP-CHR-7079NKPM.jpeg
QQP-CHR-7083KPM,Exposed Part Kit Of Concealed Stop Cock,Faucets,QQP,CHR,1350,INR,NRP: 1190,
QQP-CHR-7083KPML,Exposed Part Kit Of Concealed Stop Cock,Faucets,Queen's Prime,CHR,1700,INR,NRP: 1500,QQP-CHR-7083KPML.jpeg
QQP-CHR-7083KPMR,Exposed Part Kit Of Concealed Stop Cock,Faucets,Queen's Prime,CHR,1700,INR,NRP: 1500,QQP-CHR-7083KPMR.jpeg
QQP-CHR-7011PM,Pillar Cock,Faucets,Queen's Prime,CHR,3900,INR,NRP: 3450,QQP-CHR-7011PM.jpeg
QQP-CHR-7037PM,Bib Cock With Wall Flange,Faucets,Queen's Prime,CHR,3150,INR,NRP: 2800,QQP-CHR-7037PM.jpeg
QQP-CHR-7001BPM,Single Lever Basin Mixer Without Popup W,Faucets,Queen's Prime,CHR,6050,INR,NRP: 5190,QQP-CHR-7001BPM.jpeg
SNR-CHR-15017PM,Opal Prime Tall Boy Sensor Faucet For Wa,Faucets,Sensor Taps,CHR,12900,INR,NRP: 11230,SNR-CHR-15017PM.jpeg
SNR-CHR-15017PMEB,Opal Prime Tall Boy Sensor Faucet For Wa,Faucets,Sensor Taps,CHR,12900,INR,NRP: 11230,SNR-CHR-15017PMEB.jpeg
SNR-CHR-15017PMEBPK,Opal Prime Tall Boy Sensor Faucet For Wa,Faucets,Sensor Taps,CHR,13750,INR,NRP: 12200,SNR-CHR-15017PMEBPK.jpeg
SNR-CHR-15017PMPK,Opal Prime Tall Boy Sensor Faucet For Wa,Faucets,Sensor Taps,CHR,13750,INR,NRP: 12200,SNR-CHR-15017PMPK.jpeg
SNR-CHR-15019PM,Opal Prime Sensor Faucet For Wash Basin,Faucets,Sensor Taps,CHR,11700,INR,NRP: 10150,SNR-CHR-15019PM.jpeg
SNR-CHR-15019PMEB,Opal Prime Sensor Faucet For Wash Basin,Faucets,Sensor Taps,CHR,11700,INR,NRP: 10150,SNR-CHR-15019PMEB.jpeg
SNR-CHR-15019PMEB4MAD,Opal Prime Sensor Faucet For Wash Basin,Faucets,SNR,CHR,12500,INR,NRP: 10900,
SNR-CHR-15019PMEBME3P,Opal Prime Sensor Faucet For Wash Basin,Faucets,SNR,CHR,12000,INR,NRP: 10500,
SNR-CHR-15019PMEBPK,Opal Prime Sensor Faucet For Wash Basin,Faucets,Sensor Taps,CHR,12550,INR,NRP: 11150,SNR-CHR-15019PMEBPK.jpeg
SNR-CHR-15019PMPK,Opal Prime Sensor Faucet For Wash Basin,Faucets,Sensor Taps,CHR,12550,INR,NRP: 11150,SNR-CHR-15019PMPK.jpeg
SNR-CHR-51097,Sensor Flushing Valve For Urinal With Co,Faucets,Sensor Taps,CHR,11500,INR,NRP: 10250,SNR-CHR-51097.jpeg
SNR-CHR-51443PK,Blush Wall Mounted Sensor Faucet With Co,Faucets,Blush Sensor,CHR,13150,INR,NRP: 11630,SNR-CHR-51443PK.jpeg
SNR-CHR-51449PK,Blush Tall Boy Deck Mounted Sensor Fauce,Faucets,Blush Sensor,CHR,13450,INR,NRP: 11970,SNR-CHR-51449PK.jpeg
SNR-CHR-51443,Blush Wall Mounted Sensor Faucet With Co,Faucets,Blush Sensor,CHR,12300,INR,NRP: 10680,SNR-CHR-51443.jpeg
SNR-CHR-51085C,Concealed Installation Box For Urinal Se,Faucets,Sensor Taps,CHR,4200,INR,NRP: 3760,SNR-CHR-51085C.jpeg
SNR-CHR-51085K,Exposed Part Kit Of Urinal Sensor Consis,Faucets,Sensor Taps,CHR,6300,INR,NRP: 5610,SNR-CHR-51085K.jpeg
SNR-CHR-51085KGHLT,Exposed Part Kit Of Urinal Sensor Consis,Faucets,SNR,CHR,6440,INR,NRP: 5750,
SNR-CHR-51097G1,Sensor Flushing Valve For Urinal With Co,Faucets,SNR,CHR,11640,INR,NRP: 10390,
SNR-CHR-51445,Blush Deck Mounted Sensor Faucet With Co,Faucets,Blush Sensor,CHR,12300,INR,NRP: 10720,SNR-CHR-51445.jpeg
SNR-CHR-51445PK,Blush Deck Mounted Sensor Faucet With Co,Faucets,Blush Sensor,CHR,13150,INR,NRP: 11720,SNR-CHR-51445PK.jpeg
SNR-CHR-51445PKL600,Blush Deck Mounted Sensor Faucet With Co,Faucets,SNR,CHR,13200,INR,NRP: 11770,
SNR-CHR-51449,Blush Tall Boy Deck Mounted Sensor Fauce,Faucets,Blush Sensor,CHR,12600,INR,NRP: 10970,SNR-CHR-51449PK.jpeg
SNR-CHR-51000,Sensor Faucet Ac Kit Consisting Of Senso,Faucets,SNR,CHR,8050,INR,NRP: 6990,
SNR-CHR-51001SQ,Sensor Faucet For Wash Basin In Square S,Faucets,Sensor Taps,CHR,13300,INR,NRP: 11800,SNR-CHR-51001SQ.jpeg
SNR-CHR-51001SQEB,Sensor Faucet For Wash Basin In Square S,Faucets,Sensor Taps,CHR,13300,INR,NRP: 11800,SNR-CHR-51001SQEB.jpeg
SNR-CHR-51011,Sensor Faucet For Wash Basin With Base F,Faucets,SNR,CHR,15300,INR,NRP: 13650,
SNR-CHR-51011N,Sensor Faucet For Wash Basin (battery Op,Faucets,Sensor Taps,CHR,18000,INR,NRP: 16040,SNR-CHR-51011N.jpeg
SNR-CHR-51011NEBPK,Sensor Faucet For Wash Basin With Pre-mi,Faucets,Sensor Taps,CHR,18650,INR,NRP: 16590,SNR-CHR-51011NEBPK.jpeg
SNR-CHR-51021,Sensor Faucet For Wash Basin (battery Op,Faucets,Sensor Taps,CHR,11800,INR,NRP: 10460,SNR-CHR-51021.jpeg
SNR-CHR-51021A,Sensor Faucet For Wash Basin With 175mm,Faucets,Sensor Taps,CHR,14000,INR,NRP: 12300,SNR-CHR-51021A.jpeg
SNR-CHR-51021AEB,Sensor Faucet For Wash Basin With 175mm,Faucets,Sensor Taps,CHR,14000,INR,NRP: 12300,SNR-CHR-51021AEB.jpeg
SNR-CHR-51021EB,Sensor Faucet For Wash Basin (9v Transfo,Faucets,Sensor Taps,CHR,11800,INR,NRP: 10460,SNR-CHR-51021EB.jpeg
SNR-CHR-51027,Sensor Faucet For Wash Basin (battery Op,Faucets,Sensor Taps,CHR,12600,INR,NRP: 11250,SNR-CHR-51027.jpeg
SNR-CHR-51027EB,Sensor Faucet For Wash Basin (9v Transfo,Faucets,Sensor Taps,CHR,12600,INR,NRP: 11250,SNR-CHR-51027EB.jpeg
SNR-CHR-51027EBL600,Sensor Faucet For Wash Basin With 600mm,Faucets,SNR,CHR,12650,INR,NRP: 11300,
SNR-CHR-51027L600,Sensor Faucet For Wash Basin With 600mm,Faucets,SNR,CHR,12650,INR,NRP: 11300,
SNR-CHR-51031,Sensor Faucet For Wash Basin R,Faucets,SNR,CHR,19700,INR,NRP: 18100,
SNR-CHR-51033,Sensor Faucet For Wash Basin In Rectangu,Faucets,Sensor Taps,CHR,14700,INR,NRP: 12970,SNR-CHR-51033.jpeg
SNR-CHR-51033EB,Sensor Faucet For Wash Basin In Rectangu,Faucets,Sensor Taps,CHR,14700,INR,NRP: 12970,SNR-CHR-51033EB.jpeg
SNR-CHR-35017PMEB,Kubix Prime Tall Boy Sensor Faucet For W,Faucets,Sensor Taps,CHR,15000,INR,NRP: 13080,SNR-CHR-35017PMEB.jpeg
SNR-CHR-35017PMEBPK,Kubix Prime Tall Boy Sensor Faucet For W,Faucets,Sensor Taps,CHR,15850,INR,NRP: 14110,SNR-CHR-35017PMEBPK.jpeg
SNR-CHR-35017PMPK,Kubix Prime Tall Boy Sensor Faucet For W,Faucets,Sensor Taps,CHR,15850,INR,NRP: 14110,SNR-CHR-35017PMPK.jpeg
SNR-CHR-35019PM,Kubix Prime Sensor Faucet For Wash Basin,Faucets,Sensor Taps,CHR,12100,INR,NRP: 10520,SNR-CHR-35019PM.jpeg
SNR-CHR-35017PM,Kubix Prime Tall Boy Sensor Faucet For W,Faucets,Sensor Taps,CHR,15000,INR,NRP: 13080,SNR-CHR-35017PM.jpeg
SNR-CHR-91019,Laguna Sensor Faucet For Wash Basin (bat,Faucets,Sensor Taps,CHR,14500,INR,NRP: 12460,SNR-CHR-91019.jpeg
SNR-CHR-91019EB,Laguna Sensor Faucet For Wash Basin (9v,Faucets,Sensor Taps,CHR,14500,INR,NRP: 12460,SNR-CHR-91019EB.jpeg
SNR-CHR-91019EBPK,Laguna Sensor Faucet For Wash Basin With,Faucets,Sensor Taps,CHR,15350,INR,NRP: 13540,SNR-CHR-91019EBPK.jpeg
SNR-CHR-91019PK,Laguna Sensor Faucet For Wash Basin With,Faucets,Sensor Taps,CHR,15350,INR,NRP: 13540,SNR-CHR-91019PK.jpeg
SNR-CHR-35019PMEB,Kubix Prime Sensor Faucet For Wash Basin,Faucets,Sensor Taps,CHR,12100,INR,NRP: 10520,SNR-CHR-35019PMEB.jpeg
SNR-CHR-35019PMEBPK,Kubix Prime Sensor Faucet For Wash Basin,Faucets,Sensor Taps,CHR,12950,INR,NRP: 11550,SNR-CHR-35019PMEBPK.jpeg
SNR-CHR-35019PMPK,Kubix Prime Sensor Faucet For Wash Basin,Faucets,Sensor Taps,CHR,12950,INR,NRP: 11550,SNR-CHR-35019PMPK.jpeg
SNR-CHR-91017,Laguna Tall Boy Sensor Faucet For Wash B,Faucets,Sensor Taps,CHR,17800,INR,NRP: 15270,SNR-CHR-91017.jpeg
SNR-CHR-91017EB,Laguna Tall Boy Sensor Faucet For Wash B,Faucets,Sensor Taps,CHR,17800,INR,NRP: 15270,SNR-CHR-91017EB.jpeg
SNR-CHR-91017EBPK,Laguna Tall Boy Sensor Faucet For Wash B,Faucets,Sensor Taps,CHR,18650,INR,NRP: 16350,SNR-CHR-91017EB.jpeg
SNR-CHR-91017PK,Laguna Tall Boy Sensor Faucet For Wash B,Faucets,Sensor Taps,CHR,18650,INR,NRP: 16350,SNR-CHR-91017PK.jpeg
SHA-CHR-1737SH009,Hand Shower Pack (single Function 95mm D,Faucets,SHA,CHR,2154,INR,NRP: 2154,
SHA-CHR-1737SH1187,Sliding Rail Pack (single Function 95mm,Faucets,SHA,CHR,3725,INR,NRP: 3725,
SHA-CHR-1737SH1197,Sliding Rail Pack (single Function 95mm,Faucets,SHA,CHR,3550,INR,NRP: 3550,
SHA-CHR-1739SH009,Hand Shower Pack (multifunction 95mm Dia,Faucets,SHA,CHR,2804,INR,NRP: 2804,
SHA-CHR-1739SH1187,SLIDING RAIL PACK (MULTIFUNCTION 95mm DI,Faucets,SHA,CHR,4375,INR,NRP: 4375,
SHA-CHR-1739SH1197,Sliding Rail Pack (multifunction 95mm Di,Faucets,SHA,CHR,4200,INR,NRP: 4200,
SHA-CHR-1739SH555,HAND SHOWER PACK (MULTIFUNCTION 95mm DIA,Faucets,SHA,CHR,3250,INR,NRP: 3250,
SHA-CHR-1739SR549D8,Sliding Rail Pack (multifunction 95mm Di,Faucets,SHA,CHR,4075,INR,NRP: 4075,
SHA-CHR-555,"Premium Wall Bracket For Hand Shower, ?3",Shower,Shower Accessories,CHR,625,INR,NRP: 540,SHA-CHR-555.jpeg
SHA-CHR-566R,Wall Outlet With Shower Hook In Round Sh,Shower,Shower Accessories,CHR,1150,INR,NRP: 1020,SHA-CHR-566R.jpeg
SHA-CHR-566S,Wall Outlet With Shower Hook In Square S,Shower,Shower Accessories,CHR,1525,INR,NRP: 1350,SHA-CHR-566S.jpeg
SHA-CHR-549D12,FLEXIBLE TUBE 12mm DIA. & 1.5M LONG WITH,Shower,Shower Accessories,CHR,1250,INR,NRP: 1070,SHA-CHR-549D12.jpeg
SHA-CHR-549D8,FLEXIBLE TUBE 8mm DIA. & 1.5M LONG WITH,Shower,Shower Accessories,CHR,1100,INR,NRP: 940,SHA-CHR-549D12.jpeg
SHA-CHR-547D8,SPIROCHROME FLEX TUBE 8mm DIA & 1.5M LON,Faucets,SHA,CHR,675,INR,NRP: 590,
SHA-CHR-571,Easy Flex Tube 1.5m Long With Nuts,Shower,Shower Accessories,CHR,925,INR,NRP: 790,SHA-CHR-571.jpeg
SHA-CHR-49483,SHOWER ARM STRAIGHT 20mm DIA & 450mm LON,Shower,Shower Accessories,CHR,1775,INR,NRP: 1540,SHA-CHR-49483.jpeg
SHA-CHR-477P,Shower Arm With Wall Flange,Faucets,SHA,CHR,550,INR,NRP: 480,
SHA-CHR-477PTL35,Shower Arm With 35mm Threaded Length And,Faucets,SHA,CHR,600,INR,NRP: 510,
SHA-CHR-475L200,Shower Arm 20mm Dia. & 200mm Long Round,Faucets,SHA,CHR,1075,INR,NRP: 940,
SHA-CHR-475L280,SHOWER ARM 20mm DIA & 280mm LONG ROUND S,Shower,Shower Accessories,CHR,1300,INR,NRP: 1150,SHA-CHR-475L280.jpeg
SHA-CHR-479L300S,Shower Arm ?20mm & 300mm Long Round Shap,Shower,Shower Accessories,CHR,1125,INR,NRP: 970,SHA-CHR-479L300S.jpeg
SHA-CHR-479L450,SHOWER ARM 20mm DIA & 450mm LONG ROUND S,Shower,Shower Accessories,CHR,1175,INR,NRP: 1020,SHA-CHR-479L300S.jpeg
SHA-CHR-479L600,SHOWER ARM 20mm DIA & 600mm LONG ROUND S,Shower,Shower Accessories,CHR,1450,INR,NRP: 1270,SHA-CHR-479L300S.jpeg
SHA-CHR-487VIF,Shower Arm Casted 120mm Long Heavy Body,Faucets,SHA,CHR,1350,INR,NRP: 1230,
SHA-CHR-489,L Shape Shower Arm 20mm Dia. & 420mm Lon,Faucets,SHA,CHR,2800,INR,NRP: 2480,
SHA-CHR-485,Victorian Shower Arm 20mm Dia. & 460mm L,Shower,Shower Accessories,CHR,2375,INR,NRP: 2120,SHA-CHR-485.jpeg
SHA-CHR-487,SHOWER ARM CASTED 120mm LONG HEAVY BODY,Shower,Shower Accessories,CHR,1750,INR,NRP: 1550,SHA-CHR-487.jpeg
SHA-CHR-483,SHOWER ARM CASTED 190mm LONG FLATE SHAPE,Shower,Shower Accessories,CHR,1650,INR,NRP: 1470,SHA-CHR-483.jpeg
SHA-CHR-475L450,SHOWER ARM 20mm & 450mm LONG ROUND SHAPE,Shower,Shower Accessories,CHR,1125,INR,NRP: 980,SHA-CHR-475L280.jpeg
SHA-CHR-475L600,Shower Arm 20mm Dia. & 600mm Long Round,Faucets,SHA,CHR,2375,INR,NRP: 2100,
SHA-CHR-475L75,SHOWER ARM 20mm DIA & 75mm LONG ROUND SH,Faucets,SHA,CHR,525,INR,NRP: 460,
SHA-CHR-477,Shower Arm Casted 160mm Long Light Body,Shower,Shower Accessories,CHR,1075,INR,NRP: 950,SHA-CHR-477.jpeg
SHA-CHR-477AL,Shower Arm Casted 160mm Long Light Body,Faucets,SHA,CHR,800,INR,NRP: 720,
SHA-CHR-475L100,SHOWER ARM 20mm DIA &100mm CEILING MOUNT,Shower,Shower Accessories,CHR,625,INR,NRP: 550,SHA-CHR-475L280.jpeg
SHA-CHR-455L600,SHOWER ARM 600X25X25mm SQUARE SHAPE FOR,Shower,Shower Accessories,CHR,2800,INR,NRP: 2440,SHA-CHR-455L600.jpeg
SHA-CHR-457L200,SHOWER ARM 200X25X25mm SQUARE SHAPE FOR,Shower,Shower Accessories,CHR,1575,INR,NRP: 1370,SHA-CHR-457L200.jpeg
SHA-CHR-455L400,SHOWER ARM 400X25X25mm SQUARE SHAPE FOR,Shower,Shower Accessories,CHR,2475,INR,NRP: 2150,SHA-CHR-455L600.jpeg
SHA-CHR-91483,Shower Arm For Operating Overhead Shower,Shower,Shower Accessories,CHR,5950,INR,NRP: 5160,SHA-CHR-91483.jpeg
SHA-CHR-1213,Exposed Shower Pipe For Wall Mixer Round,Shower,Shower Accessories,CHR,8900,INR,NRP: 7940,SHA-CHR-1213.jpeg
SHA-CHR-1215F,Exposed Shower Pipe With Provision For S,Faucets,SHA,CHR,32900,INR,NRP: 29300,
SHA-CHR-1217R,Exposed Shr Pipe With  H.shr  0.5 M Tube,Faucets,SHA,CHR,17900,INR,NRP: 15900,
SHA-CHR-1219R,Exposed Shower Pipe With Provision For O,Faucets,SHA,CHR,18000,INR,NRP: 15460,
SHA-CHR-1219RL820,Exposed Shower Pipe (lp 270 + Up 550MM),Faucets,SHA,CHR,22600,INR,NRP: 19430,
SHA-CHR-1199N,SLIDING RAIL 24mm & 600mm LONG ROUND SH,Shower,Shower Accessories,CHR,2125,INR,NRP: 1900,SHA-CHR-1199N.jpeg
SHA-CHR-1199NL750,Sliding Rail ?24mm & 750mm Long Round Sh,Faucets,SHA,CHR,2625,INR,NRP: 2320,
SHA-CHR-1199NL900,SLIDING RAIL ?24mm & 900mm LONG ROUND SH,Faucets,SHA,CHR,2925,INR,NRP: 2580,
SHA-CHR-1211NL1420,Exposed Shower Pipe L-type In Round Shap,Faucets,SHA,CHR,5350,INR,NRP: 4770,
SHA-CHR-1211NL410,Exposed Shower Pipe L-type In Round Shap,Faucets,SHA,CHR,2650,INR,NRP: 2350,
SHA-CHR-1211NPHL,Exposed Shower Pipe L-type In Round Shap,Faucets,SHA,CHR,4850,INR,NRP: 4300,
SHA-CHR-1211N,Exposed Shower Pipe L-type In Round Shap,Shower,Shower Accessories,CHR,4400,INR,NRP: 3930,SHA-CHR-1211N.jpeg
SHA-CHR-1211NH,Exposed Shower Pipe With Hand Shower Hol,Shower,Shower Accessories,CHR,4650,INR,NRP: 4120,SHA-CHR-1211NH.jpeg
SHA-CHR-1211NHL1370,Exposed Shower Pipe With Hand Shower Hol,Faucets,SHA,CHR,5100,INR,NRP: 4550,
SHA-CHR-1211NHL1400,Exposed Shower Pipe With Hand Shower Hol,Faucets,SHA,CHR,5500,INR,NRP: 4900,
SHA-CHR-1211NHL1640,Exposed Shower Pipe With Hand Shower Hol,Faucets,SHA,CHR,5950,INR,NRP: 5300,
SHA-CHR-1215R,Exposed Shower Pipe With Provision For S,Faucets,SHA,CHR,17500,INR,NRP: 15600,
SHA-CHR-1215RPL800,Exposed Shower Pipe With Provision For S,Faucets,SHA,CHR,21000,INR,NRP: 18700,
SHA-CHR-1217F,Exposed Shr Pipe With H.shr 0.5 M Tube,Faucets,SHA,CHR,32600,INR,NRP: 29000,
SHA-CHR-1217NR,"Exposed Shower Pipe With Diverter Knob,",Shower,Shower Accessories,CHR,12600,INR,NRP: 10850,SHA-CHR-1217NR.jpeg
SHA-CHR-1217NRL910,"Exposed Shower Pipe With Diverter Knob,",Faucets,SHA,CHR,12000,INR,NRP: 10340,
SHA-CHR-1183,SLIDING RAIL 700X30X10mm FLAT SHAPE WITH,Shower,Shower Accessories,CHR,6450,INR,NRP: 5760,SHA-CHR-1183.jpeg
SHA-CHR-1183L900,Sliding Rail 900X30X10mm Flat Shape With,Faucets,SHA,CHR,8000,INR,NRP: 7030,
SHA-CHR-1195R,"WALL OUTLET 30mm DIA, 40mm LONG ROUND SH",Shower,Shower Accessories,CHR,675,INR,NRP: 600,SHA-CHR-1195R.jpeg
SHA-CHR-1195RVIF,"Wall Outlet ?30MM, 40mm Long Round Shape",Faucets,SHA,CHR,800,INR,NRP: 710,
SHA-CHR-1195S,WALL OUTLET 35X25X25mm SQUARE SHAPE WITH,Shower,Shower Accessories,CHR,875,INR,NRP: 770,SHA-CHR-1195S.jpeg
SHA-CHR-1196R,Wall Outlet To Connect Exposed Shower Pi,Faucets,SHA,CHR,2000,INR,NRP: 1770,
SHA-CHR-1197N,SLIDING RAIL DIA 19mm & 600mm LONG ROUND,Shower,Shower Accessories,CHR,1800,INR,NRP: 1610,SHA-CHR-1197N.jpeg
SHA-CHR-1187N,SLIDING RAIL DIA 19mm & 600mm LONG ROUND,Shower,Shower Accessories,CHR,1975,INR,NRP: 1750,SHA-CHR-1187N.jpeg
SHA-CHR-1189N,SLIDING RAIL ?24mm & 600mm LONG ROUND SH,Shower,Shower Accessories,CHR,2225,INR,NRP: 1980,SHA-CHR-1189N.jpeg
SHA-CHR-1189NL900,Sliding Rail Ø24mm & 900mm Long Round Sh,Faucets,SHA,CHR,3200,INR,NRP: 2830,
SHA-CHR-1110,SLIDE RAIL (24mm & 600mm) WITH SINGLE FU,Faucets,SHA,CHR,4175,INR,NRP: 3700,
SHA-CHR-1110E,SLIDE RAIL (?19mm & 600mm) WITH SINGLE F,Faucets,SHA,CHR,3175,INR,NRP: 3175,
SHA-CHR-1110EF,SLIDE RAIL (?19mm & 600mm) WITH SINGLE F,Faucets,SHA,CHR,3900,INR,NRP: 3900,
SHA-CHR-1110FHS,SLIDE RAIL (?19 mm & 600 mm) WITH SINGLE,Faucets,SHA,CHR,3650,INR,NRP: 3650,
SHA-CHR-1150,SLIDE RAIL (?24mm & 600mm) WITH MULTIFUN,Faucets,SHA,CHR,4575,INR,NRP: 4575,
SHA-CHR-1150EF,SLIDE RAIL (19mm & 600mm) WITH MULTIFUNC,Faucets,SHA,CHR,4375,INR,NRP: 4375,
SAE-CHR-1197N,Sliding Rail Dia 19mm & 600mm Long Round,Faucets,SAE,CHR,1800,INR,NRP: 1610,
SAE-CHR-547D8,SPIROCHROME FLEX TUBE 8mm DIA & 1.5M LON,Faucets,SAE,CHR,675,INR,NRP: 590,
SOL-CHR-6001B,S.l.bas.mix W/o Popup With B.hoses,Faucets,Solo,CHR,5250,INR,NRP: 4600,SOL-CHR-6001B.jpeg
SOL-CHR-6001BL600,Single Lever Basin Mixer Without Popup W,Faucets,SOL,CHR,5300,INR,NRP: 4650,
SOL-CHR-6001BMED,Single Lever Basin Mixer Without Popup W,Faucets,SOL,CHR,5750,INR,NRP: 4950,
SOL-CHR-6005NB,SINGLE LEVER TALL BOY WITH 150mm EXTENSI,Faucets,SOL,CHR,6750,INR,NRP: 5930,
SOL-CHR-6011,Pillar Cock,Faucets,Solo,CHR,3050,INR,NRP: 2700,SOL-CHR-6011.jpeg
SOL-CHR-6021,Pillar Cock With 200mm Extension Body,Faucets,Solo,CHR,4150,INR,NRP: 3700,SOL-CHR-6021.jpeg
SOL-CHR-6037,Bib Cock,Faucets,Solo,CHR,2800,INR,NRP: 2500,SOL-CHR-6037.jpeg
SOL-CHR-6041,2 Way Bib Cock With Wall Flange,Faucets,Solo,CHR,3600,INR,NRP: 3200,SOL-CHR-6041.jpeg
SOL-CHR-6047,Bib Cock With Wall Flange,Faucets,Solo,CHR,2700,INR,NRP: 2400,SOL-CHR-6047.jpeg
SOL-CHR-6051B,S/l Bas Mx With Popup & B.hoses,Faucets,Solo,CHR,6250,INR,NRP: 5700,SOL-CHR-6051B.jpeg
SOL-CHR-6051BKFUS,Single Lever Basin Mixer With Pop Up Was,Faucets,SOL,CHR,4100,INR,NRP: 4100,
SOL-CHR-6051BMED,Single Lever Basin Mixer With Extended L,Faucets,SOL,CHR,6750,INR,NRP: 6050,
SOL-CHR-6053,Angular Stop Cock With Flange,Faucets,SOL,CHR,1600,INR,NRP: 1450,
SOL-CHR-6053C,Angular Stop Cock Cold Only With Wall Fl,Faucets,Solo,CHR,2200,INR,NRP: 1950,SOL-CHR-6053C.jpeg
SOL-CHR-6053H,Angular Stop Cock Hot Only With Wall Fla,Faucets,Solo,CHR,2200,INR,NRP: 1950,SOL-CHR-6053H.jpeg
SOL-CHR-6135,Single Lever High Flow Bath Filler (conc,Faucets,Solo,CHR,10200,INR,NRP: 8950,SOL-CHR-6135.jpeg
SOL-CHR-6121K,Exposed Parts Of Floor Mounted Single Le,Faucets,Solo,CHR,45000,INR,NRP: 39170,SOL-CHR-6121K.jpeg
SOL-CHR-6079NK,Single Lever Exposed Parts Kit Of Hi-flo,Faucets,Solo,CHR,2425,INR,NRP: 2110,SOL-CHR-6079NK.jpeg
SOL-CHR-6079K,S/l Exposed Parts Kit Consisting Of Oper,Faucets,SOL,CHR,1550,INR,NRP: 1230,
SOL-CHR-6065MK,Single Lever Exposed Parts Kit Of Divert,Faucets,Solo,CHR,2700,INR,NRP: 2320,SOL-CHR-6065MK.jpeg
SOL-CHR-6071NB,Single Lever Tall Boy With 150mm Extensi,Faucets,SOL,CHR,7750,INR,NRP: 7210,
SOL-CHR-6075K,S/l Exposed Parts Kit Consisting Of Oper,Faucets,SOL,CHR,1775,INR,NRP: 1520,
SOL-CHR-6145,Single Lever Exposed Shower Mixer With P,Faucets,Solo,CHR,6500,INR,NRP: 5700,SOL-CHR-6145.jpeg
SOL-CHR-6147,Single Lever Exposed Shower Mixer With P,Faucets,Solo,CHR,5400,INR,NRP: 4730,SOL-CHR-6147.jpeg
SOL-CHR-6149,Single Lever Exposed Shower Mixer For Co,Faucets,Solo,CHR,5200,INR,NRP: 4620,SOL-CHR-6149.jpeg
SOL-CHR-6163,Single Lever Sink Mixer Swinging Spout (,Faucets,Solo,CHR,6000,INR,NRP: 5320,SOL-CHR-6163.jpeg
SOL-CHR-6165,Single Lever Sink Mixer With Swinging Sp,Faucets,Solo,CHR,6400,INR,NRP: 5650,SOL-CHR-6165.jpeg
SOL-CHR-6167B,C/H/B/M.REG.SPT.W/O POP.450mm LONG BRAID,Faucets,Solo,CHR,5050,INR,NRP: 4500,SOL-CHR-6167B.jpeg
SOL-CHR-6083K,Exposed Part Kit Of Concealed Stop Cock,Faucets,SOL,CHR,800,INR,NRP: 710,
SOL-CHR-6083KL,Exposed Part Kit Of Concealed Stop Cock,Faucets,Solo,CHR,900,INR,NRP: 800,SOL-CHR-6083KL.jpeg
SOL-CHR-6083KR,Exposed Part Kit Of Concealed Stop Cock,Faucets,Solo,CHR,900,INR,NRP: 800,SOL-CHR-6083KR.jpeg
SOL-CHR-6083L,In-wall Stop Valve Hot Only With Adjusta,Faucets,SOL,CHR,1500,INR,NRP: 1500,
SOL-CHR-6083R,In-wall Stop Valve Cold Only With Adjust,Faucets,SOL,CHR,1500,INR,NRP: 1500,
SOL-CHR-6089,CONC.STOP.COCK REG.BODY ADJ.W/FLNG 20mm,Faucets,SOL,CHR,1575,INR,NRP: 1340,
SOL-CHR-6089L,In-wall Stop Valve Hot Only With Adjusta,Faucets,SOL,CHR,1575,INR,NRP: 1575,
SOL-CHR-6089R,In-wall Stop Valve Cold Only With Adjust,Faucets,SOL,CHR,1575,INR,NRP: 1575,
SOL-CHR-6095,Bath Tub Filler Cons.of 2 Control Cock,Faucets,Solo,CHR,9700,INR,NRP: 8650,SOL-CHR-6095.jpeg
SOL-CHR-6119,Single Lever Wall Mixer With Provision O,Faucets,Solo,CHR,7100,INR,NRP: 6300,SOL-CHR-6119.jpeg
SOL-CHR-6169B,C/h/b/m/round Spt.with Pop  B Hoses,Faucets,Solo,CHR,6050,INR,NRP: 5900,SOL-CHR-6169B.jpeg
SOL-CHR-6173B,Single Lever Sink Mixer With Swinging Sp,Faucets,Solo,CHR,4900,INR,NRP: 4290,SOL-CHR-6173B.jpeg
SOL-CHR-6189,3-hol Bas Mix W/o Popup Waste,Faucets,Solo,CHR,7850,INR,NRP: 7000,SOL-CHR-6189.jpeg
SOL-CHR-6191,3-hol Bas.mix.with Popup Waste,Faucets,Solo,CHR,8850,INR,NRP: 8350,SOL-CHR-6191.jpeg
SOL-CHR-6139,Single Lever Concealed Shower Mixer For,Faucets,Solo,CHR,5000,INR,NRP: 4290,SOL-CHR-6139.jpeg
SOL-CHR-6137,Single Lever High Flow Bath & Shower Mix,Faucets,Solo,CHR,10900,INR,NRP: 9600,SOL-CHR-6137.jpeg
SOL-CHR-6233NK,Exposed Part Kit Of Single Lever Basin M,Faucets,Solo,CHR,4100,INR,NRP: 3530,SOL-CHR-6233NK.jpeg
SOL-CHR-6193K,Single Lever 3-inlet Exposed Parts Kit C,Faucets,SOL,CHR,2100,INR,NRP: 1800,
SOL-CHR-6193NK,Single Lever 3-inlet Diverter Exposed Pa,Faucets,Solo,CHR,3250,INR,NRP: 2790,SOL-CHR-6193NK.jpeg
SOL-CHR-6209,Shower Mixer For Shr Cubicles,Faucets,SOL,CHR,6100,INR,NRP: 5450,
SOL-CHR-6213B,Single Lever 1-hole Bidet Mixer With Pop,Faucets,SOL,CHR,6250,INR,NRP: 5700,
SOL-CHR-6215,Wall Mix. W/o Spout Wth Prov O/h And Tel,Faucets,Solo,CHR,7750,INR,NRP: 6900,SOL-CHR-6215.jpeg
SOL-CHR-6217,Wal.mixer Without Crutch And B Pipe,Faucets,Solo,CHR,9550,INR,NRP: 8500,SOL-CHR-6217.jpeg
SOL-CHR-6219,Wall Mix Non-tel.shower System,Faucets,Solo,CHR,8350,INR,NRP: 7450,SOL-CHR-6219.jpeg
SOL-CHR-6221,Bath Tub Mixer With Exposed Straight,Faucets,SOL,CHR,5500,INR,NRP: 5500,
SOL-CHR-6223,Sol H Type Deck Bath Filler,Faucets,SOL,CHR,4400,INR,NRP: 4400,
SOL-CHR-6227K,Single Lever Exposed Parts Kit Of Deusch,Faucets,Solo,CHR,1800,INR,NRP: 1540,SOL-CHR-6227K.jpeg
SOL-CHR-6231K,Exposed Parts Kit Of Single Lever Basin,Faucets,SOL,CHR,2650,INR,NRP: 2000,
SOL-CHR-6231NK,Exposed Parts Kit Of Single Lever Basin,Faucets,SOL,CHR,4100,INR,NRP: 3080,
SOL-CHR-6359,S Cock Swng Spout (t.m.) Angular Knob,Faucets,Solo,CHR,3550,INR,NRP: 3150,SOL-CHR-6359.jpeg
SOL-CHR-6421,4-way Div With Built In N R V,Faucets,Solo,CHR,4700,INR,NRP: 4200,SOL-CHR-6421.jpeg
SOL-CHR-6431,Two Concealed S.cock  Wih  Single Plate,Faucets,Solo,CHR,5850,INR,NRP: 5200,SOL-CHR-6431.jpeg
SOL-CHR-6433,2-CONC.stop Cocks With Bas.spt.,Faucets,Solo,CHR,6800,INR,NRP: 6050,SOL-CHR-6433.jpeg
SOL-CHR-6267,W/m/tel/swr/arg. Only With Wall Bracket,Faucets,Solo,CHR,10300,INR,NRP: 9200,SOL-CHR-6267.jpeg
SOL-CHR-6271,B/t/m (ex.aj) Tel.sr.only With Stand,Faucets,Solo,CHR,12700,INR,NRP: 11300,SOL-CHR-6271.jpeg
SOL-CHR-6273UPR,Wall Mixer With Provision For Overhead S,Faucets,Solo,CHR,10600,INR,NRP: 9400,SOL-CHR-6273UPR.jpeg
SOL-CHR-6273UPRNC,Wall Mixer With Provision For Overhead S,Faucets,SOL,CHR,10800,INR,NRP: 9600,
SOL-CHR-6275,Bath & Shower Mixer H-type,Faucets,SOL,CHR,4800,INR,NRP: 4800,
SOL-CHR-6281,WALL MIX. 3-IN-1 WITH 115mm B.PIPE,Faucets,Solo,CHR,11300,INR,NRP: 10100,SOL-CHR-6281.jpeg
SOL-CHR-6309,Sink Mix With Swing Spout Wall Mounted.,Faucets,Solo,CHR,6850,INR,NRP: 6100,SOL-CHR-6309.jpeg
SOL-CHR-6319B,"1-H.SINK MIX.SW HIGH NECK SPT.12mm,450mm",Faucets,Solo,CHR,5600,INR,NRP: 5000,SOL-CHR-6319B.jpeg
SOL-CHR-6319BL600,Sink Mixer With Swinging Spout (table Mo,Faucets,SOL,CHR,5650,INR,NRP: 5050,
SOL-CHR-6347,Sink Cock Reg.swing Spt Wall Flange.,Faucets,Solo,CHR,2800,INR,NRP: 2500,SOL-CHR-6347.jpeg
SOL-CHR-6357,Sink Cock With (t/m) Swinging Spout,Faucets,Solo,CHR,3500,INR,NRP: 3100,SOL-CHR-6357.jpeg
SOL-CHR-6435,2 Conc.stop Cocks With Bath Spout,Faucets,Solo,CHR,7850,INR,NRP: 7000,SOL-CHR-6435.jpeg
SOL-CHR-6437,Two Conc.with Bath Spout Wth Butt.attach,Faucets,Solo,CHR,9000,INR,NRP: 8000,SOL-CHR-6437.jpeg
SOL-CHR-6441,Singl Concled Stop Cock Wth Basin Spout,Faucets,SOL,CHR,2600,INR,NRP: 2330,
SOL-CHR-6441K,Exposed Part Kit Of Single Concealed Sto,Faucets,Solo,CHR,2350,INR,NRP: 2100,SOL-CHR-6441K.jpeg
SOL-CHR-6613B,"1-HOL.BID.MIX.POP.10mmDIA,375mm LONG",Faucets,Solo,CHR,6400,INR,NRP: 5690,SOL-CHR-6613B.jpeg
SOL-CHR-6651,Thermostatic Concealed Shower Mixer,Faucets,SOL,CHR,9200,INR,NRP: 8350,
SOL-CHR-6671,Thermostatic Conc.bath & Shr Mixer,Faucets,SOL,CHR,10700,INR,NRP: 9800,
SOL-CHR-6809,Deck Mounted Stop Valve,Faucets,SOL,CHR,1600,INR,NRP: 1600,
SOL-CHR-6809L,Deck Mounted Stop Valve Hot Only,Faucets,SOL,CHR,2250,INR,NRP: 2000,
SOL-CHR-6809R,Deck Mounted Stop Valve Cold Only,Faucets,SOL,CHR,2250,INR,NRP: 2000,
SPL-CHR-553,Flush Cock With Wall Flange 25mm Size Wi,Faucets,SPL,CHR,3000,INR,NRP: 2450,
SPJ-CHR-10429PM,Bath Tub Spout With Wall Flange,Faucets,Bathtub Spouts,CHR,2750,INR,NRP: 2450,SPJ-CHR-10429PM.jpeg
SPJ-CHR-10463PM,Ornamix Prime Bath Tub Spout With Button,Faucets,Bathtub Spouts,CHR,3450,INR,NRP: 2900,SPJ-CHR-10463PM.jpeg
SPJ-CHR-7429,Queen Bath Tub Spout With Wall Flange,Faucets,Bathtub Spouts,CHR,2700,INR,NRP: 2400,SPJ-CHR-7429.jpeg
SPJ-CHR-7429PM,Bath Tub Spout With Wall Flange,Faucets,Bathtub Spouts,CHR,3050,INR,NRP: 2650,SPJ-CHR-7429PM.jpeg
SPJ-CHR-7463PM,Bath Tub Spout With Button Attachment Fo,Faucets,Bathtub Spouts,CHR,3750,INR,NRP: 3290,SPJ-CHR-7463PM.jpeg
SPJ-CHR-7439,Queen Bath Tub Spout With Wall Flange,Faucets,SPJ,CHR,1450,INR,NRP: 1450,
SPJ-CHR-7463,Queen Bath Tub Spout With Button Attachm,Faucets,Bathtub Spouts,CHR,3400,INR,NRP: 3250,SPJ-CHR-7463.jpeg
SPJ-CHR-15429PM,Opal Prime Bath Tub Spout With Wall Flan,Faucets,Bathtub Spouts,CHR,2450,INR,NRP: 2150,SPJ-CHR-15429PM.jpeg
SPJ-CHR-81429,Vignette Prime Bath Tub Spout With Wall,Faucets,Bathtub Spouts,CHR,2750,INR,NRP: 2450,SPJ-CHR-81429.jpeg
SPJ-CHR-8463,Rendezvous Bath Spout With Diverter & Wa,Faucets,SPJ,CHR,2450,INR,NRP: 2450,
SPJ-CHR-15463PM,Opal Prime Bath Tub Spout With Button At,Faucets,Bathtub Spouts,CHR,3150,INR,NRP: 2750,SPJ-CHR-15463PM.jpeg
SPJ-CHR-15429,Opal Bath Tub Spout With Wall Flange,Faucets,SPJ,CHR,1200,INR,NRP: 1100,
SPJ-CHR-81463,Vignette Prime Bath Tub Spout With Butto,Faucets,Bathtub Spouts,CHR,3450,INR,NRP: 3200,SPJ-CHR-81463.jpeg
SPJ-CHR-29429,Fusion Bath Tub Spout With Wall Flange,Faucets,Bathtub Spouts,CHR,2125,INR,NRP: 1840,SPJ-CHR-29429.jpeg
SPJ-CHR-29429PM,Bathtub Spout With Wall Flange,Faucets,Bathtub Spouts,CHR,2250,INR,NRP: 1970,SPJ-CHR-29429PM.jpeg
SPJ-CHR-29439,FUSION BATH SPOUT (20mm) WITH WALL FLANG,Faucets,SPJ,CHR,1350,INR,NRP: 1350,
SPJ-CHR-29463,Fusion Bath Tub Spout With Button Attach,Faucets,Bathtub Spouts,CHR,2825,INR,NRP: 2470,SPJ-CHR-29463.jpeg
SPJ-CHR-29463PM,Bath Tub Spout With Button Attachment Fo,Faucets,Bathtub Spouts,CHR,2950,INR,NRP: 2580,SPJ-CHR-29463PM.jpeg
SPJ-CHR-35429PM,Kubix Prime Bath Tub Spout With Wall Fla,Faucets,Bathtub Spouts,CHR,2700,INR,NRP: 2350,SPJ-CHR-35429PM.jpeg
SPJ-CHR-87463,Bath Tub Spout With Button Attachment Fo,Faucets,Bathtub Spouts,CHR,3575,INR,NRP: 3380,SPJ-CHR-87463.jpeg
SPJ-CHR-87429,Bath Tub Spout With Wall Flange,Faucets,Bathtub Spouts,CHR,2875,INR,NRP: 2470,SPJ-CHR-87429.jpeg
SPJ-CHR-85463,Alive Range Bath Tub Spout With Button A,Faucets,Bathtub Spouts,CHR,4300,INR,NRP: 3400,SPJ-CHR-85463.jpeg
SPJ-CHR-85429,Alive Range Bath Tub Spout With Wall Fla,Faucets,Bathtub Spouts,CHR,3600,INR,NRP: 3150,SPJ-CHR-85429.jpeg
SPJ-CHR-5439,Florentine Bath Tub Spout With Wall Flan,Faucets,SPJ,CHR,1150,INR,NRP: 1150,
SPJ-CHR-5429,Florentine Bath Tub Spout With Wall Flan,Faucets,SPJ,CHR,1725,INR,NRP: 1520,
SPJ-CHR-5429PM,Bathtub Spout With Wall Flange,Faucets,Bathtub Spouts,CHR,2050,INR,NRP: 1800,SPJ-CHR-5429PM.jpeg
SPJ-CHR-5429S,"Bathtub Spout With Wall Flange, Stainles",Faucets,SPJ,CHR,1725,INR,NRP: 1520,
SPJ-CHR-5443,"Florentine Basin Spout 7"" With Flange",Faucets,SPJ,CHR,1475,INR,NRP: 1290,
SPJ-CHR-5447,"Basin Spout 9"" With Wall Flange",Faucets,SPJ,CHR,1750,INR,NRP: 1550,
SPJ-CHR-5463,Florentine Bath Tub Spout With Button At,Faucets,SPJ,CHR,2775,INR,NRP: 2450,
SPJ-CHR-5463PM,Bath Tub Spout With Button Attachment Fo,Faucets,Bathtub Spouts,CHR,2750,INR,NRP: 2490,SPJ-CHR-5463PM.jpeg
SPJ-CHR-461,Bath Tub Spout With Button Attachement W,Faucets,Bathtub Spouts,CHR,4000,INR,NRP: 3490,SPJ-CHR-461.jpeg
SPJ-CHR-463,Bathtub Spout With Button Attachment For,Faucets,SPJ,CHR,3550,INR,NRP: 3150,
SPJ-CHR-463PM,Bath Tub Spout With Button Attachment Fo,Faucets,Bathtub Spouts,CHR,2650,INR,NRP: 2290,SPJ-CHR-463PM.jpeg
SPJ-CHR-467,Bath Tub Spout Heavy Casted Body With Bu,Faucets,Bathtub Spouts,CHR,5350,INR,NRP: 4700,SPJ-CHR-467.jpeg
SPJ-CHR-445PS,"Basin Pipe Spout  With Base Flange , Dec",Faucets,SPJ,CHR,1850,INR,NRP: 1650,
SPJ-CHR-433,CONTINENTAL BATH TUB SPOUT 235mm LONG WI,Faucets,SPJ,CHR,3500,INR,NRP: 3100,
SPJ-CHR-429,Continental Bath Tub Spout With Wall Fla,Faucets,SPJ,CHR,2025,INR,NRP: 1800,
SPJ-CHR-429PM,Bath Tub Spout With Wall Flange,Faucets,Bathtub Spouts,CHR,1950,INR,NRP: 1680,SPJ-CHR-429PM.jpeg
SPJ-CHR-91429SSP,Bathtub Short Spout With Wall Flange,Faucets,SPJ,CHR,4000,INR,NRP: 3420,
SPJ-CHR-91463,Bathtub Spout With Button Attachment For,Faucets,Bathtub Spouts,CHR,5850,INR,NRP: 5050,SPJ-CHR-91463.jpeg
SPJ-CHR-91429,Bathtub Spout With Wall Flange,Faucets,Bathtub Spouts,CHR,4500,INR,NRP: 3870,SPJ-CHR-91429.jpeg
SPJ-CHR-37429,D-shape Bath Tub Spout With Wall Flange,Faucets,Bathtub Spouts,CHR,2550,INR,NRP: 2250,SPJ-CHR-37429.jpeg
SPJ-CHR-37463,D-shape Bath Tub Spout With Button Attac,Faucets,Bathtub Spouts,CHR,3250,INR,NRP: 2750,SPJ-CHR-37463.jpeg
SPJ-CHR-35439,KUBIX BATH SPOUT (20mm) WITH WALL FLANGE,Faucets,SPJ,CHR,1600,INR,NRP: 1600,
SPJ-CHR-35463PM,Kubix Prime Bath Tub Spout With Button A,Faucets,Bathtub Spouts,CHR,3400,INR,NRP: 2850,SPJ-CHR-35463PM.jpeg
SOT-CHR-83011,Spout Operated Pillar Tap Round Shape Wi,Faucets,Spout Operating Taps,CHR,2125,INR,NRP: 1900,SOT-CHR-83011.jpeg
SOT-CHR-83037,Spout Operated Bib Tap Round Shape With,Faucets,Spout Operating Taps,CHR,2075,INR,NRP: 1850,SOT-CHR-83037.jpeg
SOT-CHR-83037L100,Spout Operated Bib Tap Round Shape With,Faucets,SOT,CHR,1750,INR,NRP: 1600,
SOT-CHR-83037L50,Spout Operated Bib Tap Round Shape With,Faucets,SOT,CHR,2500,INR,NRP: 2230,
VGN-CHR-27011B,S/L/B/M W/O POP.WAST SYS.450mm LNG BRAID,Faucets,VGN,CHR,4150,INR,NRP: 4150,
VGN-CHR-27089,"Concealed Stop Cock 3/4"" With Flange",Faucets,VGN,CHR,1350,INR,NRP: 1350,
VGP-CHR-81683K,Aquamax Exposed Part Kit Of Thermostatic,Faucets,VGP,CHR,4250,INR,NRP: 3740,
VGP-CHR-81685NK,Aquamax Exposed Part Kit Of Thermostatic,Faucets,VGP,CHR,6000,INR,NRP: 5260,
VGP-CHR-81783NK,Aquamax Exposed Part Kit Of Single Lever,Faucets,Vignette Prime,CHR,4500,INR,NRP: 3890,VGP-CHR-81783NK.jpeg
VGP-CHR-81785NK,Aquamax Exposed Part Kit Of Single Lever,Faucets,VGP,CHR,4500,INR,NRP: 3890,
VGP-CHR-81441K,Exposed Part Kit Of Single Concealed Sto,Faucets,Vignette Prime,CHR,2800,INR,NRP: 2490,VGP-CHR-81441K.jpeg
VGP-CHR-81683NK,Aquamax Exposed Part Kit Of Thermostatic,Faucets,Vignette Prime,CHR,6000,INR,NRP: 5260,VGP-CHR-81683NK.jpeg
VGP-CHR-81661NK,Aquamax Exposed Part Kit Of Thermostatic,Faucets,Vignette Prime,CHR,6000,INR,NRP: 5260,VGP-CHR-81661NK.jpeg
VGP-CHR-81661K,Aquamax Exposed Part Kit Of Thermostatic,Faucets,VGP,CHR,4250,INR,NRP: 3740,
VGP-CHR-81681NK,Aquamax Exposed Part Kit Of Thermostatic,Faucets,Vignette Prime,CHR,6000,INR,NRP: 5260,VGP-CHR-81681NK.jpeg
VGP-CHR-81783K,Aquamax Exposed Part Kit Of Single Lever,Faucets,VGP,CHR,3250,INR,NRP: 2780,
VGP-CHR-81433,Two Concealed Stop Cocks With Basin Spou,Faucets,Vignette Prime,CHR,6900,INR,NRP: 6120,VGP-CHR-81433.jpeg
VGP-CHR-81681K,Aquamax Exposed Part Kit Of Thermostatic,Faucets,VGP,CHR,4250,INR,NRP: 3740,
VGP-CHR-81421,4-way Divertor For Concealed Fitting Wit,Faucets,Vignette Prime,CHR,4500,INR,NRP: 4010,VGP-CHR-81421.jpeg
VGP-CHR-81275,Bath & Shower Mixer H-type,Faucets,VGP,CHR,5400,INR,NRP: 5400,
VGP-CHR-81213B,Single Lever 1 - Hole Bidet Mixer With P,Faucets,Vignette Prime,CHR,6850,INR,NRP: 6460,VGP-CHR-81213B.jpeg
VGP-CHR-81233NK,Exposed Part Kit Of Single Lever Basin M,Faucets,Vignette Prime,CHR,5150,INR,NRP: 4440,VGP-CHR-81233NK.jpeg
VGP-CHR-81193K,Single Lever 3-inlet Exposed Parts Kit C,Faucets,VGP,CHR,3200,INR,NRP: 2750,
VGP-CHR-81193NK,Single Lever 3-inlet Diverter Exposed Pa,Faucets,Vignette Prime,CHR,3900,INR,NRP: 3350,VGP-CHR-81193NK.jpeg
VGP-CHR-81145,Single Lever Exposed Shower Mixer With P,Faucets,Vignette Prime,CHR,7100,INR,NRP: 6240,VGP-CHR-81145.jpeg
VGP-CHR-81223,2 Hole H Type Bath Filler,Faucets,VGP,CHR,5000,INR,NRP: 5000,
VGP-CHR-81227,Single Lever Concealed Deusch Mixer With,Faucets,VGP,CHR,3150,INR,NRP: 2570,
VGP-CHR-81229,Single Lever Concealed Deusch Mixer With,Faucets,VGP,CHR,3150,INR,NRP: 2570,
VGP-CHR-81227K,Single Lever Exposed Parts Kit Of Deusch,Faucets,Vignette Prime,CHR,1725,INR,NRP: 1490,VGP-CHR-81227K.jpeg
VGP-CHR-81089L,In-wall Stop Valve Hot Only With Adjusta,Faucets,VGP,CHR,1525,INR,NRP: 1525,
VGP-CHR-81121K,Exposed Parts Of Floor Mounted Single Le,Faucets,Vignette Prime,CHR,44900,INR,NRP: 39020,VGP-CHR-81121K.jpeg
VGP-CHR-81149,Single Lever Exposed Shower Mixer For Co,Faucets,Vignette Prime,CHR,6050,INR,NRP: 5200,VGP-CHR-81149.jpeg
VGP-CHR-81165,Single Lever Sink Mixer With Swinging Sp,Faucets,Vignette Prime,CHR,6500,INR,NRP: 5720,VGP-CHR-81165.jpeg
VGP-CHR-81147,Single Lever Exposed Shower Mixer With P,Faucets,Vignette Prime,CHR,5800,INR,NRP: 5040,VGP-CHR-81147.jpeg
VGP-CHR-81165SSP,Single Lever Sink Mixer With Swinging Sm,Faucets,VGP,CHR,6500,INR,NRP: 5720,
VGP-CHR-81173B,Single Lever Sink Mixer With Swinging Sp,Faucets,Vignette Prime,CHR,5650,INR,NRP: 4970,VGP-CHR-81173B.jpeg
VGP-CHR-81005NB,SINGLE LEVER TALL BOY WITH 180mm EXTENSI,Faucets,Vignette Prime,CHR,7800,INR,NRP: 6790,VGP-CHR-81005NB.jpeg
VGP-CHR-81071B,SINGLE LEVER TALL BOY WITH 180mm EXTENSI,Faucets,VGP,CHR,8800,INR,NRP: 8170,
VGP-CHR-81075K,Single Lever Exposed Parts Kit Consistin,Faucets,VGP,CHR,1875,INR,NRP: 1610,
VGP-CHR-81065K,Single Lever Exposed Parts Kit Consistin,Faucets,VGP,CHR,1350,INR,NRP: 970,
VGP-CHR-81065MK,Single Lever Exposed Parts Kit Of Divert,Faucets,Vignette Prime,CHR,2625,INR,NRP: 2250,VGP-CHR-81065MK.jpeg
VGP-CHR-81119,Single Lever Wall Mixer With Provision O,Faucets,Vignette Prime,CHR,7750,INR,NRP: 6900,VGP-CHR-81119.jpeg
VGP-CHR-81079NK,Single Lever Exposed Parts Kit Of Hi-flo,Faucets,Vignette Prime,CHR,2500,INR,NRP: 2160,VGP-CHR-81079NK.jpeg
VGP-CHR-81083,"Concealed Stop Cock, Regular Body With A",Faucets,VGP,CHR,1450,INR,NRP: 1305,
VGP-CHR-81083K,Exposed Part Kit Of Concealed Stop Cock,Faucets,Vignette Prime,CHR,825,INR,NRP: 720,VGP-CHR-81083K.jpeg
VGP-CHR-81083L,In-wall Stop Valve Hot Only With Adjusta,Faucets,VGP,CHR,1450,INR,NRP: 1450,
VGP-CHR-81083R,In-wall Stop Valve Cold Only With Adjust,Faucets,VGP,CHR,1450,INR,NRP: 1450,
VGP-CHR-81089R,In-wall Stop Valve Cold Only With Adjust,Faucets,VGP,CHR,1525,INR,NRP: 1525,
VGP-CHR-81005NBL900,Single Lever Tall Boy With 180mm Extensi,Faucets,VGP,CHR,7900,INR,NRP: 6890,
VGP-CHR-81011B,Single Lever Basin Mixer Without Popup W,Faucets,Vignette Prime,CHR,5850,INR,NRP: 5140,VGP-CHR-81011B.jpeg
VGP-CHR-81053,Angular Stop Cock With Wall Flange,Faucets,Vignette Prime,CHR,1425,INR,NRP: 1250,VGP-CHR-81053.jpeg
VGP-CHR-81001,Pillar Cock,Faucets,Vignette Prime,CHR,3150,INR,NRP: 2810,VGP-CHR-81001.jpeg
VGP-CHR-81011BL600,Single Lever Basin Mixer Without Popup W,Faucets,VGP,CHR,5900,INR,NRP: 5190,
VGP-CHR-81011BL900,Single Lever Basin Mixer Without Popup W,Faucets,VGP,CHR,5950,INR,NRP: 5240,
VGP-CHR-81015SGP,Lift Type Operating Knob Basin Tap For S,Faucets,VGP,CHR,2900,INR,NRP: 2900,
VGP-CHR-81021N,Pillar Cock With Extension Body,Faucets,Vignette Prime,CHR,4000,INR,NRP: 3580,VGP-CHR-81021N.jpeg
VGP-CHR-81041,2 Way Bib Cock With Wall Flange,Faucets,Vignette Prime,CHR,3050,INR,NRP: 2690,VGP-CHR-81041.jpeg
VGP-CHR-81051B,Single Lever Basin Mixer With Popup Wast,Faucets,Vignette Prime,CHR,6850,INR,NRP: 6460,VGP-CHR-81051B.jpeg
VGP-CHR-81037,Bib Cock With Wall Flange,Faucets,Vignette Prime,CHR,2675,INR,NRP: 2370,VGP-CHR-81037.jpeg
VTG-CHR-9053,Angular Stop Cock With Flange,Faucets,VTG,CHR,695,INR,NRP: 695,
ALS-WHT-85601,"COUNTER TOP BASIN, SIZE:705X465X200 mm",Sanitaryware,Alive,WHT,12900,INR,NRP: 11100,ALS-WHT-85601.jpeg
ACS-WHT-87953BIUF,Rimless Wall Hung Wc With Uf Soft Close,Sanitaryware,ACS,WHT,40100,INR,NRP: 34470,
ACS-WHT-87901,"TABLE TOP BASIN, SIZE: 580X430X130 mm",Sanitaryware,ACS,WHT,15800,INR,NRP: 13600,
ACS-WHT-87801,"Wall Hung Basin With Fixing Accessories,",Sanitaryware,ACS,WHT,18300,INR,NRP: 15700,
ACS-WHT-87951,Rimless Wall Hung Wc With Uf Soft Close,Sanitaryware,ACS,WHT,30990,INR,NRP: 27500,
ACS-BLM-87953BIUFSM,Rimless Blind Installation Wall Hung Wc,Sanitaryware,ACS,BLM,27800,INR,NRP: 23900,
ACS-GRM-87953BIUFSM,Rimless Blind Installation Wall Hung Wc,Sanitaryware,ACS,GRM,27800,INR,NRP: 23900,
ACS-BEM-87953BIUFSM,Rimless Blind Installation Wall Hung Wc,Sanitaryware,ACS,BEM,29200,INR,NRP: 25100,
ACS-WHM-87953BIUFSM,Rimless Blind Installation Wall Hung Wc,Sanitaryware,ACS,WHM,27800,INR,NRP: 23900,
ACS-BLM-87153,"Wall Hung Bidet With Accessories Set, Si",Sanitaryware,ACS,BLM,20200,INR,NRP: 17400,
ACS-BLM-87901,"TABLE TOP BASIN, SIZE: 580X430X130 mm",Sanitaryware,ACS,BLM,19200,INR,NRP: 16500,
ACS-WHT-87153,"Wall Hung Bidet With Accessories Set, Si",Sanitaryware,ACS,WHT,16900,INR,NRP: 14500,
ACS-WHT-87953BIUFSM,Rimless Blind Installation Wall Hung Wc,Sanitaryware,ACS,WHT,23500,INR,NRP: 20200,
ACS-GRM-87901,"TABLE TOP BASIN, SIZE: 580X430X130 mm",Sanitaryware,ACS,GRM,19200,INR,NRP: 16500,
ACS-BEM-87901,"TABLE TOP BASIN, SIZE: 580X430X130 mm",Sanitaryware,ACS,BEM,20200,INR,NRP: 17400,
ACS-BEM-87153,"Wall Hung Bidet With Accessories Set, Si",Sanitaryware,ACS,BEM,21300,INR,NRP: 18300,
ACS-WHT-87701,Under Counter Basin With Fixing Accessor,Sanitaryware,ACS,WHT,5450,INR,NRP: 4700,
ACS-WHM-87901,"TABLE TOP BASIN, SIZE: 580X430X130 mm",Sanitaryware,ACS,WHM,19200,INR,NRP: 16500,
ACS-WHM-87701,Under Counter Basin With Fixing Accessor,Sanitaryware,ACS,WHM,6500,INR,NRP: 5600,
ACS-BEM-87701,Under Counter Basin With Fixing Accessor,Sanitaryware,ACS,BEM,7000,INR,NRP: 6000,
ACS-GRM-87701,Under Counter Basin With Fixing Accessor,Sanitaryware,ACS,GRM,6500,INR,NRP: 5600,
ACS-BEM-87953NBIUF,Rimless Blind Installation Wall Hung Wc,Sanitaryware,ACS,BEM,29600,INR,NRP: 25450,
ACS-WHM-87953NBIUF,Rimless Blind Installation Wall Hung Wc,Sanitaryware,ACS,WHM,28200,INR,NRP: 24250,
ACS-GRM-87953NBIUF,Rimless Blind Installation Wall Hung Wc,Sanitaryware,ACS,GRM,28200,INR,NRP: 24250,
ACS-BLM-87953NBIUF,Rimless Blind Installation Wall Hung Wc,Sanitaryware,ACS,BLM,28200,INR,NRP: 24250,
ACS-BLM-87701,Under Counter Basin With Fixing Accessor,Sanitaryware,ACS,BLM,6500,INR,NRP: 5600,
ARS-WHT-39853S300PP,Siphonic Single Piece Wc With Pp Soft Cl,Sanitaryware,ARS,WHT,19900,INR,NRP: 17100,
ARS-WHT-39853S220PP,Siphonic Single Piece Wc With Pp Soft Cl,Sanitaryware,ARS,WHT,19900,INR,NRP: 17100,
ARS-WHT-39853P180PP,Siphonic Single Piece Wc With Pp Soft Cl,Sanitaryware,ARS,WHT,19900,INR,NRP: 17100,
ARS-WHT-39955S110UFSM,Rimless Back To Wall Wc With Uf Soft Clo,Sanitaryware,ARS,WHT,19000,INR,NRP: 16300,
ARS-WHT-39159,Floor Mounted Bidet With Fixing Accessor,Sanitaryware,ARS,WHT,13400,INR,NRP: 11500,
ARS-WHT-39851S300BTL,"Tankless Single Piece Wc, Single Flush W",Sanitaryware,ARS,WHT,35350,INR,NRP: 30400,
ARS-WHT-39851P180UFSMTL,Tankless Single Piece Wc With Uf Soft Cl,Sanitaryware,Aria,WHT,38500,INR,NRP: 33100,ARS-WHT-39851P180UFSMTL.jpeg
ARS-WHT-39851P180BTL,"Tankless Single Piece Wc, Single Flush W",Sanitaryware,ARS,WHT,35350,INR,NRP: 30400,
ARS-WHT-39151T,Floor Mounted Bidet With Fixing Accessor,Sanitaryware,Aria,WHT,14000,INR,NRP: 12000,ARS-WHT-39151T.jpeg
ARS-WHT-39151N,Floor Mounted Bidet With Fixing Accessor,Sanitaryware,Aria,WHT,15200,INR,NRP: 13100,ARS-WHT-39151N.jpeg
ARS-WHT-39961NBIUFSMTL,Tankless Wall Hung Wc With Sensor And La,Sanitaryware,Aria,WHT,32900,INR,NRP: 28300,ARS-WHT-39961NBIUFSMTL.jpeg
ARS-WHT-39961BIUFSMTL,"Tankless Wall Hung Wc With Sensor Flush,",Sanitaryware,ARS,WHT,28000,INR,NRP: 24200,
ARS-WHT-39851S300UFSMTL,Tankless Single Piece Wc With Uf Soft Cl,Sanitaryware,Aria,WHT,38500,INR,NRP: 33100,ARS-WHT-39851S300UFSMTL.jpeg
ARS-WHT-39155,"Wall Hung Bidet, Size : 350X490X340 Mm",Sanitaryware,Aria,WHT,15100,INR,NRP: 13000,ARS-WHT-39155.jpeg
ARS-WHT-39751P180PP,Bowl For Coupled Wc With Pp Soft Close S,Sanitaryware,ARS,WHT,9300,INR,NRP: 8010,
ARS-WHT-39751S250PPZ,Bowl With Cistern For Coupled Wc With Pp,Sanitaryware,ARS,WHT,15300,INR,NRP: 13320,
ARS-WHT-39751P180UFSMZ,Bowl With Cistern For Coupled Wc Wit,Sanitaryware,Aria,WHT,19900,INR,NRP: 17100,ARS-WHT-39751P180UFSMZ.jpeg
ARS-WHT-39751P180PPZ,Bowl With Cistern For Coupled Wc Wit,Sanitaryware,ARS,WHT,15300,INR,NRP: 13320,
ARS-WHT-39751S250UFSMZ,Bowl With Cistern For Coupled Wc Wit,Sanitaryware,ARS,WHT,19900,INR,NRP: 17100,
ARS-WHT-39751S240UFSMZ,Bowl With Cistern For Coupled Wc Wit,Sanitaryware,ARS,WHT,19900,INR,NRP: 17100,
ARS-WHT-39951UFSM,Wall Hung Wc With Uf Soft Close Slim Sea,Sanitaryware,Aria,WHT,20000,INR,NRP: 17000,ARS-WHT-39951UFSM.jpeg
ARS-WHT-39953BIUFSM,"Rimless, Blind Installation Wall Hung Wc",Sanitaryware,Aria,WHT,17800,INR,NRP: 15300,ARS-WHT-39953BIUFSM.jpeg
ARS-WHT-39153,"Wall Hung-bidet With Fixing Accessories,",Sanitaryware,Aria,WHT,15800,INR,NRP: 13600,ARS-WHT-39153.jpeg
ARS-WHT-39955P180UFSM,"Rimless Back To Wall Wc, With Uf Soft Cl",Sanitaryware,Aria,WHT,21000,INR,NRP: 18100,ARS-WHT-39955P180UFSM.jpeg
ARS-WHT-39803,Wall Hung Integrated Basin With Fixing A,Sanitaryware,Aria,WHT,13400,INR,NRP: 11700,ARS-WHT-39803.jpeg
ARS-WHT-39201C,"Cistern Only For 3951S, 39751p",Sanitaryware,ARS,WHT,3600,INR,NRP: 3100,
ARS-WHT-39305,Half Pedestal With Fixing Accessories Se,Sanitaryware,Aria,WHT,1850,INR,NRP: 1600,ARS-WHT-39305.jpeg
ARS-WHT-39951,Wall Hung WC with UF soft close slim sea,Sanitaryware,ARS,WHT,12990,INR,NRP: 11380,
ARS-WHT-39201,Cistern With Cistern Fittings For 39751p,Sanitaryware,ARS,WHT,5190,INR,NRP: 4290,
ARS-WHT-39901,"TABLE TOP BASIN, SIZE:420X420X135 mm",Sanitaryware,Aria,WHT,4400,INR,NRP: 3800,ARS-WHT-39901.jpeg
ARS-WHT-39903,"TABLE TOP BASIN, SIZE:700X435X135 mm",Sanitaryware,Aria,WHT,7650,INR,NRP: 6600,ARS-WHT-39903.jpeg
ARS-WHT-39801,Wall Hung Basin With Fixing Accessories,Sanitaryware,Aria,WHT,5700,INR,NRP: 4900,ARS-WHT-39903.jpeg
ARS-WHT-39601,"COUNTER TOP BASIN, SIZE:635X430X190 mm",Sanitaryware,ARS,WHT,10200,INR,NRP: 8850,
ARS-WHT-39301,Full Pedestal For ARS-WHT-39801,Sanitaryware,Aria,WHT,2525,INR,NRP: 2200,ARS-WHT-39301.jpeg
CNS-WHT-811,Wall Hung Basin With Fixing Accessories,Sanitaryware,Continental,WHT,3450,INR,NRP: 3050,CNS-WHT-811.jpeg
CNS-WHT-303,Full Pedestal For CNS-WHT-811,Sanitaryware,Continental,WHT,2275,INR,NRP: 2000,CNS-WHT-811.jpeg
CNS-WHT-961SPP,Wall Hung Wc With Pp Soft Close Seat Cov,Sanitaryware,CNS,WHT,8600,INR,NRP: 7400,
CNS-WHT-961NPP,Wall Hung- Wc With Pp Normal Close Seat,Sanitaryware,CNS,WHT,6990,INR,NRP: 5670,
CNS-WHT-963SPP,Rimless Wall Hung Wc With Pp Soft Close,Sanitaryware,Continental,WHT,9200,INR,NRP: 7900,CNS-WHT-963SPP.jpeg
CNS-WHT-701,"Under Counter Basin, Size: 480X370X200 M",Sanitaryware,Continental,WHT,2625,INR,NRP: 2300,CNS-WHT-701.jpeg
CNS-WHT-705,"UNDER COUNTER BASIN, SIZE:605x435x200 MM",Sanitaryware,Continental,WHT,3500,INR,NRP: 3100,CNS-WHT-705.jpeg
CNS-WHT-903,"TABLE TOP BASIN, SIZE: 425X350X185 mm",Sanitaryware,Continental,WHT,2675,INR,NRP: 2300,CNS-WHT-903.jpeg
CNS-WHT-801,Wall Hung Basin With Fixing Accessories,Sanitaryware,Continental,WHT,3350,INR,NRP: 3000,CNS-WHT-801.jpeg
CNS-WHT-805,Wall Hung Basin With Fixing Accessories,Sanitaryware,CNS,WHT,2900,INR,NRP: 2550,
CNS-WHT-305,Half Pedestal For CNS-WHT-801,Sanitaryware,Continental,WHT,1700,INR,NRP: 1500,CNS-WHT-305.jpeg
CNS-WHT-301,Full Pedestal For CNS-WHT-801,Sanitaryware,Continental,WHT,2075,INR,NRP: 1850,CNS-WHT-801.jpeg
CNS-WHT-905,"TABLE TOP BASIN, SIZE: 410X410X150 mm",Sanitaryware,Continental,WHT,3600,INR,NRP: 3150,CNS-WHT-905.jpeg
CNS-WHT-363SPPZ,Rimless Bowl With Cistern For Extended W,Sanitaryware,Continental,WHT,12000,INR,NRP: 10400,CNS-WHT-363SPPZ.jpeg
CNS-WHT-963UFSM,Rimless Wall Hung Wc With Uf Soft Close,Sanitaryware,Continental,WHT,10500,INR,NRP: 9000,CNS-WHT-963UFSM.jpeg
CNS-WHT-757S300SPPSZ,Bowl With Side Flush Cistern For Coupled,Sanitaryware,CNS,WHT,14900,INR,NRP: 13100,
CNS-WHT-751S300SPPZ,Bowl With Cistern For Coupled Wc With Pp,Sanitaryware,Continental,WHT,8700,INR,NRP: 7500,CNS-WHT-751S300SPPZ.jpeg
CNS-WHT-755S220SPPZ,Bowl With Cistern For Coupled Wc With Pp,Sanitaryware,Continental,WHT,11700,INR,NRP: 10300,CNS-WHT-755S220SPPZ.jpeg
CNS-WHT-757S300SPPZ,Bowl With Cistern For Coupled Wc With Pp,Sanitaryware,CNS,WHT,14900,INR,NRP: 13100,
CNS-WHT-751P180SPPZ,Bowl With Cistern For Coupled Wc With Pp,Sanitaryware,Continental,WHT,8700,INR,NRP: 7500,CNS-WHT-751P180SPPZ.jpeg
CNS-WHT-353SPPZ,Bowl With Cistern For Extended Wall Hung,Sanitaryware,Continental,WHT,9750,INR,NRP: 8400,CNS-WHT-353SPPZ.jpeg
CNS-WHT-813,Wall Hung Basin With Fixing Accessories,Sanitaryware,Continental,WHT,3450,INR,NRP: 3050,CNS-WHT-813.jpeg
CNS-WHT-751P180SPP,Bowl For Coupled Wc With Pp Soft Close S,Sanitaryware,CNS,WHT,4570,INR,NRP: 3570,
CNS-WHT-755S220NPP,Bowl For Coupled Wc With Pp Normal Close,Sanitaryware,CNS,WHT,4900,INR,NRP: 4340,
CNS-WHT-757S300SPP,Bowl For Coupled Wc With Pp Soft Close S,Sanitaryware,CNS,WHT,6290,INR,NRP: 5720,
CNS-WHT-853S220SPPSM,Rimless Single Piece Wc With Pp Soft Clo,Sanitaryware,Continental,WHT,17000,INR,NRP: 14600,CNS-WHT-853S220SPPSM.jpeg
CNS-WHT-853S300SPPSM,Rimless Single Piece Wc With Pp Soft Clo,Sanitaryware,Continental,WHT,17000,INR,NRP: 14600,CNS-WHT-853S300SPPSM.jpeg
CNS-WHT-853S300SPPSMY,Rimless Single Piece Wc With Pp Soft Clo,Sanitaryware,Continental,WHT,17000,INR,NRP: 14600,CNS-WHT-853S300SPPSMY.jpeg
CNS-WHT-853P180SPPSM,Rimless Single Piece Wc With Pp Soft Clo,Sanitaryware,Continental,WHT,17000,INR,NRP: 14600,CNS-WHT-853P180SPPSM.jpeg
CNS-WHT-961NSPP,Rimless Wall Hung Wc With Pp Soft Close,Sanitaryware,Continental,WHT,8950,INR,NRP: 7700,CNS-WHT-961NSPP.jpeg
CNS-WHT-961NUF,Rimless Wall Hung Wc With Uf Soft Close,Sanitaryware,Continental,WHT,10450,INR,NRP: 9000,CNS-WHT-961NSPP.jpeg
CNS-WHT-757NS300SPPSZ,Bowl With Side Flush Cistern For Coupled,Sanitaryware,Continental,WHT,16500,INR,NRP: 14500,CNS-WHT-757NS300SPPSZ.jpeg
CNS-WHT-757NS300SPPZ,Bowl With Cistern For Coupled Wc With Pp,Sanitaryware,Continental,WHT,16500,INR,NRP: 14500,CNS-WHT-757NS300SPPZ.jpeg
CNS-WHT-353SPPSMZ,Bowl With Cistern For Extended Wall Hung,Sanitaryware,CNS,WHT,9500,INR,NRP: 8150,
CNS-WHT-853S220SPPSMY,Rimless Single Piece Wc With Pp Soft Clo,Sanitaryware,Continental,WHT,17000,INR,NRP: 14600,CNS-WHT-853S220SPPSMY.jpeg
CNS-WHT-855S300SPPSM,Rimless Single Piece Wc With Pp Soft Clo,Sanitaryware,Continental,WHT,18800,INR,NRP: 16200,CNS-WHT-855S300SPPSM.jpeg
CNS-WHT-855S220SPPSM,Rimless Single Piece Wc With Pp Soft Clo,Sanitaryware,Continental,WHT,18800,INR,NRP: 16200,CNS-WHT-855S300SPPSM.jpeg
CNS-WHT-855P180SPPSM,Rimless Single Piece Wc With Pp Soft Clo,Sanitaryware,Continental,WHT,18800,INR,NRP: 16200,CNS-WHT-855P180SPPSM.jpeg
CNS-WHT-855S300SPPSMY,Rimless Single Piece Wc With Pp Soft Clo,Sanitaryware,Continental,WHT,18800,INR,NRP: 16200,CNS-WHT-855S300SPPSMY.jpeg
CNS-WHT-853S220UFSMN,Rimless Single Piece Wc With Uf Soft Clo,Sanitaryware,CNS,WHT,20000,INR,NRP: 17200,
CNS-WHT-961NJSPP,"Rimless Wall Hung Wc With In Built Jet,",Sanitaryware,Continental,WHT,10200,INR,NRP: 8710,CNS-WHT-961NJSPP.jpeg
CNS-WHT-963BIUFSM,"Rimless & Wash Down, Blind Installation",Sanitaryware,CNS,WHT,11775,INR,NRP: 10200,
CNS-WHT-961NJUF,"Rimless Wall Hung Wc With In Built Jet,",Sanitaryware,Continental,WHT,11700,INR,NRP: 10010,CNS-WHT-961NJSPP.jpeg
CNS-WHT-853S300UFSM,"Rimless & Wash Down, Single Piece Wc Wit",Sanitaryware,CNS,WHT,18775,INR,NRP: 16100,
CNS-WHT-755S300SPPSMZ,Bowl With Cistern For Coupled Wc With Pp,Sanitaryware,CNS,WHT,18400,INR,NRP: 16200,
DRS-WHT-37953UFSM,Rimless Wall Hung Wc With Uf Soft Close,Sanitaryware,DRS,WHT,15990,INR,NRP: 13360,
DRS-WHT-37953BIUFSM,Rimless Blind Installation Wall Hung Wc,Sanitaryware,DRS,WHT,21000,INR,NRP: 18100,
DRS-WHT-37951,Rimless Wall Hung Wc With Uf Soft Close,Sanitaryware,DRS,WHT,15990,INR,NRP: 14170,
DRS-WHT-37601,"COUNTER TOP BASIN, SIZE: 610X415X160 mm",Sanitaryware,DRS,WHT,7650,INR,NRP: 6600,
DRS-WHT-37601N,"Counter Top Basin, Size: 615X415X150 Mm",Sanitaryware,DRS,WHT,7650,INR,NRP: 6600,
DIS-WHT-93753NP180UFSMZ,Rimless Bowl With Cistern For Coupled Wc,Sanitaryware,Specially Abled Series,WHT,29400,INR,NRP: 25300,DIS-WHT-93753NP180UFSMZ.jpeg
DIS-WHT-93203C,Cistern Tank Only For 93753NP180ufsmz,Sanitaryware,DIS,WHT,5450,INR,NRP: 4700,
DIS-WHT-93801,"Wall Hung Basin With Fixing Accessories,",Sanitaryware,Specially Abled Series,WHT,16900,INR,NRP: 14500,DIS-WHT-93801.jpeg
DIS-WHT-93201,Cistern With Cistern Fittings For 93751,Sanitaryware,DIS,WHT,8150,INR,NRP: 7000,
DIS-WHT-93955,Back To Wall Wc With Uf Soft Close Seat,Sanitaryware,DIS,WHT,13990,INR,NRP: 12450,
DIS-WHT-93955P180UF,Rimless Back To Wall Wc With Uf Soft Clo,Sanitaryware,Specially Abled Series,WHT,20900,INR,NRP: 18000,DIS-WHT-93955P180UF.jpeg
DIS-WHT-93951UF,Wall Hung Wc With Uf Soft Closing Seat C,Sanitaryware,Specially Abled Series,WHT,34200,INR,NRP: 29400,DIS-WHT-93951UF.jpeg
FLS-WHT-5931N,"Table Top Basin, Size: 530 X 370 X 130 M",Sanitaryware,FLS,WHT,5450,INR,NRP: 4680,
FLS-WHT-5931PM,"Table Top Basin,  Size: 515X435X160 Mm",Sanitaryware,Florentine Prime,WHT,6750,INR,NRP: 5800,FLS-WHT-5931PM.jpeg
FLS-WHT-5953BIUFPM,Rimless Blind Installation Wall Hung Wc,Sanitaryware,Florentine Prime,WHT,14100,INR,NRP: 12100,FLS-WHT-5953BIUFPM.jpeg
FLS-WHT-5953BIBPM,Rimless Blind Installation Wall Hung Wc,Sanitaryware,FLS,WHT,10850,INR,NRP: 9300,
FLS-IBM-5953BIUFPM,Rimless Blind Installation Wall Hung Wc,Sanitaryware,FLS,IBM,16900,INR,NRP: 14500,
FLS-IBM-5953BIBPM,Rimless Blind Installation Wall Hung Wc,Sanitaryware,FLS,IBM,13050,INR,NRP: 11150,
FLS-IBM-5931PM,"Table Top Basin,  Size: 515X435X160 Mm",Sanitaryware,FLS,IBM,8150,INR,NRP: 7000,
FLS-WHT-5801PM,"Wall Hung Basin With Fixing Accessories,",Sanitaryware,Florentine Prime,WHT,6500,INR,NRP: 5600,FLS-WHT-5801PM.jpeg
FLS-WHM-5931PM,"Table Top Basin,  Size: 515X435X160 Mm",Sanitaryware,FLS,WHM,8150,INR,NRP: 7000,
FLS-WHT-5953JBIUFPM,Rimless Blind Installation Wall Hung Wc,Sanitaryware,FLS,WHT,15900,INR,NRP: 13570,
FLS-WHT-5953JBIBPM,Rimless Blind Installation Wall Hung Wc,Sanitaryware,FLS,WHT,12650,INR,NRP: 10770,
FLS-WHT-5901PM,"Table Top Basin,(without Tap Hole)   Siz",Sanitaryware,FLS,WHT,6750,INR,NRP: 5800,
FLS-BLM-5901PM,"Table Top Basin,(without Tap Hole)   Siz",Sanitaryware,FLS,BLM,8150,INR,NRP: 7000,
FLS-GRM-5901PM,"Table Top Basin,(without Tap Hole)   Siz",Sanitaryware,FLS,GRM,8150,INR,NRP: 7000,
FLS-IBM-5901PM,"Table Top Basin,(without Tap Hole)   Siz",Sanitaryware,FLS,IBM,8150,INR,NRP: 7000,
FLS-BEM-5901PM,"Table Top Basin,(without Tap Hole)   Siz",Sanitaryware,FLS,BEM,8600,INR,NRP: 7400,
FLS-WHT-5701PM,Under Counter Basin With Fixing Accessor,Sanitaryware,Florentine Prime,WHT,4050,INR,NRP: 3500,FLS-WHT-5701PM.jpeg
FLS-GRM-5701PM,Under Counter Basin With Fixing Accessor,Sanitaryware,FLS,GRM,4900,INR,NRP: 4200,
FLS-BEM-5701PM,Under Counter Basin With Fixing Accessor,Sanitaryware,FLS,BEM,5100,INR,NRP: 4400,
FLS-BLM-5701PM,Under Counter Basin With Fixing Accessor,Sanitaryware,FLS,BLM,4900,INR,NRP: 4200,
FLS-IBM-5701PM,Under Counter Basin With Fixing Accessor,Sanitaryware,FLS,IBM,4900,INR,NRP: 4200,
FLS-BLM-5931PM,"Table Top Basin,  Size: 515X435X160 Mm",Sanitaryware,FLS,BLM,8150,INR,NRP: 7000,
FLS-GRM-5931PM,"Table Top Basin,  Size: 515X435X160 Mm",Sanitaryware,FLS,GRM,8150,INR,NRP: 7000,
FLS-BEM-5931PM,"Table Top Basin,  Size: 515X435X160 Mm",Sanitaryware,FLS,BEM,8600,INR,NRP: 7400,
FLS-BLM-5953BIUFPM,Rimless Blind Installation Wall Hung Wc,Sanitaryware,FLS,BLM,16900,INR,NRP: 14500,
FLS-GRM-5953BIUFPM,Rimless Blind Installation Wall Hung Wc,Sanitaryware,FLS,GRM,16900,INR,NRP: 14500,
FLS-BEM-5953BIUFPM,Rimless Blind Installation Wall Hung Wc,Sanitaryware,FLS,BEM,17700,INR,NRP: 15200,
FLS-BEM-5953BIBPM,Rimless Blind Installation Wall Hung Wc,Sanitaryware,FLS,BEM,13650,INR,NRP: 11700,
FLS-GRM-5953BIBPM,Rimless Blind Installation Wall Hung Wc,Sanitaryware,FLS,GRM,13050,INR,NRP: 11150,
FLS-BLM-5953BIBPM,Rimless Blind Installation Wall Hung Wc,Sanitaryware,FLS,BLM,13050,INR,NRP: 11150,
FLS-WHT-5935N,"Table Top Basin, Size: 510X430X135 Mm",Sanitaryware,FLS,WHT,5950,INR,NRP: 5130,
FLS-WHT-5103SM,Pp Slim Seat Cover For 5951sm,Sanitaryware,Seat Cover,WHT,1540,INR,NRP: 1350,
FLS-WHT-5701,"Under Counter Basin, Size: 550X425X195 M",Sanitaryware,Florentine,WHT,3600,INR,NRP: 3100,FLS-WHT-5701.jpeg
FLS-WHT-5931,"TABLE TOP BASIN, SIZE: 510X360X120 mm",Sanitaryware,FLS,WHT,5450,INR,NRP: 4680,
FLS-WHT-5933,"TABLE TOP BASIN, SIZE:580X450X165 mm",Sanitaryware,FLS,WHT,6990,INR,NRP: 6620,
FLS-WHT-5801,Wall Hung Basin With Fixing Accessories,Sanitaryware,Florentine,WHT,4500,INR,NRP: 3900,FLS-WHT-5801.jpeg
FLS-WHT-0539,"TABLE TOP BASIN, SIZE: 115X510X350mm",Sanitaryware,FLS,WHT,5590,INR,NRP: 5590,
FLS-WHT-5601,"COUNTER TOP BASIN, SIZE: 570X415X200 mm",Sanitaryware,Florentine,WHT,8350,INR,NRP: 7200,FLS-WHT-5601.jpeg
FLS-WHT-5301,Full Pedestal For FLS-IVY-5801,Sanitaryware,FLS,WHT,2300,INR,NRP: 2000,
FLS-WHT-5953PPSM,Rimless Wall Hung Wc With Pp Soft Close,Sanitaryware,FLS,WHT,10290,INR,NRP: 9020,
FLS-WHT-5953UFSM,Rimless Wall Hung Wc With Uf Soft Close,Sanitaryware,FLS,WHT,11500,INR,NRP: 9940,
FLS-WHT-5351PP,Bowl For Extended Wall Hung Wc With Pp S,Sanitaryware,FLS,WHT,7490,INR,NRP: 6150,
FLS-WHT-5103UF,Uf Slim Soft Close Seat Cover For 5951sm,Sanitaryware,Seat Cover,WHT,2650,INR,NRP: 2340,
FLS-BLM-5931,"TABLE TOP BASIN, SIZE: 510X360X120 mm",Sanitaryware,FLS,BLM,7300,INR,NRP: 6260,
FLS-WHT-5353PPZ,Rimess Bowl For Extended Wall Hung Wc Wi,Sanitaryware,Florentine,WHT,14500,INR,NRP: 12400,FLS-WHT-5353PPZ.jpeg
FLS-WHT-5953JPPSM,Rimless Wall Hung Wc With In Built Jet W,Sanitaryware,FLS,WHT,12190,INR,NRP: 10420,
FLS-WHT-5953JUFSM,Rimless Wall Hung Wc With In Built Jet W,Sanitaryware,FLS,WHT,13300,INR,NRP: 11410,
FLS-WHM-5953BIUFPM,Rimless Blind Installation Wall Hung Wc,Sanitaryware,FLS,WHM,16900,INR,NRP: 14500,
FLS-WHM-5953BIBPM,Rimless Blind Installation Wall Hung Wc,Sanitaryware,FLS,WHM,13050,INR,NRP: 11150,
FLS-WHM-5701PM,Under Counter Basin With Fixing Accessor,Sanitaryware,FLS,WHM,4900,INR,NRP: 4200,
FLS-WHM-5901PM,"Table Top Basin,(without Tap Hole)   Siz",Sanitaryware,FLS,WHM,8150,INR,NRP: 7000,
FLS-GRM-5801PM,"Wall Hung Basin With Fixing Accessories,",Sanitaryware,FLS,GRM,7800,INR,NRP: 6700,
FLS-WHT-2105,COUNTER TOP BASIN 650*420*170mm,Sanitaryware,FLS,WHT,5390,INR,NRP: 5330,
FNS-WHT-40751P180UFSM,Bowl For Coupled Wc With Uf Soft Close S,Sanitaryware,FNS,WHT,12200,INR,NRP: 10740,
FNS-WHT-0112,"WALL HUNG-WC, SIZE:395X360X545mm",Sanitaryware,FNS,WHT,14290,INR,NRP: 14290,
FNS-WHT-40951,Wall Hung Wc With Uf Soft Close Seat Cov,Sanitaryware,FNS,WHT,14790,INR,NRP: 12970,
FNS-WHT-40201,Cistern With Cistern Fittings For 40751p,Sanitaryware,FNS,WHT,7000,INR,NRP: 6090,
FNS-WHT-40931,"TABLE TOP BASIN, SIZE:500X420X190 mm",Sanitaryware,Fonte,WHT,6400,INR,NRP: 5500,FNS-WHT-40931.jpeg
FNS-WHT-40801,Wall Hung Basin With Fixing Accessories,Sanitaryware,Fonte,WHT,5100,INR,NRP: 4400,FNS-WHT-40801.jpeg
FNS-WHT-40601,"COUNTER TOP BASIN, SIZE:580X405X185 mm",Sanitaryware,FNS,WHT,10900,INR,NRP: 9400,
FNS-WHT-40305,Half Pedestal With Fixing Accessories Se,Sanitaryware,FNS,WHT,2300,INR,NRP: 2000,
FNS-WHT-40301,Full Pedestal For FNS-WHT-40801,Sanitaryware,Fonte,WHT,2875,INR,NRP: 2500,FNS-WHT-40801.jpeg
FNS-WHT-40701,"UNDER COUNTER BASIN, SIZE: 595X410X200mm",Sanitaryware,Fonte,WHT,4300,INR,NRP: 3700,FNS-WHT-40701.jpeg
FNS-WHT-40751S220BZ,"Bowl With Cistern For Coupled Wc, Dual F",Sanitaryware,FNS,WHT,18700,INR,NRP: 16400,
FNS-WHT-40751P180BZ,"Bowl With Cistern For Coupled Wc, Dual F",Sanitaryware,FNS,WHT,18700,INR,NRP: 16400,
FNS-WHT-40953UF,Rimless Wall Hung Wc With Uf Soft Close,Sanitaryware,Fonte,WHT,21700,INR,NRP: 18700,FNS-WHT-40953UF.jpeg
FNS-WHT-40751P180UFSMZ,Bowl With Cistern For Coupled Wc With Uf,Sanitaryware,Fonte,WHT,24000,INR,NRP: 20900,FNS-WHT-40751P180UFSMZ.jpeg
FNS-WHT-40751S220UFSMZ,Bowl With Cistern For Coupled Wc With Uf,Sanitaryware,FNS,WHT,23400,INR,NRP: 20350,
FSS-WHT-29601,"COUNTER TOP BASIN, SIZE:545X545X185 mm",Sanitaryware,FSS,WHT,8150,INR,NRP: 7000,
FSS-WHT-29951,Wall Hung Wc With Pp Soft Close Seat Cov,Sanitaryware,FSS,WHT,16690,INR,NRP: 14640,
FSS-WHT-29901,"TABLE TOP BASIN, SIZE:500X500X130 mm",Sanitaryware,FSS,WHT,6950,INR,NRP: 6000,
FSS-WHT-0541,"TABLE TOP BASIN, SIZE: 120X460X460mm",Sanitaryware,FSS,WHT,4990,INR,NRP: 4560,
FSS-WHT-29951PP,Wall Hung Wc With Pp Soft Close Seat Cov,Sanitaryware,FSS,WHT,20500,INR,NRP: 18100,
FSS-WHT-29853S300UFSM,Rimless Single Piece-wc With Uf Slim Sea,Sanitaryware,Fusion,WHT,24800,INR,NRP: 21300,FSS-WHT-29853S300UFSM.jpeg
FSS-WHT-29103UF,Uf Soft Close Slim Seat Cover For 29853s,Sanitaryware,Seat Cover,WHT,2900,INR,NRP: 2500,
ITS-BEM-6953NBIPP,Bidspa Rimless Blind Installation Wall H,Sanitaryware,ITS,BEM,45300,INR,NRP: 39000,
ITS-WHT-15753NP180PPZ,Bidspa Rimless Bowl With Cistern For Cou,Sanitaryware,Bidspa,WHT,41000,INR,NRP: 35700,ITS-WHT-15753NP180PPZ.jpeg
ITS-WHT-15753NS250PPZ,Bidspa Rimless Bowl With Cistern For Cou,Sanitaryware,Bidspa,WHT,41000,INR,NRP: 35700,ITS-WHT-15753NS250PPZ.jpeg
ITS-WHT-15853S300PP,Bidspa Rimless Single Piece Wc With Elec,Sanitaryware,ITS,WHT,50150,INR,NRP: 43100,
ITS-WHT-15955P180PP,Bidspa Rimless Back To Wall Wc With Elec,Sanitaryware,Bidspa,WHT,44950,INR,NRP: 38600,ITS-WHT-15955P180PP.jpeg
ITS-WHT-6953NBIPP,Bidspa Rimless Blind Installation Wall H,Sanitaryware,Bidspa,WHT,34475,INR,NRP: 29700,ITS-WHT-6953NBIPP.jpeg
ITS-WHT-6955P180PP,Bidspa Rimless Back To Wall Wc With Elec,Sanitaryware,Bidspa,WHT,36175,INR,NRP: 31100,ITS-WHT-6955P180PP.jpeg
ITS-BLM-89853S300BAT,"Rimless Floor Mounted Wc (only Bowl), Si",Sanitaryware,ITS,BLM,85900,INR,NRP: 73990,
ITS-BLM-89109AT,Electronic Bidet Pp Seat Cover For Its-w,Sanitaryware,Seat Cover,BLM,109000,INR,NRP: 95000,
ITS-WHT-89105,Electronic Seat Cover For ITS-WHT-89851s,Sanitaryware,Seat Cover,WHT,66500,INR,NRP: 58000,
ITS-WHT-89853S300,Bidspa Prime Single Piece-wc With Remote,Sanitaryware,ITS,WHT,99990,INR,NRP: 91240,
ITS-WHT-89101,Electronic Pp Seat Cover With Fixing Acc,Sanitaryware,Seat Cover,WHT,25900,INR,NRP: 22300,
ITS-WHT-89103,Electronic Pp Seat Cover With Fixing Acc,Sanitaryware,Seat Cover,WHT,20990,INR,NRP: 19100,
ITS-WHT-89953,Rimless Wall Hung Wc With Bidspa Seat Co,Sanitaryware,ITS,WHT,30590,INR,NRP: 27440,
ITS-WHT-89853S300PP,Bidspa Rimless Single Piece-wc With Elec,Sanitaryware,Bidspa,WHT,50650,INR,NRP: 43600,ITS-WHT-89853S300PP.jpeg
ITS-WHT-89851S300PP,Bidspa Single Piece-wc With Electronic S,Sanitaryware,Bidspa,WHT,47500,INR,NRP: 40800,ITS-WHT-89851S300PP.jpeg
ITS-WHT-89953PP,Bidspa Rimless Wall Hung Wc With Electro,Sanitaryware,Bidspa,WHT,44200,INR,NRP: 38000,ITS-WHT-89953PP.jpeg
ITS-WHT-89109,Electronic Bidet Pp Seat Cover For Its-w,Sanitaryware,Seat Cover,WHT,61500,INR,NRP: 53500,
ITS-WHT-89853S300BAT,"Rimless Floor Mounted Wc (only Bowl), Si",Sanitaryware,ITS,WHT,70900,INR,NRP: 61800,
ITS-WHT-89109AT,Electronic Bidet Pp Seat Cover For Its-w,Sanitaryware,Seat Cover,WHT,83900,INR,NRP: 73000,
ITS-BEM-89107,Electronic Pp Seat Cover For 89853NS300p,Sanitaryware,Seat Cover,BEM,31500,INR,NRP: 27100,
ITS-WHT-89107,Electronic Pp Seat Cover For 89853NS300p,Sanitaryware,Seat Cover,WHT,24200,INR,NRP: 20800,
ITS-WHT-89111AT,Electronic Bidet Pp Seat Cover For Its-w,Sanitaryware,Seat Cover,WHT,83900,INR,NRP: 73000,
ITS-WHT-89109NAT,Electronic Bidet Pp Seat Cover For ITS-8,Sanitaryware,Seat Cover,WHT,83900,INR,NRP: 73000,
ITS-WHT-89853S300NBAT,"Rimless Floor Mounted Wc (only Bowl), Si",Sanitaryware,ITS,WHT,70900,INR,NRP: 61800,
ITS-WHT-89113,Electronic Bidet Pp Seat Cover For Its-w,Sanitaryware,ITS,WHT,30650,INR,NRP: 26200,
JDS-WHT-25803,"Wall Hung Basin With Fixing Accessories,",Sanitaryware,JDS,WHT,12500,INR,NRP: 10740,
JDS-WHT-25803N,"Wall Hung Basin With Fixing Accessories,",Sanitaryware,JDR Jaquar Designer,WHT,10000,INR,NRP: 8600,JDS-WHT-25803N.jpeg
JDS-WHT-25945,"Table Top Basin, Size: 575X440X145 Mm",Sanitaryware,JDS,WHT,8250,INR,NRP: 7100,
JDS-IBM-25907N,"THIN RIM TABLE TOP BASIN, SIZE:530x420x1",Sanitaryware,JDS,IBM,8900,INR,NRP: 7650,
JDS-IBM-25909,"TABLE TOP BASIN, SIZE:480X380X140 mm",Sanitaryware,JDS,IBM,6050,INR,NRP: 5200,
JDS-IBM-25911,"TABLE TOP BASIN, SIZE:400X400X150 mm",Sanitaryware,JDS,IBM,6050,INR,NRP: 5200,
JDS-WHT-25505,"SEMI RECESSED BASIN, SIZE: 590x430x130 M",Sanitaryware,JDS,WHT,10100,INR,NRP: 8700,
JDS-GRM-25907N,"THIN RIM TABLE TOP BASIN, SIZE:530x420x1",Sanitaryware,JDS,GRM,8900,INR,NRP: 7650,
JDS-GRM-25909,"TABLE TOP BASIN, SIZE:480X380X140 mm",Sanitaryware,JDS,GRM,6050,INR,NRP: 5200,
JDS-GRM-25911,"TABLE TOP BASIN, SIZE:400X400X150 mm",Sanitaryware,JDS,GRM,6050,INR,NRP: 5200,
JDS-WHT-25807,"Wall Hung Basin With Fixing Accessories,",Sanitaryware,JDS,WHT,4750,INR,NRP: 4100,
JDS-WHT-25503,"Semi Recessed Basin, Size : 490X445X175",Sanitaryware,JDR Jaquar Designer,WHT,8600,INR,NRP: 7400,JDS-WHT-25503.jpeg
JDS-WHT-25801,"Table Top Basin, SIZE:450X260X100 mm",Sanitaryware,JDR Jaquar Designer,WHT,4750,INR,NRP: 4100,JDS-WHT-25801.jpeg
JDS-WHT-25939,"TABLE TOP BASIN, SIZE:450*450*110mm",Sanitaryware,JDS,WHT,7050,INR,NRP: 6050,
JDS-WHT-25937,TABLE TOP BASIN   SIZE:505*385*120mm,Sanitaryware,JDR Jaquar Designer,WHT,9200,INR,NRP: 7900,JDS-WHT-25937.jpeg
JDS-WHT-25841,Wall Hung Corner Basin With Fixing Acces,Sanitaryware,JDR Jaquar Designer,WHT,6850,INR,NRP: 5900,JDS-WHT-25841.jpeg
JDS-WHT-25501,"SEMI RECESSED BASIN, SIZE:525X430X165 mm",Sanitaryware,JDS,WHT,9600,INR,NRP: 8250,
JDS-WHT-0542,"TABLE TOP BASIN, SIZE: 160X635X415mm",Sanitaryware,JDS,WHT,5390,INR,NRP: 5330,
JDS-WHT-0543,"TABLE TOP BASIN, SIZE: 180X455X455mm",Sanitaryware,JDS,WHT,5690,INR,NRP: 5660,
JDS-WHT-0545,"TABLE TOP BASIN, SIZE: 170X450X450mm",Sanitaryware,JDS,WHT,6090,INR,NRP: 5990,
JDS-WHT-0546,"Table Top Basin, Size: 130X640X490m",Sanitaryware,JDS,WHT,10390,INR,NRP: 10360,
JDS-WHT-0549,"TABLE TOP BASIN, SIZE: 135X580X440mm",Sanitaryware,JDS,WHT,8690,INR,NRP: 8610,
JDS-WHT-0550,"SEMI RECESSED BASIN, SIZE: 305X550X485mm",Sanitaryware,JDS,WHT,10550,INR,NRP: 10480,
JDS-WHT-25901,"Table Top Basin, Size:630x425x160 mm",Sanitaryware,JDS,WHT,5450,INR,NRP: 4700,
JDS-WHT-25903,"TABLE TOP BASIN, SIZE:480X470X185 mm",Sanitaryware,JDS,WHT,5000,INR,NRP: 4300,
JDS-WHT-25905,"TABLE TOP BASIN, SIZE:450X450X175 mm",Sanitaryware,JDS,WHT,8500,INR,NRP: 7300,
JDS-WHT-25931,"TABLE TOP BASIN, SIZE:580X440X140 mm",Sanitaryware,JDS,WHT,11500,INR,NRP: 10000,
JDS-WHT-25935,"TABLE TOP BASIN, SIZE:465X465X170 mm",Sanitaryware,JDR Jaquar Designer,WHT,4900,INR,NRP: 4200,JDS-WHT-25935.jpeg
JDS-WHT-25909,"TABLE TOP BASIN, SIZE:480X380X140 mm",Sanitaryware,JDS,WHT,4650,INR,NRP: 4000,
JDS-WHT-25911,"TABLE TOP BASIN, SIZE:400X400X150 mm",Sanitaryware,JDS,WHT,4650,INR,NRP: 4000,
JDS-WHT-25701,"UNDER COUNTER BASIN, SIZE:510X385X180 mm",Sanitaryware,JDS,WHT,1950,INR,NRP: 1710,
JDS-WHT-25907N,"THIN RIM TABLE TOP BASIN, SIZE:530x420x1",Sanitaryware,JDS,WHT,7000,INR,NRP: 6000,
JDS-BLM-25907N,"THIN RIM TABLE TOP BASIN, SIZE:530x420x1",Sanitaryware,JDS,BLM,8900,INR,NRP: 7650,
JDS-WHM-25907N,"THIN RIM TABLE TOP BASIN, SIZE:530x420x1",Sanitaryware,JDS,WHM,8900,INR,NRP: 7650,
JDS-WHM-25911,"TABLE TOP BASIN, SIZE:400X400X150 mm",Sanitaryware,JDS,WHM,6050,INR,NRP: 5200,
JDS-BLM-25911,"TABLE TOP BASIN, SIZE:400X400X150 mm",Sanitaryware,JDS,BLM,6050,INR,NRP: 5200,
JDS-BEM-25907N,"THIN RIM TABLE TOP BASIN, SIZE:530x420x1",Sanitaryware,JDS,BEM,9350,INR,NRP: 8050,
JDS-BEM-25911,"TABLE TOP BASIN, SIZE:400X400X150 mm",Sanitaryware,JDS,BEM,6400,INR,NRP: 5500,
JDS-BLM-25909,"TABLE TOP BASIN, SIZE:480X380X140 mm",Sanitaryware,JDS,BLM,6050,INR,NRP: 5200,
JDS-WHM-25909,"TABLE TOP BASIN, SIZE:480X380X140 mm",Sanitaryware,JDS,WHM,6050,INR,NRP: 5200,
JDS-BEM-25909,"TABLE TOP BASIN, SIZE:480X380X140 mm",Sanitaryware,JDS,BEM,6400,INR,NRP: 5500,
JDS-WHT-25943,Table Top BASINSIZE:630X500X130 Mm,Sanitaryware,JDS,WHT,10900,INR,NRP: 9350,
JDS-GRM-25919,"Thin Rim Table Top Basin In Black Matt,",Sanitaryware,JDS,GRM,9350,INR,NRP: 8050,
JDS-GRM-25921,"Thin Rim Table Top Basin In Black Matt,",Sanitaryware,JDS,GRM,9350,INR,NRP: 8050,
JDS-WHT-25919,"Thin Rim Table Top Basin In Black Matt,",Sanitaryware,JDS,WHT,7900,INR,NRP: 6800,
JDS-BLM-25919,"Thin Rim Table Top Basin In Black Matt,",Sanitaryware,JDS,BLM,9500,INR,NRP: 8150,
JDS-BEM-25919,"Thin Rim Table Top Basin In Black Matt,",Sanitaryware,JDS,BEM,9950,INR,NRP: 8550,
JDS-IBM-25919,"Thin Rim Table Top Basin In Black Matt,",Sanitaryware,JDS,IBM,9500,INR,NRP: 8150,
JDS-WHT-25921,"Thin Rim Table Top Basin In Black Matt,",Sanitaryware,JDS,WHT,7900,INR,NRP: 6800,
JDS-IBM-25921,"Thin Rim Table Top Basin In Black Matt,",Sanitaryware,JDS,IBM,9500,INR,NRP: 8150,
JDS-BLM-25921,"Thin Rim Table Top Basin In Black Matt,",Sanitaryware,JDS,BLM,9500,INR,NRP: 8150,
JDS-BEM-25921,"Thin Rim Table Top Basin In Black Matt,",Sanitaryware,JDS,BEM,9950,INR,NRP: 8550,
KPS-BLM-35931PM,"Table Top Basin, Size: 600X440X150 Mm",Sanitaryware,KPS,BLM,9200,INR,NRP: 7900,
KPS-WHT-35153PM,Blind Installation Wall Hung Bidet With,Sanitaryware,KPS,WHT,9400,INR,NRP: 8100,
KPS-WHT-35301PM,"Full Pedestal For KPS-WHT-35801PM, Size:",Sanitaryware,KPS,WHT,3350,INR,NRP: 2900,
KPS-WHT-35305PM,Half Pedestal With Fixing Accessories Fo,Sanitaryware,KPS,WHT,2750,INR,NRP: 2400,
KPS-WHT-35931PM,"Table Top Basin, Size: 600X440X150 Mm",Sanitaryware,KPS,WHT,7550,INR,NRP: 6500,
KPS-WHT-35953BIUFPM,Rimless Blind Installation Wall Hung Wc,Sanitaryware,KPS,WHT,14100,INR,NRP: 12200,
KPS-WHT-35801PM,"Wall Hung Basin With Fixing Accessories,",Sanitaryware,KPS,WHT,6150,INR,NRP: 5300,
KUS-WHT-35603,"Counter Top Basin, Size: 610X470X170 Mm",Sanitaryware,Kubix,WHT,8700,INR,NRP: 7500,KUS-WHT-35603.jpeg
KUS-WHT-35401N,Floor Standing Basin With Fixing Accesso,Sanitaryware,Kubix,WHT,29000,INR,NRP: 24900,KUS-WHT-35401N.jpeg
KUS-GRM-35953BIUFSM,"Rimless, Blind Installation Wall Hung Wc",Sanitaryware,KUS,GRM,16200,INR,NRP: 13900,
KUS-BEM-35933PM,"Table Top Basin (without Tap Hole), Size",Sanitaryware,KUS,BEM,10000,INR,NRP: 8600,
KUS-BLM-35933PM,"Table Top Basin (without Tap Hole), Size",Sanitaryware,KUS,BLM,9550,INR,NRP: 8200,
KUS-GRM-35933PM,"Table Top Basin (without Tap Hole), Size",Sanitaryware,KUS,GRM,9550,INR,NRP: 8200,
KUS-WHM-35931PM,"Table Top Basin, Size: 600X440X150 Mm",Sanitaryware,KUS,WHM,9550,INR,NRP: 8200,
KUS-BEM-35931PM,"Table Top Basin, Size: 600X440X150 Mm",Sanitaryware,KUS,BEM,10000,INR,NRP: 8600,
KUS-WHT-35955P180UFSM,Rimless Back To Wall Wc With Uf Soft Clo,Sanitaryware,Kubix,WHT,18500,INR,NRP: 15900,KUS-WHT-35955P180UFSM.jpeg
KUS-IBM-35953BIUFPM,Rimless Blind Installation Wall Hung Wc,Sanitaryware,KUS,IBM,19300,INR,NRP: 16600,
KUS-IBM-35953BIBPM,Rimless Blind Installation Wall Hung Wc,Sanitaryware,KUS,IBM,15000,INR,NRP: 12900,
KUS-IBM-35933PM,"Table Top Basin (without Tap Hole), Size",Sanitaryware,KUS,IBM,9550,INR,NRP: 8200,
KUS-IBM-35931PM,"Table Top Basin, Size: 600X440X150 Mm",Sanitaryware,KUS,IBM,9550,INR,NRP: 8200,
KUS-BLM-35953BIUFPM,Rimless Blind Installation Wall Hung Wc,Sanitaryware,KUS,BLM,19300,INR,NRP: 16600,
KUS-WHM-35953BIUFPM,Rimless Blind Installation Wall Hung Wc,Sanitaryware,KUS,WHM,19300,INR,NRP: 16600,
KUS-GRM-35953BIUFPM,Rimless Blind Installation Wall Hung Wc,Sanitaryware,KUS,GRM,19300,INR,NRP: 16600,
KUS-GRM-35953BIBPM,Rimless Blind Installation Wall Hung Wc,Sanitaryware,KUS,GRM,15000,INR,NRP: 12900,
KUS-BEM-35953BIUFPM,Rimless Blind Installation Wall Hung Wc,Sanitaryware,KUS,BEM,20300,INR,NRP: 17500,
KUS-BEM-35953BIBPM,Rimless Blind Installation Wall Hung Wc,Sanitaryware,KUS,BEM,15900,INR,NRP: 13600,
KUS-WHM-35953BIUFSMPM,Rimless Blind Installation Wall Hung Wc,Sanitaryware,KUS,WHM,18700,INR,NRP: 16100,
KUS-WHM-35953BIBPM,Rimless Blind Installation Wall Hung Wc,Sanitaryware,KUS,WHM,15000,INR,NRP: 12900,
KUS-WHM-35933PM,"Table Top Basin (without Tap Hole), Size",Sanitaryware,KUS,WHM,9550,INR,NRP: 8200,
KUS-BLM-35953BIBPM,Rimless Blind Installation Wall Hung Wc,Sanitaryware,KUS,BLM,15000,INR,NRP: 12900,
KUS-GRM-35931PM,"Table Top Basin, Size: 600X440X150 Mm",Sanitaryware,KUS,GRM,9550,INR,NRP: 8200,
KUS-WHT-35201CPM,"Cistern Tank For KUS-WHT-35753P180UFPMZ,",Sanitaryware,KUS,WHT,3850,INR,NRP: 3300,
KUS-WHT-35953BIBPM,Rimless Blind Installation Wall Hung Wc,Sanitaryware,KUS,WHT,12400,INR,NRP: 10700,
KUS-BLM-35153PM,"Wall Hung Bidet With Accessories Set, Si",Sanitaryware,KUS,BLM,13000,INR,NRP: 11200,
KUS-BLM-35931PM,"Table Top Basin, Size: 600X440X150 Mm",Sanitaryware,KUS,BLM,9550,INR,NRP: 8200,
KUS-BLM-35953BIUFSMPM,Rimless Blind Installation Wall Hung Wc,Sanitaryware,KUS,BLM,18700,INR,NRP: 16100,
KUS-WHT-35153PM,"Wall Hung Bidet With Accessories Set, Si",Sanitaryware,KUS,WHT,10700,INR,NRP: 9200,
KUS-WHT-35301PM,"Full Pedestal For KPS-WHT-35801PM, Size:",Sanitaryware,Kubix Prime,WHT,3800,INR,NRP: 3300,KUS-WHT-35301PM.jpeg
KUS-WHT-35305PM,"Half Pedestal For KPS-WHT-35801PM, Size:",Sanitaryware,Kubix Prime,WHT,2875,INR,NRP: 2500,KUS-WHT-35305PM.jpeg
KUS-WHT-35801PM,"Wall Hung Basin With Fixing Accessories,",Sanitaryware,Kubix Prime,WHT,7100,INR,NRP: 6100,KUS-WHT-35305PM.jpeg
KUS-WHT-35931PM,"Table Top Basin, Size: 600X440X150 Mm",Sanitaryware,Kubix Prime,WHT,7900,INR,NRP: 6800,KUS-WHT-35931PM.jpeg
KUS-WHT-35953BIUFSMPM,Rimless Blind Installation Wall Hung Wc,Sanitaryware,Kubix Prime,WHT,16000,INR,NRP: 13800,KUS-WHT-35953BIUFSMPM.jpeg
KUS-WHT-35153N,"Wall Hung Bidet With Accessories Set, Si",Sanitaryware,KUS,WHT,9500,INR,NRP: 8150,
KUS-WHM-35153N,"Wall Hung Bidet With Accessories Set, Si",Sanitaryware,KUS,WHM,11500,INR,NRP: 9850,
KUS-BLM-35153N,"Wall Hung Bidet With Accessories Set, Si",Sanitaryware,KUS,BLM,11500,INR,NRP: 9850,
KUS-BEM-35953BIUFSM,"Rimless, Blind Installation Wall Hung Wc",Sanitaryware,KUS,BEM,17000,INR,NRP: 14600,
KUS-WHT-35933PM,"Table Top Basin (without Tap Hole), Size",Sanitaryware,Kubix Prime,WHT,7900,INR,NRP: 6800,KUS-WHT-35933PM.jpeg
KUS-WHT-35803,"Wall Hung Basin With Fixing Accessories,",Sanitaryware,Kubix,WHT,12500,INR,NRP: 10900,KUS-WHT-35803.jpeg
KUS-WHM-35953BIUFSM,"Rimless, Blind Installation Wall Hung Wc",Sanitaryware,KUS,WHM,16200,INR,NRP: 13900,
KUS-BLM-35953BIUFSM,"Rimless, Blind Installation Wall Hung Wc",Sanitaryware,KUS,BLM,16200,INR,NRP: 13900,
KUS-WHT-35851SN,Single Piece-wc With Uf Soft Close Seat,Sanitaryware,KUS,WHT,28990,INR,NRP: 25330,
KUS-WHT-35101NUF,Uf Seat Cover For 35851n,Sanitaryware,Seat Cover,WHT,4300,INR,NRP: 3700,
KUS-WHT-35901,"TABLE TOP BASIN, SIZE:95X440X185  mm",Sanitaryware,KUS,WHT,10200,INR,NRP: 8800,
KUS-WHT-35401,Floor Standing Wall Hung Basin With Fixi,Sanitaryware,KUS,WHT,32600,INR,NRP: 28500,
KUS-WHT-35601,"COUNTER TOP BASIN, SIZE:505X435X180 mm",Sanitaryware,Kubix,WHT,8700,INR,NRP: 7500,KUS-WHT-35601.jpeg
KUS-WHT-0552,"TABLE TOP BASIN, SIZE: 190X600X435mm",Sanitaryware,KUS,WHT,7990,INR,NRP: 7300,
KUS-WHT-35935,"TABLE TOP BASIN , SIZE : 565X425X140 mm",Sanitaryware,KUS,WHT,11000,INR,NRP: 9450,
KUS-WHT-35931N,"Table Top Basin, Size: 820X450X150 Mm",Sanitaryware,KUS,WHT,9800,INR,NRP: 8510,
KUS-WHT-35953,Rimless Wall Hung Wc With Uf Slim Soft C,Sanitaryware,KUS,WHT,11990,INR,NRP: 10540,
KUS-WHT-35953BI,Wall Hung Wc,Sanitaryware,KUS,WHT,12790,INR,NRP: 11510,
KUS-WHT-35953BIUFSM,"Rimless, Blind Installation Wall Hung Wc",Sanitaryware,KUS,WHT,14000,INR,NRP: 12100,
KUS-WHT-35851S300UF,Single Piece Wc With Uf Soft Close Seat,Sanitaryware,Kubix,WHT,43700,INR,NRP: 37600,KUS-WHT-35851S300UF.jpeg
KUS-WHT-35153,"Wall Hung Bidet, Size : 360X490X300 Mm",Sanitaryware,KUS,WHT,14500,INR,NRP: 12400,
LAS-WHT-91953BIUFSM,Rimless Wall Hung Wc With Uf Soft Close,Sanitaryware,Laguna,WHT,19300,INR,NRP: 16600,LAS-WHT-91953BIUFSM.jpeg
LAS-WHT-91801,"Wall Hung Basin With Fixing Accessories,",Sanitaryware,Laguna,WHT,10100,INR,NRP: 8700,LAS-WHT-91801.jpeg
LAS-WHT-91803,"Wall Hung Basin With Fixing Accessories,",Sanitaryware,Laguna,WHT,13100,INR,NRP: 11300,LAS-WHT-91803.jpeg
LAS-WHT-91805,"Wall Hung Basin With Fixing Accessories,",Sanitaryware,LAS,WHT,14700,INR,NRP: 12600,
LAS-WHT-91901,"Table Top Basin, SIZE:380X380X130",Sanitaryware,Laguna,WHT,5850,INR,NRP: 5020,LAS-WHT-91901.jpeg
LAS-WHT-91903,"Table Top Basin, SIZE:450X450X130",Sanitaryware,Laguna,WHT,7900,INR,NRP: 6800,LAS-WHT-91903.jpeg
LAS-WHT-91905,"Table Top Basin, SIZE:600X380X130",Sanitaryware,LAS,WHT,8500,INR,NRP: 7300,
LAS-WHT-91153,Wall Hung Bidet With Fixing Accesories,Sanitaryware,Laguna,WHT,11400,INR,NRP: 9800,LAS-WHT-91153.jpeg
LAS-WHT-91301,Full Pedestal For 91801,Sanitaryware,Laguna,WHT,5700,INR,NRP: 4900,LAS-WHT-91801.jpeg
LAS-WHT-91303,"Full Pedestal For 91803, 91805",Sanitaryware,Laguna,WHT,6400,INR,NRP: 5500,LAS-WHT-91803.jpeg
LAS-WHT-91701,Under Counter Basin With Fixing Accessor,Sanitaryware,LAS,WHT,8150,INR,NRP: 7000,
LAS-WHT-91703,Under Counter Basin With Fixing Accessor,Sanitaryware,LAS,WHT,9650,INR,NRP: 8300,
LAS-WHT-91705,Under Counter Basin With Fixing Accessor,Sanitaryware,Laguna,WHT,5600,INR,NRP: 4800,LAS-WHT-91705.jpeg
LAS-WHT-91707,Under Counter Basin With Fixing Accessor,Sanitaryware,Laguna,WHT,7650,INR,NRP: 6600,LAS-WHT-91707.jpeg
LAS-WHT-91931,Table Top Wash Basin With Three Tap Hole,Sanitaryware,LAS,WHT,12100,INR,NRP: 10400,
LAS-WHT-91933,Table Top Basin With Single Tap Hole(sem,Sanitaryware,Laguna,WHT,14700,INR,NRP: 12600,LAS-WHT-91933.jpeg
LAS-BEM-91953BIUFSM,Rimless Wall Hung Wc With Uf Soft Close,Sanitaryware,LAS,BEM,24000,INR,NRP: 20600,
LAS-GRM-91953BIUFSM,Rimless Wall Hung Wc With Uf Soft Close,Sanitaryware,LAS,GRM,22800,INR,NRP: 19600,
LAS-WHM-91953BIUFSM,Rimless Wall Hung Wc With Uf Soft Close,Sanitaryware,LAS,WHM,22800,INR,NRP: 19600,
LAS-WHT-91955P180UFSM,Rimless Back To Wall Wc With Uf Soft Clo,Sanitaryware,Laguna,WHT,22000,INR,NRP: 18900,LAS-WHT-91955P180UFSM.jpeg
LAS-BLM-91953BIUFSM,Rimless Wall Hung Wc With Uf Soft Close,Sanitaryware,LAS,BLM,22800,INR,NRP: 19600,
LAS-BLM-91931,Table Top Wash Basin With Three Tap Hole,Sanitaryware,LAS,BLM,15000,INR,NRP: 12900,
LAS-BLM-91153,Wall Hung Bidet With Fixing Accesories,Sanitaryware,LAS,BLM,14500,INR,NRP: 12500,
LAS-BLM-91703,Under Counter Basin With Fixing Accessor,Sanitaryware,LAS,BLM,11600,INR,NRP: 10000,
LAS-BLM-91903,"Table Top Basin, SIZE:450X450X130",Sanitaryware,LAS,BLM,9900,INR,NRP: 8500,
LAS-BLM-91905,"Table Top Basin, SIZE:600X380X130",Sanitaryware,LAS,BLM,10600,INR,NRP: 9100,
LAS-WHT-91151,Floor Mount Bidet With Fixing Accessorie,Sanitaryware,Laguna,WHT,12700,INR,NRP: 10900,LAS-WHT-91151.jpeg
LAS-WHM-91805,"Wall Hung Basin With Fixing Accessories,",Sanitaryware,LAS,WHM,17000,INR,NRP: 14600,
LAS-WHM-91955P180UFSM,Rimless Back To Wall Wc With Uf Soft Clo,Sanitaryware,LAS,WHM,25900,INR,NRP: 22300,
LAS-WHM-91931,Table Top Wash Basin With Three Tap Hole,Sanitaryware,LAS,WHM,15000,INR,NRP: 12900,
LAS-WHM-91703,Under Counter Basin With Fixing Accessor,Sanitaryware,LAS,WHM,11600,INR,NRP: 10000,
LAS-GRM-91703,Under Counter Basin With Fixing Accessor,Sanitaryware,LAS,GRM,11600,INR,NRP: 10000,
LAS-BEM-91905,"Table Top Basin, SIZE:600X380X130",Sanitaryware,LAS,BEM,11200,INR,NRP: 9600,
LAS-GRM-91905,"Table Top Basin, SIZE:600X380X130",Sanitaryware,LAS,GRM,10600,INR,NRP: 9100,
LAS-WHM-91905,"Table Top Basin, SIZE:600X380X130",Sanitaryware,LAS,WHM,10600,INR,NRP: 9100,
LAS-BEM-91703,Under Counter Basin With Fixing Accessor,Sanitaryware,LAS,BEM,12200,INR,NRP: 10500,
LAS-WHT-91807,"Wall Hung Basin With Fixing Accessories,",Sanitaryware,Laguna,WHT,10900,INR,NRP: 9400,LAS-WHT-91807.jpeg
LAS-BEM-91953BIUF,Rimless Blind Installation Wall Hung Wc,Sanitaryware,LAS,BEM,24300,INR,NRP: 20900,
LAS-BLM-91953BIUF,Rimless Blind Installation Wall Hung Wc,Sanitaryware,LAS,BLM,23100,INR,NRP: 19900,
LAS-GRM-91953BIUF,Rimless Blind Installation Wall Hung Wc,Sanitaryware,LAS,GRM,23100,INR,NRP: 19900,
LAS-WHM-91953BIUF,Rimless Blind Installation Wall Hung Wc,Sanitaryware,LAS,WHM,23100,INR,NRP: 19900,
LAS-GRM-91931,Table Top Wash Basin With Three Tap Hole,Sanitaryware,LAS,GRM,15000,INR,NRP: 12900,
LAS-GRM-91933,Table Top Basin With Single Tap Hole(sem,Sanitaryware,LAS,GRM,17600,INR,NRP: 15100,
LAS-GRM-91903,"Table Top Basin, SIZE:450X450X130",Sanitaryware,LAS,GRM,9900,INR,NRP: 8500,
LAS-GRM-91707,Under Counter Basin With Fixing Accessor,Sanitaryware,LAS,GRM,9200,INR,NRP: 7900,
LAS-GRM-91705,Under Counter Basin With Fixing Accessor,Sanitaryware,LAS,GRM,6750,INR,NRP: 5800,
LAS-BLM-91933,Table Top Basin With Single Tap Hole(sem,Sanitaryware,LAS,BLM,17600,INR,NRP: 15100,
LAS-BLM-91707,Under Counter Basin With Fixing Accessor,Sanitaryware,LAS,BLM,9200,INR,NRP: 7900,
LAS-BLM-91705,Under Counter Basin With Fixing Accessor,Sanitaryware,LAS,BLM,6750,INR,NRP: 5800,
LAS-IBM-91701,Under Counter Basin With Fixing Accessor,Sanitaryware,LAS,IBM,9750,INR,NRP: 8400,
LAS-IBM-91703,Under Counter Basin With Fixing Accessor,Sanitaryware,LAS,IBM,11600,INR,NRP: 10000,
LAS-IBM-91705,Under Counter Basin With Fixing Accessor,Sanitaryware,LAS,IBM,6750,INR,NRP: 5800,
LAS-IBM-91707,Under Counter Basin With Fixing Accessor,Sanitaryware,LAS,IBM,9200,INR,NRP: 7900,
LAS-IBM-91931,Table Top Wash Basin With Three Tap Hole,Sanitaryware,LAS,IBM,15000,INR,NRP: 12900,
LAS-IBM-91933,Table Top Basin With Single Tap Hole(sem,Sanitaryware,LAS,IBM,17600,INR,NRP: 15100,
LAS-IBM-91901,"Table Top Basin, SIZE:380X380X130",Sanitaryware,LAS,IBM,7050,INR,NRP: 6050,
LAS-IBM-91903,"Table Top Basin, SIZE:450X450X130",Sanitaryware,LAS,IBM,9900,INR,NRP: 8500,
LAS-IBM-91905,"Table Top Basin, SIZE:600X380X130",Sanitaryware,LAS,IBM,10600,INR,NRP: 9100,
LAS-IBM-91953BIUF,Rimless Blind Installation Wall Hung Wc,Sanitaryware,LAS,IBM,23100,INR,NRP: 19900,
LAS-WHT-91251,Urinal With Spreader Hole And Fixing Acc,Sanitaryware,Laguna,WHT,10000,INR,NRP: 8600,LAS-WHT-91251.jpeg
LAS-BLM-91901,"Table Top Basin, SIZE:380X380X130",Sanitaryware,LAS,BLM,7050,INR,NRP: 6050,
LAS-BEM-91901,"Table Top Basin, SIZE:380X380X130",Sanitaryware,LAS,BEM,7500,INR,NRP: 6450,
LAS-GRM-91901,"Table Top Basin, SIZE:380X380X130",Sanitaryware,LAS,GRM,7050,INR,NRP: 6050,
LAS-GRM-91701,Under Counter Basin With Fixing Accessor,Sanitaryware,LAS,GRM,9750,INR,NRP: 8400,
LAS-BEM-91701,Under Counter Basin With Fixing Accessor,Sanitaryware,LAS,BEM,10200,INR,NRP: 8800,
LAS-WHM-91901,"Table Top Basin, SIZE:380X380X130",Sanitaryware,LAS,WHM,7050,INR,NRP: 6050,
LAS-BLM-91701,Under Counter Basin With Fixing Accessor,Sanitaryware,LAS,BLM,9750,INR,NRP: 8400,
LAS-WHM-91701,Under Counter Basin With Fixing Accessor,Sanitaryware,LAS,WHM,9750,INR,NRP: 8400,
LAS-BEM-91931,Table Top Wash Basin With Three Tap Hole,Sanitaryware,LAS,BEM,15700,INR,NRP: 13500,
LAS-BEM-91933,Table Top Basin With Single Tap Hole(sem,Sanitaryware,LAS,BEM,18500,INR,NRP: 15900,
LAS-BEM-91903,"Table Top Basin, SIZE:450X450X130",Sanitaryware,LAS,BEM,10300,INR,NRP: 8900,
LAS-BEM-91707,Under Counter Basin With Fixing Accessor,Sanitaryware,LAS,BEM,9650,INR,NRP: 8300,
LAS-BEM-91705,Under Counter Basin With Fixing Accessor,Sanitaryware,LAS,BEM,7100,INR,NRP: 6100,
LAS-WHM-91933,Table Top Basin With Single Tap Hole(sem,Sanitaryware,LAS,WHM,17600,INR,NRP: 15100,
LAS-WHM-91903,"Table Top Basin, SIZE:450X450X130",Sanitaryware,LAS,WHM,9900,INR,NRP: 8500,
LAS-WHM-91707,Under Counter Basin With Fixing Accessor,Sanitaryware,LAS,WHM,9200,INR,NRP: 7900,
LAS-WHM-91705,Under Counter Basin With Fixing Accessor,Sanitaryware,LAS,WHM,6750,INR,NRP: 5800,
LAS-WHT-91201C,"Cistern Tank For LAS-WHT-91753P180UFSMZ,",Sanitaryware,LAS,WHT,5100,INR,NRP: 4400,
LAS-WHT-91153N,Blind Installation Wall Hung Bidet With,Sanitaryware,Laguna,WHT,11400,INR,NRP: 9800,LAS-WHT-91153N.jpeg
LAS-WHT-91753P180UFSMZ,Rimless Bowl With Cistern For Coupled Wc,Sanitaryware,Laguna,WHT,26400,INR,NRP: 22700,LAS-WHT-91753P180UFSMZ.jpeg
LYS-WHT-38801,Wall Hung Basin With Fixing Accessories,Sanitaryware,Lyric,WHT,5250,INR,NRP: 4500,LYS-WHT-38801.jpeg
LYS-WHT-38103UF,Uf Slim Soft Closing Seat Cover For 3595,Sanitaryware,Seat Cover,WHT,2650,INR,NRP: 2300,
LYS-WHT-38301,Full Pedestal For 38801,Sanitaryware,Lyric,WHT,2525,INR,NRP: 2200,LYS-WHT-38801.jpeg
LYS-WHT-38305,Half Pedestal With Fixing Accessories Se,Sanitaryware,Lyric,WHT,2075,INR,NRP: 1800,LYS-WHT-38305.jpeg
LYS-WHT-38951UFSM,Wall Hung Wc With Uf Soft Close Slim Sea,Sanitaryware,LYS,WHT,16600,INR,NRP: 14350,
LYS-WHT-38851S300UFSM,Single Piece-wc With Uf Soft Close Slim,Sanitaryware,LYS,WHT,27500,INR,NRP: 23500,
LYS-WHT-38851P180UFSM,Single Piece-wc With Uf Soft Close Slim,Sanitaryware,LYS,WHT,27500,INR,NRP: 23500,
LYS-WHT-38851S220UFSM,Single Piece-wc With Uf Soft Close Slim,Sanitaryware,LYS,WHT,27500,INR,NRP: 23500,
LYS-WHT-0554,"TABLE TOP BASIN, SIZE: 175X435X410mm",Sanitaryware,LYS,WHT,4590,INR,NRP: 4460,
LYS-WHT-0115,"WALL HUNG-WC, SIZE: 370X360X520mm",Sanitaryware,LYS,WHT,12990,INR,NRP: 11190,
LYS-WHT-38951,Wall Hung Wc With Uf Soft Close Seat Cov,Sanitaryware,LYS,WHT,13290,INR,NRP: 11620,
LYS-WHT-38201,Cistern With Cistern Fittings For 38751p,Sanitaryware,LYS,WHT,6550,INR,NRP: 5700,
LYS-WHT-38931,"TABLE TOP BASIN, SIZE:635X405X120 mm",Sanitaryware,Lyric,WHT,6400,INR,NRP: 5500,LYS-WHT-38931.jpeg
LYS-WHT-38901N,"TABLE TOP BASIN, SIZE: 600X410X100 mm",Sanitaryware,Lyric,WHT,7350,INR,NRP: 6300,LYS-WHT-38901N.jpeg
LYS-WHT-38201C,"Cistern Only For 38751P, 38751s",Sanitaryware,LYS,WHT,6000,INR,NRP: 5200,
LYS-WHT-38851S220UFSMN,Single Piece-wc With Uf Soft Close Slim,Sanitaryware,LYS,WHT,27500,INR,NRP: 23500,
LYS-WHT-38851S300UFSMN,Single Piece-wc With Uf Soft Close Slim,Sanitaryware,LYS,WHT,27500,INR,NRP: 23500,
LYS-WHT-38953BIUFSM,Rimless Blind Installation Wall-hung Wc,Sanitaryware,LYS,WHT,18000,INR,NRP: 15400,
LYS-WHT-38851P180UFSMN,Single Piece Wc With Uf Soft Close Slim,Sanitaryware,LYS,WHT,27500,INR,NRP: 23500,
LYS-WHT-38853P180UFSM,Single Piece Wc With Uf Soft Close Slim,Sanitaryware,Lyric,WHT,22700,INR,NRP: 19500,LYS-WHT-38853P180UFSM.jpeg
LYS-WHT-38853S220UFSMY,Single Piece Wc With Uf Soft Close Slim,Sanitaryware,Lyric,WHT,22700,INR,NRP: 19500,LYS-WHT-38853P180UFSM.jpeg
LYS-WHT-38853S300UFSMY,Single Piece Wc With Uf Soft Close Slim,Sanitaryware,Lyric,WHT,22700,INR,NRP: 19500,LYS-WHT-38853S300UFSMY.jpeg
LYS-WHT-38751S250BZ,"Bowl With Cistern For Coupled Wc, Dual F",Sanitaryware,LYS,WHT,17200,INR,NRP: 15100,
LYS-WHT-38751P180BZ,"Bowl With Cistern For Coupled Wc, Dual F",Sanitaryware,LYS,WHT,17200,INR,NRP: 15100,
LYS-WHT-38851S300JUFSMN,"Single Piece Wc With In Built Jet, Uf So",Sanitaryware,LYS,WHT,29350,INR,NRP: 25300,
LYS-WHT-38751P180UFSMZ,Bowl With Cistern For Coupled Wc With Uf,Sanitaryware,LYS,WHT,21500,INR,NRP: 18900,
LYS-WHT-38751S250UFSMZ,Bowl With Cistern For Coupled Wc With Uf,Sanitaryware,LYS,WHT,22400,INR,NRP: 19500,
OPS-WHT-15753S220UFPMZ,Rimless Bowl With Cistern For Coupled Wc,Sanitaryware,OPS,WHT,25000,INR,NRP: 21500,
OPS-WHT-15753S250UFPMZ,Rimless Bowl With Cistern For Coupled Wc,Sanitaryware,OPS,WHT,25000,INR,NRP: 21500,
OPS-WHT-15851P180UFSMTL,Tankless Single Piece Wc With Uf Soft Cl,Sanitaryware,Opal,WHT,38500,INR,NRP: 33100,OPS-WHT-15851P180UFSMTL.jpeg
OPS-WHT-15851P180BTL,"Tankless Single Piece Wc, Single Flush W",Sanitaryware,OPS,WHT,35350,INR,NRP: 30400,
OPS-WHT-15151T,Floor Mounted Bidet With Fixing Accessor,Sanitaryware,Opal,WHT,14000,INR,NRP: 12000,OPS-WHT-15151T.jpeg
OPS-BEM-15953BIUFPM,Rimless Blind Installation Wall Hung Wc,Sanitaryware,OPS,BEM,19200,INR,NRP: 16400,
OPS-BEM-15601PM,"Counter Top Basin, Size: 600X440X165 Mm",Sanitaryware,OPS,BEM,6000,INR,NRP: 5150,
OPS-BEM-15933PM,"Table Top Basin, (without Tap Hole) Size",Sanitaryware,OPS,BEM,9400,INR,NRP: 8100,
OPS-GRM-15601PM,"Counter Top Basin, Size: 600X440X165 Mm",Sanitaryware,OPS,GRM,5700,INR,NRP: 4900,
OPS-GRM-15933PM,"Table Top Basin, (without Tap Hole) Size",Sanitaryware,OPS,GRM,8950,INR,NRP: 7700,
OPS-GRM-15953BIUFPM,Rimless Blind Installation Wall Hung Wc,Sanitaryware,OPS,GRM,18200,INR,NRP: 15600,
OPS-GRM-15953BIBPM,Rimless Blind Installation Wall Hung Wc,Sanitaryware,OPS,GRM,14300,INR,NRP: 12100,
OPS-WHM-15953BIUFPM,Rimless Blind Installation Wall Hung Wc,Sanitaryware,OPS,WHM,18200,INR,NRP: 15600,
OPS-WHM-15953BIBPM,Rimless Blind Installation Wall Hung Wc,Sanitaryware,OPS,WHM,14300,INR,NRP: 12100,
OPS-WHM-15601PM,"Counter Top Basin, Size: 600X440X165 Mm",Sanitaryware,OPS,WHM,5700,INR,NRP: 4900,
OPS-WHM-15933PM,"Table Top Basin, (without Tap Hole) Size",Sanitaryware,OPS,WHM,8950,INR,NRP: 7700,
OPS-WHT-15961NBIUFSMTL,Tankless Wall Hung Wc With Sensor And La,Sanitaryware,Opal,WHT,32900,INR,NRP: 28300,OPS-WHT-15961NBIUFSMTL.jpeg
OPS-WHT-15151N,Floor Mounted Bidet With Fixing Accessor,Sanitaryware,Opal,WHT,15300,INR,NRP: 13200,OPS-WHT-15151N.jpeg
OPS-IBM-15953BIUFPM,Rimless Blind Installation Wall Hung Wc,Sanitaryware,OPS,IBM,18200,INR,NRP: 15600,
OPS-IBM-15953BIBPM,Rimless Blind Installation Wall Hung Wc,Sanitaryware,OPS,IBM,14300,INR,NRP: 12100,
OPS-IBM-15933PM,"Table Top Basin, (without Tap Hole) Size",Sanitaryware,OPS,IBM,8950,INR,NRP: 7700,
OPS-IBM-15931PM,"Table Top Basin, Size: 600X440X165 Mm",Sanitaryware,OPS,IBM,8950,INR,NRP: 7700,
OPS-IBM-15901N,"TABLE TOP BASIN, SIZE:480X480X130 mm",Sanitaryware,OPS,IBM,6550,INR,NRP: 5650,
OPS-IBM-15601PM,"Counter Top Basin, Size: 600X440X165 Mm",Sanitaryware,OPS,IBM,5700,INR,NRP: 4900,
OPS-WHT-15955S110UFSM,Rimless Back To Wall Wc With Uf Soft Clo,Sanitaryware,OPS,WHT,18700,INR,NRP: 16100,
OPS-WHT-15159,Floor Mounted Bidet With Fixing Accessor,Sanitaryware,OPS,WHT,13000,INR,NRP: 11200,
OPS-BEM-15953BIBPM,Rimless Blind Installation Wall Hung Wc,Sanitaryware,OPS,BEM,15050,INR,NRP: 12700,
OPS-BLM-15601PM,"Counter Top Basin, Size: 600X440X165 Mm",Sanitaryware,OPS,BLM,5700,INR,NRP: 4900,
OPS-BLM-15933PM,"Table Top Basin, (without Tap Hole) Size",Sanitaryware,OPS,BLM,8950,INR,NRP: 7700,
OPS-BLM-15961NBIUFSMTL,Tankless Wall Hung Wc With Sensor And La,Sanitaryware,OPS,BLM,39500,INR,NRP: 34000,
OPS-WHT-15851S300BTL,"Tankless Single Piece Wc, Single Flush W",Sanitaryware,OPS,WHT,35350,INR,NRP: 30400,
OPS-WHT-15751S220UFSMZ,Bowl With Cistern For Coupled Wc With Uf,Sanitaryware,Opal,WHT,28500,INR,NRP: 24500,OPS-WHT-15751S220UFSMZ.jpeg
OPS-WHT-15753P180UFSMZ,Rimless Bowl With Cistern For Coupled Wc,Sanitaryware,OPS,WHT,27900,INR,NRP: 24300,
OPS-WHM-15931PM,"Table Top Basin, Size: 600X440X165 Mm",Sanitaryware,OPS,WHM,8950,INR,NRP: 7700,
OPS-GRM-15931PM,"Table Top Basin, Size: 600X440X165 Mm",Sanitaryware,OPS,GRM,8950,INR,NRP: 7700,
OPS-BEM-15931PM,"Table Top Basin, Size: 600X440X165 Mm",Sanitaryware,OPS,BEM,9400,INR,NRP: 8100,
OPS-WHM-15901N,"TABLE TOP BASIN, SIZE:480X480X130 mm",Sanitaryware,OPS,WHM,6550,INR,NRP: 5650,
OPS-GRM-15901N,"TABLE TOP BASIN, SIZE:480X480X130 mm",Sanitaryware,OPS,GRM,6550,INR,NRP: 5650,
OPS-BEM-15901N,"TABLE TOP BASIN, SIZE:480X480X130 mm",Sanitaryware,OPS,BEM,6900,INR,NRP: 5950,
OPS-WHT-15961BIUFSMTL,"Tankless Wall Hung Wc With Sensor Flush,",Sanitaryware,OPS,WHT,28000,INR,NRP: 24200,
OPS-WHT-15851S300UFSMTL,Tankless Single Piece Wc With Uf Soft Cl,Sanitaryware,Opal,WHT,38500,INR,NRP: 33100,OPS-WHT-15851S300UFSMTL.jpeg
OPS-BLM-15901N,"TABLE TOP BASIN, SIZE:480X480X130 mm",Sanitaryware,OPS,BLM,6550,INR,NRP: 5650,
OPS-BLM-15153PM,Blind Installation Wall Hung Bidet With,Sanitaryware,OPS,BLM,11300,INR,NRP: 9700,
OPS-BLM-15931PM,"Table Top Basin, Size: 600X440X165 Mm",Sanitaryware,OPS,BLM,8950,INR,NRP: 7700,
OPS-BLM-15953BIUFPM,Rimless Blind Installation Wall Hung Wc,Sanitaryware,OPS,BLM,18200,INR,NRP: 15600,
OPS-WHT-15153PM,Blind Installation Wall Hung Bidet With,Sanitaryware,OPS,WHT,9300,INR,NRP: 8000,
OPS-WHT-15301PM,"Full Pedestal For OLS-WHT-15801PM, Size:",Sanitaryware,OPS,WHT,3000,INR,NRP: 2600,
OPS-WHT-15305PM,Half Pedestal With Fixing Accessories Fo,Sanitaryware,OPS,WHT,3000,INR,NRP: 2600,
OPS-WHT-15601PM,"Counter Top Basin, Size: 600X440X165 Mm",Sanitaryware,OPS,WHT,4750,INR,NRP: 4100,
OPS-WHT-15753P180UFPMZ,Rimless Bowl With Cistern For Coupled Wc,Sanitaryware,OPS,WHT,25000,INR,NRP: 21500,
OPS-WHT-15801PM,"Wall Hung Basin With Fixing Accessories,",Sanitaryware,OPS,WHT,4900,INR,NRP: 4200,
OPS-WHT-15931PM,"Table Top Basin, Size: 600X440X165 Mm",Sanitaryware,OPS,WHT,7100,INR,NRP: 6100,
OPS-WHT-15953BIUFPM,Rimless Blind Installation Wall Hung Wc,Sanitaryware,OPS,WHT,15200,INR,NRP: 13000,
OPS-BLM-15953BIBPM,Rimless Blind Installation Wall Hung Wc,Sanitaryware,OPS,BLM,14300,INR,NRP: 12100,
OPS-WHT-15201CPM,"Cistern Tank For OPS-WHT-15753P180UFPMZ,",Sanitaryware,OPS,WHT,3850,INR,NRP: 3300,
OPS-WHT-15753P180BPM,"Rimless Bowl For Coupled Wc (only Bowl),",Sanitaryware,OPS,WHT,15250,INR,NRP: 13100,
OPS-WHT-15953BIBPM,Rimless Blind Installation Wall Hung Wc,Sanitaryware,OPS,WHT,11850,INR,NRP: 10100,
OPS-WHT-15207C,Cistern Tank Only For 15753P180ufsm,Sanitaryware,OPS,WHT,6650,INR,NRP: 5800,
OPS-WHT-15205C,Cistern Tank Only For OPS-WHT-15751S220u,Sanitaryware,OPS,WHT,7650,INR,NRP: 6600,
OPS-BLM-15753P180UFSMZ,Rimless Bowl With Cistern For Coupled Wc,Sanitaryware,OPS,BLM,34500,INR,NRP: 29800,
OPS-BLM-15207C,Cistern Tank Only For 15753P180ufsm,Sanitaryware,OPS,BLM,8950,INR,NRP: 7600,
OPS-WHT-15933PM,"Table Top Basin, (without Tap Hole) Size",Sanitaryware,OPS,WHT,7100,INR,NRP: 6100,
OPS-WHT-15753NS250UFSMZ,Rimless Bowl With Cistern For Coupled Wc,Sanitaryware,Opal,WHT,21350,INR,NRP: 18800,OPS-WHT-15753NS250UFSMZ.jpeg
OPS-WHT-15753NP180UFSMZ,Rimless Bowl With Cistern For Coupled Wc,Sanitaryware,Opal,WHT,21350,INR,NRP: 18800,OPS-WHT-15753NP180UFSMZ.jpeg
OPS-WHT-15207,Cistern With Cistern Fittings For 15753s,Sanitaryware,OPS,WHT,6290,INR,NRP: 5660,
OPS-WHT-15955P180UFSM,Rimless Back To Wall Wc With Uf Soft Clo,Sanitaryware,Opal,WHT,24000,INR,NRP: 20600,OPS-WHT-15955P180UFSM.jpeg
OPS-WHT-15751P180UF,Bowl For Coupled Wc With Uf Soft Close S,Sanitaryware,OPS,WHT,8290,INR,NRP: 7120,
OPS-WHT-15753P180UFSM,Rimless Bowl For Coupled Wc With Uf  Sof,Sanitaryware,OPS,WHT,16500,INR,NRP: 14340,
OPS-WHT-15751S220UF,Bowl For Coupled Wc With Uf Soft Close S,Sanitaryware,OPS,WHT,18200,INR,NRP: 15900,
OPS-WHT-15851S300UF,Single Piece-wc With Uf Soft Close Seat,Sanitaryware,Opal,WHT,28150,INR,NRP: 24200,OPS-WHT-15851S300UF.jpeg
OPS-WHT-15153,"Wall Hung Bidet, Size : 550X365X400 Mm",Sanitaryware,OPS,WHT,11500,INR,NRP: 9860,
OPS-WHT-15205,Cistern With  Cistern Fittings For 15751,Sanitaryware,OPS,WHT,6600,INR,NRP: 5800,
OPS-WHT-15803,Wall Hung Basin With Fixing Accessories,Sanitaryware,Opal,WHT,13100,INR,NRP: 11400,OPS-WHT-15803.jpeg
OPS-WHT-15905,"TABLE TOP BASIN, SIZE:410*410*140mm",Sanitaryware,Opal,WHT,7650,INR,NRP: 6600,OPS-WHT-15905.jpeg
OPS-WHT-15951UF,Wall Hung Wc With Uf Soft Close Seat Cov,Sanitaryware,OPS,WHT,20500,INR,NRP: 17700,
OPS-WHT-15853S300UF,Rimless Single Piece-wc With Uf Soft Clo,Sanitaryware,OPS,WHT,30500,INR,NRP: 26300,
OPS-WHT-15851S285PP,Single Piece-wc With Pp Soft Close Seat,Sanitaryware,OPS,WHT,28500,INR,NRP: 24500,
OPS-WHT-15103PP,Pp Seat Cover For 15955pb,Sanitaryware,OPS,WHT,1540,INR,NRP: 1540,
OPS-WHT-15901N,"TABLE TOP BASIN, SIZE:480X480X130 mm",Sanitaryware,Opal,WHT,5000,INR,NRP: 4300,OPS-WHT-15901N.jpeg
OPS-WHT-15851SN,Rimless Single Piece-wc With Uf Soft Clo,Sanitaryware,OPS,WHT,21690,INR,NRP: 19120,
OPS-WHT-15101NUF,Uf Seat Cover For OPS-WHT-15851sn,Sanitaryware,Seat Cover,WHT,3850,INR,NRP: 3400,
OPS-WHT-15801,Wall Hung Basin With Fixing Accessories,Sanitaryware,OPS,WHT,4300,INR,NRP: 3710,
OPS-WHT-0116,"WALL HUNG-WC, SIZE:400X360X575mm",Sanitaryware,OPS,WHT,13090,INR,NRP: 12760,
OPS-WHT-15955,Back To Wall-wc With Fixing Accessories,Sanitaryware,OPS,WHT,14290,INR,NRP: 12500,
OPS-WHT-15305,Half Pedestal For OPS-WHT-15801,Sanitaryware,OPS,WHT,1700,INR,NRP: 1530,
ONS-WHT-10753S250UFSM,Rimless Bowl For Coupled Wc With Uf Soft,Sanitaryware,ONS,WHT,10500,INR,NRP: 8990,
ONS-WHT-10753P180UFSM,Rimless Bowl For Coupled Wc With Uf Soft,Sanitaryware,ONS,WHT,20500,INR,NRP: 17700,
ONS-WHT-10203,Cistern With Cistern Fittings For 10753n,Sanitaryware,ONS,WHT,8950,INR,NRP: 7700,
ONS-WHT-10753NS250UFSM,Rimless Bowl For Coupled Wc With Uf Soft,Sanitaryware,ONS,WHT,20500,INR,NRP: 17700,
ONS-WHT-10953BIUFSM,"Rimless, Blind Installation Wall Hung Wc",Sanitaryware,ONS,WHT,18100,INR,NRP: 15600,
ONS-WHT-10853S300UFSM,Rimless Single Piece Wc With Uf Soft Clo,Sanitaryware,ONS,WHT,28000,INR,NRP: 24100,
ONS-WHT-10955P180UFSM,Rimless Back To Wall Wc With Uf Sloft Cl,Sanitaryware,ONS,WHT,22000,INR,NRP: 18900,
ONS-WHT-10153,"Wall Hung Bidet With Fixing Accessories,",Sanitaryware,ONS,WHT,14000,INR,NRP: 12000,
ONS-WHT-10201,"Cistern With Cstern Fittings For 10751S,",Sanitaryware,ONS,WHT,4500,INR,NRP: 4000,
ONS-WHT-10953BI,"Rimless, Blind Installation Wall Hung Wc",Sanitaryware,ONS,WHT,11490,INR,NRP: 10340,
ONS-WHT-10853S,Single Piece Wc With Uf Soft Closing Sli,Sanitaryware,ONS,WHT,16990,INR,NRP: 15290,
ONS-WHT-10901,TABLE TOP BASINSIZE:430*430*145mm,Sanitaryware,ONS,WHT,5700,INR,NRP: 4900,
ONS-WHT-10801,Wall-hung Integrated Basin,Sanitaryware,ONS,WHT,11500,INR,NRP: 10000,
ONS-WHT-10753NS250UFSMZ,Rimless Bowl With Cistern For Coupled Wc,Sanitaryware,ONS,WHT,33500,INR,NRP: 28800,
ONS-WHT-10851S300BTL,"Tankless Single Piece Wc, Single Flush W",Sanitaryware,ONS,WHT,33050,INR,NRP: 28450,
ONS-WHT-10203C,Cistern Only For 10753P180ufsm,Sanitaryware,ONS,WHT,7800,INR,NRP: 6700,
ONS-WHT-10851S300UFSMTL,Tankless Single Piece Wc With Uf Soft Cl,Sanitaryware,ONS,WHT,36500,INR,NRP: 31400,
ONS-WHT-10753P180UFSMZ,Rimless Bowl With Cistern For Coupled Wc,Sanitaryware,ONS,WHT,33500,INR,NRP: 28800,
ONS-WHT-10961BIUFSMTL,"Tankless Wall Hung Wc With Sensor Flush,",Sanitaryware,ONS,WHT,29300,INR,NRP: 25200,
ONS-WHT-10953NBIUF,Rimless  Blind Installation Wall Hung Wc,Sanitaryware,ONS,WHT,17000,INR,NRP: 14600,
ONS-WHT-10853S300PP,Vertox Single Piece Wc With Pp Soft Clos,Sanitaryware,ONS,WHT,18100,INR,NRP: 15600,
ONS-WHT-10853S220PP,Vertox Single Piece Wc With Pp Soft Clos,Sanitaryware,ONS,WHT,18100,INR,NRP: 15600,
ONS-WHT-10853P180PP,Vertox Single Piece Wc With Pp Soft Clos,Sanitaryware,ONS,WHT,18100,INR,NRP: 15600,
QPS-WHT-7753S250UFSPMZ,Rimless Bowl With Side Flush Cistern For,Sanitaryware,Queen's Prime,WHT,34000,INR,NRP: 29200,QPS-WHT-7753S250UFSPMZ.jpeg
QPS-WHT-7753S250UFPMZ,Rimless Bowl With Cistern For Coupled Wc,Sanitaryware,QPS,WHT,32900,INR,NRP: 28300,
QPS-WHT-7203SC,Side Flush Cistern Tank Only For Qps-wht,Sanitaryware,QPS,WHT,9900,INR,NRP: 8500,
QPS-WHT-7203C,Cistern Tank Only For QPS-WHT-7753P180uf,Sanitaryware,QPS,WHT,9650,INR,NRP: 8300,
QPS-WHT-7953UFPM,Rimless Wall Hung Wc With Uf Soft Close,Sanitaryware,Queen's Prime,WHT,26900,INR,NRP: 23100,QPS-WHT-7953UFPM.jpeg
QPS-WHT-7753P180UFSPMZ,Rimless Bowl With Side Flush Cistern For,Sanitaryware,Queen's Prime,WHT,34000,INR,NRP: 29200,QPS-WHT-7753P180UFSPMZ.jpeg
QPS-WHT-7753P180UFPMZ,Rimless Bowl With Cistern For Coupled Wc,Sanitaryware,QPS,WHT,32900,INR,NRP: 28300,
QPS-WHT-7803PM,"Wall Hung Basin With Fixing Accessories,",Sanitaryware,Queen's Prime,WHT,12100,INR,NRP: 10400,QPS-WHT-7803PM.jpeg
QPS-WHT-7303PM,Full Pedestal For QPS-WHT-7803pm,Sanitaryware,Queen's Prime,WHT,4950,INR,NRP: 4300,QPS-WHT-7803PM.jpeg
QPS-WHT-7955P180UFPM,Rimless Back To Wall Wc With Uf Soft Clo,Sanitaryware,Queen's Prime,WHT,23600,INR,NRP: 20300,QPS-WHT-7955P180UFPM.jpeg
QPS-WHT-7901PM,"TABLE TOP BASIN, SIZE: 600x460x195 MM",Sanitaryware,Queen's Prime,WHT,12200,INR,NRP: 10500,QPS-WHT-7901PM.jpeg
QPS-WHT-7701PM,Under Counter Basin With Fixing Accessor,Sanitaryware,Queen's Prime,WHT,7900,INR,NRP: 6800,QPS-WHT-7701PM.jpeg
QPS-WHT-7151PM,"FLOOR MOUNTED BIDET, SIZE:410x570x420 MM",Sanitaryware,Queen's Prime,WHT,13400,INR,NRP: 11500,QPS-WHT-7151PM.jpeg
QPS-WHT-7153PM,"WALL HUNG BIDET, SIZE: 420x560x370 MM",Sanitaryware,Queen's Prime,WHT,12200,INR,NRP: 10500,QPS-WHT-7153PM.jpeg
SPS-WHT-307103PP,Manual Bidet Pp Seat Cover For,Sanitaryware,Seat Cover,WHT,6750,INR,NRP: 5800,
SPS-WHT-307101PP,Manual Bidet Pp Seat Cover For,Sanitaryware,Seat Cover,WHT,6650,INR,NRP: 5700,
SPS-WHT-307953BIPP,"Sanipure , Rimless Blind Installation Wa",Sanitaryware,Sanipure,WHT,16925,INR,NRP: 14600,SPS-WHT-307953BIPP.jpeg
SPS-WHT-81953PP,"Sanipure , Rimless Wall Hung Wc With Man",Sanitaryware,Sanipure,WHT,24950,INR,NRP: 21400,SPS-WHT-81953PP.jpeg
SLS-WHT-6953BI,Rimless Wall Hung Wc With Slim Seat Cove,Sanitaryware,SLS,WHT,10590,INR,NRP: 9530,
SLS-WHT-6905,"TABLE TOP BASIN, SIZE:360*360*115mm",Sanitaryware,SLS,WHT,6650,INR,NRP: 5700,
SLS-WHT-6951J,Wall Hung Wc With In Built Jet Pp Slim S,Sanitaryware,SLS,WHT,12190,INR,NRP: 10800,
SLS-WHT-6951JUFSM,"Wall Hung Wc With In Built Jet, Uf Soft",Sanitaryware,Solo,WHT,13600,INR,NRP: 11700,SLS-WHT-6951JUFSM.jpeg
SLS-WHT-6953BIPPSM,"Rimless, Blind Installation Wall Hung Wc",Sanitaryware,SLS,WHT,11600,INR,NRP: 10010,
SLS-WHT-6953BIUFSM,"Rimless, Blind Installation Wall Hung Wc",Sanitaryware,SLS,WHT,12700,INR,NRP: 11000,
SLS-WHT-6851S110PP,Single Piece-wc With Pp  Soft Close Seat,Sanitaryware,SLS,WHT,21500,INR,NRP: 18500,
SLS-WHT-6851P180PP,Single Piece-wc With Pp  Soft Close Seat,Sanitaryware,SLS,WHT,21500,INR,NRP: 18500,
SLS-WHT-6851S220PP,Single Piece-wc With Pp  Soft Close Seat,Sanitaryware,SLS,WHT,21500,INR,NRP: 18500,
SLS-WHT-6851S300PP,Single Piece-wc With Pp  Soft Close Seat,Sanitaryware,SLS,WHT,21500,INR,NRP: 18500,
SLS-WHT-6851S300UF,Single Piece-wc With Uf Soft Close Seat,Sanitaryware,SLS,WHT,23900,INR,NRP: 20500,
SLS-WHT-6153,"Wall Hung Bidet With Fixing Accessories,",Sanitaryware,SLS,WHT,14100,INR,NRP: 12200,
SLS-WHT-6951JPPSM,"Wall Hung Wc With In Built Jet, Pp Soft",Sanitaryware,Solo,WHT,12400,INR,NRP: 10700,SLS-WHT-6951JPPSM.jpeg
SLS-WHT-6951,Wall Hung Wc With Pp Soft Close Seat Cov,Sanitaryware,SLS,WHT,10290,INR,NRP: 9040,
SLS-WHT-6201,Cisterns With Cistern Fittings For 6751s,Sanitaryware,SLS,WHT,4190,INR,NRP: 3470,
SLS-WHT-6901,"TABLE TOP BASIN, SIZE:495X365X160 mm",Sanitaryware,SLS,WHT,4400,INR,NRP: 3800,
SLS-WHT-6801,Wall Hung Basin With Fixing Accessories,Sanitaryware,SLS,WHT,4400,INR,NRP: 3800,
SLS-WHT-6601,"COUNTER TOP BASIN, SIZE:600X400X175mm",Sanitaryware,SLS,WHT,6050,INR,NRP: 5200,
SLS-WHT-6305,Half Pedestal With Fixing Accessories Se,Sanitaryware,SLS,WHT,1725,INR,NRP: 1500,
SLS-WHT-6301,Full Pedestal For SLS-WHT-6801,Sanitaryware,SLS,WHT,2075,INR,NRP: 1800,
SLS-WHT-6751S240PPZ,Bowl For Coupled Wc With Pp  Soft Close,Sanitaryware,SLS,WHT,14700,INR,NRP: 12600,
SLS-WHT-6751P180PP,Bowl For Coupled Wc With Pp  Soft Close,Sanitaryware,SLS,WHT,6790,INR,NRP: 6230,
SLS-WHT-6751S240PP,Bowl For Coupled Wc With Pp  Soft Close,Sanitaryware,SLS,WHT,5890,INR,NRP: 5420,
SLS-WHT-6751S220PPZ,Bowl With Cistern For Coupled Wc With Pp,Sanitaryware,Solo,WHT,13500,INR,NRP: 11600,SLS-WHT-6751S220PPZ.jpeg
SLS-WHT-6751P180PPZ,Bowl With Cistern For Coupled Wc With So,Sanitaryware,Solo,WHT,13500,INR,NRP: 11600,SLS-WHT-6751P180PPZ.jpeg
SLS-BEM-6953BIUFSM,"Rimless, Blind Installation Wall Hung Wc",Sanitaryware,SLS,BEM,16500,INR,NRP: 14200,
SLS-WHM-6953BIUFSM,"Rimless, Blind Installation Wall Hung Wc",Sanitaryware,SLS,WHM,15700,INR,NRP: 13500,
SLS-BLM-6953BIUFSM,"Rimless, Blind Installation Wall Hung Wc",Sanitaryware,SLS,BLM,15700,INR,NRP: 13500,
SLS-WHT-6151N,Floor Mounted Bidet With Fixing Accessor,Sanitaryware,Solo,WHT,13000,INR,NRP: 11200,SLS-WHT-6151N.jpeg
SLS-WHT-6153N,Blind Installation Wall Hung Bidet With,Sanitaryware,Solo,WHT,9550,INR,NRP: 8200,SLS-WHT-6153N.jpeg
SLS-BLM-6153N,Blind Installation Wall Hung Bidet With,Sanitaryware,SLS,BLM,11700,INR,NRP: 10100,
SLS-WHM-6153N,Blind Installation Wall Hung Bidet With,Sanitaryware,SLS,WHM,11700,INR,NRP: 10100,
SLS-WHT-6955P180UFSM,Rimless Back To Wall Wc With Uf Soft  Cl,Sanitaryware,Solo,WHT,14800,INR,NRP: 12700,SLS-WHT-6955P180UFSM.jpeg
SLS-WHT-6953NBIUFSM,"Rimless, Blind Installation Wall Hung Wc",Sanitaryware,SLS,WHT,13100,INR,NRP: 11300,
SLS-WHT-6953BIPPSMN,"Rimless & Wash Down, Blind Installation",Sanitaryware,Solo,WHT,12100,INR,NRP: 10400,SLS-WHT-6953BIPPSMN.jpeg
SLS-GRM-6905,"TABLE TOP BASIN, SIZE:360*360*115mm",Sanitaryware,SLS,GRM,7950,INR,NRP: 6850,
SLS-WHM-6905,"TABLE TOP BASIN, SIZE:360*360*115mm",Sanitaryware,SLS,WHM,7950,INR,NRP: 6850,
SLS-WHT-6953BIBN,"Rimless, Blind Installation Wall Hung Wc",Sanitaryware,SLS,WHT,10475,INR,NRP: 9000,
SLS-WHM-6953BIBN,"Rimless, Blind Installation Wall Hung Wc",Sanitaryware,SLS,WHM,12250,INR,NRP: 10500,
SLS-BLM-6953BIBN,"Rimless, Blind Installation Wall Hung Wc",Sanitaryware,SLS,BLM,12250,INR,NRP: 10500,
SLS-BEM-6953BIBN,"Rimless, Blind Installation Wall Hung Wc",Sanitaryware,SLS,BEM,12800,INR,NRP: 11000,
SLS-GRM-6953BIBN,"Rimless, Blind Installation Wall Hung Wc",Sanitaryware,SLS,GRM,12250,INR,NRP: 10500,
SLS-WHM-6953BIUFSMN,"Rimless, Blind Installation Wall Hung Wc",Sanitaryware,SLS,WHM,16200,INR,NRP: 13900,
SLS-WHT-6953BIBNJIL,"Rimless, Blind Installation Wall Hung Wc",Sanitaryware,SLS,WHT,10475,INR,NRP: 9000,
SLS-WHT-6853S300UF,Rimless Single Piece-wc With Uf Soft Clo,Sanitaryware,Solo,WHT,23700,INR,NRP: 20400,SLS-WHT-6853S300UF.jpeg
SLS-WHT-6853NS110PP,Rimless Single Piece-wc With Pp Soft Clo,Sanitaryware,Solo,WHT,22000,INR,NRP: 18900,SLS-WHT-6853NS110PP.jpeg
SLS-WHT-6853NS220PP,Rimless Single Piece-wc With Pp Soft Clo,Sanitaryware,Solo,WHT,22000,INR,NRP: 18900,SLS-WHT-6853NS110PP.jpeg
SLS-WHT-6155,"Wall Hung Bidet With Accessories Set, Si",Sanitaryware,SLS,WHT,9550,INR,NRP: 8200,
SLS-BLM-6905,"TABLE TOP BASIN, SIZE:360*360*115mm",Sanitaryware,SLS,BLM,7950,INR,NRP: 6850,
SLS-GRM-6953BIUFSMN,"Rimless, Blind Installation Wall Hung Wc",Sanitaryware,SLS,GRM,16200,INR,NRP: 13900,
SLS-BLM-6953BIUFSMN,"Rimless, Blind Installation Wall Hung Wc",Sanitaryware,SLS,BLM,16200,INR,NRP: 13900,
SLS-BEM-6953BIUFSMN,"Rimless, Blind Installation Wall Hung Wc",Sanitaryware,SLS,BEM,17000,INR,NRP: 14600,
SLS-WHT-6953BIUFSMN,"Rimless, Blind Installation Wall Hung Wc",Sanitaryware,SLS,WHT,13100,INR,NRP: 11300,
SLS-GRM-6953BIUFSM,"Rimless, Blind Installation Wall Hung Wc",Sanitaryware,SLS,GRM,15700,INR,NRP: 13500,
SLS-WHT-6953NBIUFSMJIL,"Rimless & Wash Down, Blind Installation",Sanitaryware,SLS,WHT,13100,INR,NRP: 11300,
URS-GRM-13253N,"Urinal With Fixing Accessories Set, Size",Sanitaryware,URS,GRM,10700,INR,NRP: 9300,
URS-WHT-13265,Urinal With Spreader And Fixing Accessor,Sanitaryware,URS,WHT,16800,INR,NRP: 14600,
URS-WHT-13267,Urinal With Spreader And Fixing Accessor,Sanitaryware,Seat Cover,WHT,15500,INR,NRP: 13500,URS-WHT-13267.jpeg
URS-BLM-13253N,"Urinal With Fixing Accessories Set, Size",Sanitaryware,URS,BLM,10700,INR,NRP: 9300,
URS-WHT-13265S,"Urinal With Sensor Kit, Spreader And Fix",Sanitaryware,URS,WHT,22900,INR,NRP: 19900,
URS-WHT-13267S,"Urinal With Sensor Kit, Spreader And Fix",Sanitaryware,Seat Cover,WHT,21600,INR,NRP: 18800,URS-WHT-13267S.jpeg
URS-BEM-13253N,"Urinal With Fixing Accessories Set, Size",Sanitaryware,URS,BEM,11300,INR,NRP: 9800,
URS-WHT-13253N,"Urinal With Fixing Accessories Set, Size",Sanitaryware,URS,WHT,8050,INR,NRP: 7000,
URS-WHT-13261H,"Urinal With Spreader Hole, SIZE:355X345x",Sanitaryware,URS,WHT,4400,INR,NRP: 3800,
URS-WHT-13253O,"Urinal With Fixing Accessories Set, Size",Sanitaryware,URS,WHT,7800,INR,NRP: 6780,
URS-WHT-13255,Urinal Without Sensor With Fixing Access,Sanitaryware,URS,WHT,12600,INR,NRP: 11000,
URS-WHT-13257,Urinal (top Inlet) With Fixing Accessori,Sanitaryware,URS,WHT,9550,INR,NRP: 8300,
URS-WHT-13259,"Urinal (top Inlet), With Fixing Accessor",Sanitaryware,URS,WHT,11000,INR,NRP: 9600,
URS-WHT-13261,"URINAL, SIZE:355X345X535 mm",Sanitaryware,URS,WHT,4400,INR,NRP: 3800,
URS-WHT-13263,"URINAL with Fixing Accessories , Size :",Sanitaryware,URS,WHT,14000,INR,NRP: 12200,
VPS-BLM-81931PM,"Table Top Basin, Size: 600X460X150 Mm",Sanitaryware,VPS,BLM,9950,INR,NRP: 8600,
VPS-WHT-81931PM,"Table Top Basin, Size: 600X460X150 Mm",Sanitaryware,VPS,WHT,7900,INR,NRP: 6800,
VPS-WHT-81601PM,"Counter Top Basin, Size: 600X460X140 Mm",Sanitaryware,VPS,WHT,5350,INR,NRP: 4600,
VPS-WHT-81301PM,"Full Pedestal For VPS-WHT-81801PM, Size:",Sanitaryware,VPS,WHT,3450,INR,NRP: 3000,
VPS-WHT-81801PM,"Wall Hung Basin With Fixing Accessories,",Sanitaryware,VPS,WHT,5600,INR,NRP: 4800,
VGS-WHT-81953BIUFPM,Rimless Wall Hung Wc With Uf Soft Close,Sanitaryware,VGS,WHT,22000,INR,NRP: 18900,
VGS-WHT-81953BIBPM,Rimless Blind Installation Wall Hung Wc,Sanitaryware,VGS,WHT,18150,INR,NRP: 15600,
VGS-WHT-81111UF,Seat Cover For VGS-WHT-81853S250ufsgp &,Sanitaryware,Seat Cover,WHT,3150,INR,NRP: 2700,
VGS-WHT-81901PM,"Table Top Basin, Size: 600X460X150 Mm",Sanitaryware,VGS,WHT,8150,INR,NRP: 7000,
VGS-WHT-81753P180UFSMSIZ,Rimless Bowl With Cistern For Coupled Wc,Sanitaryware,VGS,WHT,23500,INR,NRP: 20100,
VGS-WHT-81203C,"Cistern Tank Only For 81753S250UFSMZ, 81",Sanitaryware,VGS,WHT,4000,INR,NRP: 3500,
VGS-WHT-81851NS300PPY,Rimless Single Piece Wc With Pp Soft Clo,Sanitaryware,VGS,WHT,16500,INR,NRP: 14210,
VGS-BEM-81931PM,"Table Top Basin, Size: 600X460X150 Mm",Sanitaryware,VGS,BEM,10700,INR,NRP: 9200,
VGS-WHT-81153PM,"Wall Hung Bidet With Accessories Set, Si",Sanitaryware,VGS,WHT,9550,INR,NRP: 8200,
VGS-WHT-81753P180UFPMZ,Rimless Bowl With Cistern For Coupled Wc,Sanitaryware,VGS,WHT,25200,INR,NRP: 21700,
VGS-BLM-81931PM,"Table Top Basin, Size: 600X460X150 Mm",Sanitaryware,VGS,BLM,10200,INR,NRP: 8800,
VGS-WHT-81301PM,"Full Pedestal For VPS-WHT-81801PM, Size:",Sanitaryware,VGS,WHT,3450,INR,NRP: 3000,
VGS-WHT-81601PM,"Counter Top Basin, Size: 600X460X140 Mm",Sanitaryware,VGS,WHT,5450,INR,NRP: 4700,
VGS-WHT-81801PM,"Wall Hung Basin With Fixing Accessories,",Sanitaryware,VGS,WHT,6400,INR,NRP: 5500,
VGS-WHT-81931PM,"Table Top Basin, Size: 600X460X150 Mm",Sanitaryware,VGS,WHT,8150,INR,NRP: 7000,
VGS-WHT-81753S250UFSMZ,Rimless Bowl With Cistern For Coupled Wc,Sanitaryware,Vignette,WHT,24500,INR,NRP: 21100,VGS-WHT-81753S250UFSMZ.jpeg
VGS-WHT-81753P180UFSMZ,Rimless Bowl With Cistern For Coupled Wc,Sanitaryware,Vignette,WHT,24500,INR,NRP: 21100,VGS-WHT-81753P180UFSMZ.jpeg
VGS-WHT-81153,"Wall Hung Bidet, Size : 400X580X350 Mm",Sanitaryware,Vignette,WHT,15700,INR,NRP: 13500,VGS-WHT-81153.jpeg
VGS-WHT-81751P180PP,Bowl For Coupled Wc With Pp Soft Close S,Sanitaryware,VGS,WHT,9990,INR,NRP: 8830,
VGS-WHT-81751P180UFSM,Bowl For Coupled Wc With Uf Soft Close S,Sanitaryware,VGS,WHT,11900,INR,NRP: 10200,
VGS-WHT-81803,Wall Hung Basin With Fixing Accessories,Sanitaryware,VGS,WHT,5350,INR,NRP: 4790,
VGS-WHT-81307,Half Pedestal With Fixing Accessories Se,Sanitaryware,VGS,WHT,3000,INR,NRP: 2650,
VGS-WHT-81953UF,Rimless Wall Hung Wc With Uf Soft Close,Sanitaryware,Vignette,WHT,21800,INR,NRP: 18700,VGS-WHT-81953UF.jpeg
VGS-WHT-81853S300UF,Rimless Single Piece-wc With Uf Soft Clo,Sanitaryware,Vignette,WHT,28500,INR,NRP: 24500,VGS-WHT-81853S300UF.jpeg
VGS-WHT-81851S300UF,Single Piece- Wc With Uf Soft Close Seat,Sanitaryware,Vignette,WHT,28500,INR,NRP: 24500,VGS-WHT-81851S300UF.jpeg
VGS-WHT-81853P180UF,Rimless Single Piece-wc With Uf Soft Clo,Sanitaryware,Vignette,WHT,28500,INR,NRP: 24500,VGS-WHT-81853P180UF.jpeg
VGS-WHT-81851S300PP,Single Piece-wc With Pp Soft Close Seat,Flushing Systems,Cisterns,WHT,16900,INR,NRP: 15220,
VGS-WHT-81951,Wall Hung Wc With Uf Soft Close Seat Cov,Flushing Systems,Cisterns,WHT,19000,INR,NRP: 16500,
VGS-WHT-81201,Cisterns With Cistern Fittings For 81751,Flushing Systems,Cisterns,WHT,6190,INR,NRP: 4390,
VGS-WHT-81931,"TABLE TOP BASIN, SIZE:525X405X160 mm",Flushing Systems,Cisterns,WHT,6290,INR,NRP: 5930,
VGS-WHT-81801,Wall Hung Basin With Fixing Accessories,Flushing Systems,Cisterns,WHT,7760,INR,NRP: 7710,
VGS-WHT-81151,"Floor Mounted Bidet, SIZE:380X610X385",Sanitaryware,Vignette,WHT,17400,INR,NRP: 15000,VGS-WHT-81151.jpeg
VGS-WHT-81105NUF,Uf Seat Cover For VGS-WHT-81851sn,Sanitaryware,Seat Cover,WHT,5000,INR,NRP: 4300,
VGS-WHT-81851SN,Rimless Single Piece-wc With Uf Soft Clo,Flushing Systems,Cisterns,WHT,22790,INR,NRP: 20070,
VGS-WHT-81931N,"TABLE TOP BASIN, SIZE: 590X380X190 mm",Flushing Systems,Cisterns,WHT,9150,INR,NRP: 7850,
VGS-WHT-81953,Rimless Wall Hung Wc With Uf Soft Close,Flushing Systems,Cisterns,WHT,15590,INR,NRP: 13680,
JCS-WHT-2400S,Single Piece Slim Concealed Cistern Body,Flushing Systems,Cisterns,WHT,6225,INR,NRP: 5560,JCS-WHT-2400S.jpeg
JCS-WHT-2400FS,Single Piece Slim Concealed Cistern With,Flushing Systems,Cisterns,WHT,10925,INR,NRP: 9750,JCS-WHT-2400FS.jpeg
JCS-WHT-2400WS,Single Piece Slim Concealed Cistern With,Flushing Systems,Cisterns,WHT,8500,INR,NRP: 7590,JCS-WHT-2400WS.jpeg
JCP-CHR-72415,Control Plate Queens Prime,Flushing Systems,Flush Plates,CHR,1675,INR,NRP: 1480,JCP-CHR-72415.jpeg
JCP-CHR-812415,Control Plate Vignette Prime (K5140),Flushing Systems,Flush Plates,CHR,1675,INR,NRP: 1480,JCP-CHR-812415.jpeg
JCP-CHR-152415,Control Plate Opal,Flushing Systems,Flush Plates,CHR,1675,INR,NRP: 1480,JCP-CHR-812415.jpeg
JCP-CHR-392415,Control Plate Aria,Flushing Systems,Flush Plates,CHR,1600,INR,NRP: 1420,JCP-CHR-392415.jpeg
JCP-CHR-102415,Control Plate Ornamix Prime (K5141),Flushing Systems,Flush Plates,CHR,1675,INR,NRP: 1480,JCP-CHR-102415.jpeg
JCP-CHR-852415,Control Plate Alive (K5139),Flushing Systems,Flush Plates,CHR,1675,INR,NRP: 1480,JCP-CHR-392415.jpeg
JCP-CHR-912415,Control Plate Laguna,Flushing Systems,Flush Plates,CHR,2400,INR,NRP: 2110,JCP-CHR-102415.jpeg
JCP-CHR-2415,Control Plate Continental Prime,Flushing Systems,Flush Plates,CHR,1450,INR,NRP: 1310,JCP-CHR-2415.jpeg
JCP-CHR-292415,Control Plate Fusion,Flushing Systems,Flush Plates,CHR,1600,INR,NRP: 1420,JCP-CHR-72415.jpeg
JCP-CHR-352415,Control Plate Kubix,Flushing Systems,Flush Plates,CHR,1800,INR,NRP: 1600,JCP-CHR-352415.jpeg
JCP-CHR-372415,Control Plate D'arc (K5138),Flushing Systems,Flush Plates,CHR,1675,INR,NRP: 1480,JCP-CHR-372415.jpeg
SNR-STL-51087,Sensor Concealed Type Flushing Valve for Urinal Complete Set with Installation Box with Control Cock (Battery Operated),Faucets,Sensor Taps,STL,11000,INR,,SNR-STL-51087.jpeg
SNR-STL-51093N,Sensor Concealed Type Flushing Valve for Western Commode Complete Set with Provision for Manual Operation Also (Battery Operated),Faucets,Sensor Taps,STL,15200,INR,,SNR-STL-51093N.jpeg
SNR-STL-51077E4MAD,Sensor Concealed Type Flush Valve for Urinal Complete set with 4 meter adopter wire Instal- lation Box & Control Valve (9V transformer),Faucets,Sensor Taps,STL,15900,INR,,SNR-STL-51077E4MAD.jpeg
PRS-STL-033EFPWC,"Exposed Foot Operated Auto Closing Valve for Pressmatic Basin Taps Without Cartridge, But with Plug (Table Mounted Model) With Two 900 & 1200mm long Braided Hoses with 15mm nuts",Faucets,New Age Pressmatic,STL,2450,INR,,PRS-STL-033EFPWC.jpeg
PRS-STL-033EF,Exposed Foot Operated Auto Closing Valve for Basin Taps & Spouts (Table Mounted Model) with Two 900 & 1200mm Long Braided Hoses with 15mm Nuts,Faucets,New Age Pressmatic,STL,3300,INR,,PRS-STL-033EF.jpeg
PRS-STL-033EFP,Exposed Foot Operated Auto Closing Valve for Pressmatic Basin Taps Only with Plug (Table Mounted Model) with Two 900 & 1200mm Long Braided Hoses with 15mm Nuts,Faucets,New Age Pressmatic,STL,3450,INR,,PRS-STL-033EFP.jpeg
FLV-CHR-1015G,Flush Valve Complete with 32mm Size Control Cock with Elbow Set & Wall Flanges (Fixed Discharge of 4.0 Lts. Per Flusing) Regular Size,Faucets,Flush Valves,CHR,7850,INR,,ALD-CHR-1025.jpeg
FLV-CHR-1095NG,Metropole Flush Valve Regular 32mm Size (Concealed Body) with Exposed Shut Off Provi- sion (Fixed Discharge of 4.0 Lts. Per Flushing),Faucets,Flush Valves,CHR,4590,INR,,FLV-CHR-1095N.jpeg
FLV-CHR-1085NG,Metropole Flush Valve Dual Flow 32mm Size (Concealed Body) with Exposed Shut Off Provision (2.0/4.0 Lts. Per Flushing),Faucets,Flush Valves,CHR,4790,INR,,FLV-CHR-1085N.jpeg
FLV-CHR-1089NG,Metropole Flush Valve Dual Flow 40mm Size (Concealed Body) with Exposed Shut Off Provi- sion (2.0/4.0 Lts. Per Flushing),Faucets,Flush Valves,CHR,5090,INR,,FLV-CHR-1085N.jpeg
OHS-85857,"Alive- Maze Prime Single Function Shower 450 X 350mm AISI 304 stainless steel with RGB LED light remote control & installation kit for false ceiling • Chromo therapy (RGB): LED x 0.23W with 12V Power Supply (SMPS) including Controller, connecting to AC 100-240V, 50-60Hz",Shower,Maze Prime,Standard,58500,INR,,OHS-CHR-85857.jpeg
OHS-1675,"Duoflo Shower Round Shape 450mm AISI 304 stainless steel with RGB LED light remote control & installation kit for false ceiling • Chromo therapy (RGB): LED x 0.23W with 12V Power Supply (SMPS) Including Controller, connecting to AC 100-240V, 50-60Hz • 2-functions • Rain • 4 X Mist",Shower,Maze Prime,Standard,84500,INR,,OHS-CHR-1675.jpeg
OHS-1677,"Duoflo Shower Round Shape 450mm AISI 304 stainless steel with RGB LED light remote control & installation kit for false ceiling • Chromo therapy (RGB): LED x 0.23W with 12V Power Supply (SMPS) Including Controller, connecting to AC 100-240V, 50-60Hz • 2-functions • Rain • Waterfall",Shower,Maze Prime,Standard,84500,INR,,OHS-CHR-1677.jpeg
OHS-1685,"Duoflo Shower Square Shape 450 X 450mm AISI 304 stainless steel with RGB LED light remote control & installation kit for false ceiling • Chromo therapy (RGB): LED x 0.23W with 12V Power Supply (SMPS) Including Controller, connecting to AC 100-240V, 50-60Hz • 2-functions • Rain • 4 X Mist",Shower,Maze Prime,Standard,84500,INR,,OHS-CHR-1685.jpeg
OHS-1687,"Duoflo Shower Square Shape 450 X 450mm AISI 304 stainless steel with RGB LED light remote control & installation kit for false ceiling • Chromo therapy (RGB): LED x 0.23W with 12V Power Supply (SMPS) Including Controller, connecting to AC 100-240V, 50-60Hz • 2-functions • Rain • Waterfall",Shower,Maze Prime,Standard,84500,INR,,OHS-CHR-1675.jpeg
OHS-1675WL,"Duoflo Shower Round Shape 450mm AISI 304 stainless steel without Chromo therapy light with Installation kit for false ceiling • 2-functions ▪ Rain, ▪ 4 X Mist",Shower,Maze Prime,Standard,54000,INR,,OHS-CHR-1675WL.jpeg
OHS-1685WL,"Duoflo Shower Square Shape 450 X 450mm AISI 304 stainless steel without Chromo therapy light with Installation kit for false ceiling • 2-functions ▪ Rain, ▪ Waterfall",Shower,Maze Prime,Standard,54000,INR,,OHS-CHR-1685WL.jpeg
OHS-1687WL,"Duoflo Shower Square Shape 450 X 450mm AISI 304 stainless steel without Chromo therapy light with Installation kit for false ceiling • 2-functions ▪ Rain, ▪ Waterfall",Shower,Maze Prime,Standard,54000,INR,,OHS-CHR-1687WL.jpeg
OHS-1693,"Duoflo Shower Round Shape 350mm AISI 304 stainless steel with Installation kit for false ceiling • 2-functions ▪ Rain, ▪ 4 X Mist",Shower,Maze Prime,Standard,41500,INR,,OHS-CHR-1693.jpeg
OHS-1677WL,"Duoflo Shower Round Shape 450mm AISI 304 stainless steel without Chromo therapy light with Installation kit for false ceiling • 2-functions ▪ Rain, ▪ Waterfall",Shower,Maze Prime,Standard,54000,INR,,OHS-CHR-1677WL.jpeg
OHS-1673,"Maze Prime Round Shape Single Function Shower 450mm AISI 304 stainless steel with RGB LED light remote control & installation kit for false ceiling • Chromo therapy (RGB): LED x 0.23W with 12V Power Supply (SMPS) including Controller, connecting to AC 100-240V, 50-60Hz",Shower,Maze Prime,Standard,62000,INR,,OHS-CHR-1673.jpeg
OHS-1679,"Maze Prime Square Shape Single Function Shower 450 X 450mm AISI 304 stainless steel with RGB LED light remote control & installation kit for false ceiling • Chromo therapy (RGB): LED x 0.23W with 12V Power Supply (SMPS) including Controller, connecting to AC 100-240V, 50-60Hz",Shower,Maze Prime,Standard,62000,INR,,OHS-CHR-1679.jpeg
HSH-1715,Hand Shower 105mm Round Shape Single Flow with Air Effect (ABS Body & Face Plate Chrome Plated) with Rubit Cleaning System,Shower,Rain Showers,Standard,2725,INR,,HSH-CHR-1715.jpeg
HSH-1727,Hand Shower 140mm Round Shape Single Flow with Air Effect (ABS Body & Face Plate Chrome Plated) with Rubit Cleaning System,Shower,Rain Showers,Standard,4100,INR,,HSH-CHR-1727.jpeg
HSH-1729,Hand Shower 140mm Round Shape Multi Flow (Rain & Massage) with Air Effect (ABS Body & Face Plate Chrome Plated) with Rubit Cleaning System,Shower,Rain Showers,Standard,5400,INR,,HSH-CHR-1729.jpeg
OHS-1843,Victorian Shower Head Round 200mm (Bell Type) Single Flow (Body & Face Plate Brass) with Rubit Cleaning System,Shower,Rain Showers,Standard,6450,INR,,OHS-CHR-1843.jpeg
OHS-1989,Overhead Shower 100mm Round Shape Single Flow (ABS Body Chrome Plated with Gray Face Plate) with Rubit Cleaning System,Shower,Rain Showers,Standard,1750,INR,,OHS-CHR-1989.jpeg
OHS-1789,Overhead Shower 120mm Round Shape Single Flow (ABS Body Chrome Plated with Gray Face Plate) with Rubit Cleaning System,Shower,Rain Showers,Standard,2825,INR,,OHS-CHR-1789.jpeg
OHS-1759,Overhead Shower 180mm Round Shape Single Flow (ABS Body Chrome Plated with Gray Face Plate) with Rubit Cleaning System,Shower,Rain Showers,Standard,3250,INR,,OHS-CHR-1759.jpeg
OHS-497N,Overhead Shower 200mm Round Shape Single Flow (ABS Body Chrome Plated with Gray Face Plate) with Rubit Cleaning System,Shower,Rain Showers,Standard,3950,INR,,OHS-CHR-497N.jpeg
OHS-35497,Overhead Shower 200X200mm Square Shape Single Flow (ABS Body Chrome Plated with Gray Face Plate) with Rubit Cleaning System,Shower,Rain Showers,Standard,4200,INR,,OHS-CHR-35497.jpeg
OHS-35495,Overhead Shower 150X150mm Squarel Shape Single Flow (ABS Body Chrome Plated with Gray Face Plate) with Rubit Cleaning System,Shower,Rain Showers,Standard,3300,INR,,OHS-CHR-35495.jpeg
OHS-1801,Overhead Shower 150mm Round Shape Single Flow (Brass Body Chrome Plated with Gray Face Plate) with Self Cleaning Function,Shower,Rain Showers,Standard,6000,INR,,OHS-CHR-1801.jpeg
OHS-1649,Water Fall Overhead Shower 552x205x25mm Flat Shape Dual Flow (Maze Rain & Cascade) with Concealed Installation Kit & Wall Flange (Shower Body & Face Plate Stainless Steel) with Rubit Cleaning System,Shower,Rain Showers,Standard,48000,INR,,OHS-CHR-1649.jpeg
OHS-1763,LED Overhead Shower 180mm Circular Shape Single Flow (ABS Body & Face Plate Chrome Plated) with Rubit Cleaning System,Shower,Rain Showers,Standard,16000,INR,,OHS-CHR-1763.jpeg
OHS-BLM-1763,LED Overhead Shower 180mm Circular Shape Single Flow (ABS Body with Face Plate Black Matt) with Rubit Cleaning System,Shower,Rain Showers,BLM,16000,INR,,OHS-BLM-1763.jpeg
OHS-1765,Overhead Shower 250mm Round Shape Single Flow (ABS Body & Face Plate Chrome Plated) with Rubit Cleaning System,Shower,Rain Showers,Standard,19500,INR,,OHS-CHR-1765.jpeg
OHS-1633,Maze Overhead Shower 300mm Round Shape Single Flow (Body & Face Plate Stainless Steel) with Rubit Cleaning System Registered design no.276016,Shower,Rain Showers,Standard,10600,INR,,OHS-CHR-1633.jpeg
OHS-1603,150mm,Shower,Rain Showers,Standard,3950,INR,,OHS-CHR-1603.jpeg
OHS-1613,200mm,Shower,Rain Showers,Standard,5850,INR,,OHS-CHR-1603.jpeg
OHS-1623,240mm,Shower,Rain Showers,Standard,7450,INR,,OHS-CHR-1603.jpeg
OHS-1639,Maze Overhead Shower 300x300mm Square Shape Single Flow (Body & Face Plate Stainless Steel) with Rubit Cleaning System Registered design no.276017,Shower,Rain Showers,Standard,11200,INR,,OHS-CHR-1639.jpeg
OHS-1605,150x150mm,Shower,Rain Showers,Standard,4300,INR,,OHS-CHR-1605.jpeg
OHS-1619,"200x200mm 	 Rs. 6,100 OHS-1629 240x240mm 	 Rs. 7,950 OHS-1637 Maze Overhead Shower 190X295mm Rectangular Shape Single Flow (Body & Face Plate Stainless Steel) with Rubit Cleaning System",Shower,Rain Showers,Standard,8000,INR,,OHS-CHR-1605.jpeg
OHS-85859M,Alive Maze Overhead Shower 200X300mm Round Edge & Rectangular Head Single Flow (Body & Face Plate Stainless Steel) with Rubit Cleaning System Registered design no.276014,Shower,Rain Showers,Standard,9550,INR,,OHS-CHR-85859M.jpeg
OHS-1635,Maze Overhead Shower 340x220mm Oval Shape Single Flow (Body & Face Plate Stainless Steel) with Rubit Cleaning System Registered design no.276015,Shower,Rain Showers,Standard,10200,INR,,OHS-CHR-1635.jpeg
OHS-1661,Overhead Shower 100mm Round Shape Single Flow (Face Plate Stainless Steel & ABS Body) with Rubit Cleaning System,Shower,Rain Showers,Standard,1525,INR,,OHS-CHR-1661.jpeg
OHS-1663,Overhead Shower 120mm Round Shape Single Flow (Face Plate Stainless Steel & ABS Body) with Rubit Cleaning System,Shower,Rain Showers,Standard,1700,INR,,OHS-CHR-1663.jpeg
HSH-1655,Maze Hand Shower 95X95mm Square Shape Single Flow (Face Plate Stainless Steel & ABS Body) with Rubit Cleaning System Registered design no.283939,Shower,HydroLite Rain Showers,Standard,2300,INR,,HSH-CHR-1655.jpeg
HSH-1657,Maze Hand Shower 65X95mm Rectangular Shape Single Flow (Face Plate Stainless Steel & ABS Body) with Rubit Cleaning System Registered design no.283937,Shower,HydroLite Rain Showers,Standard,2125,INR,,HSH-CHR-1657.jpeg
OHS-1741,LED Overhead Shower 234mm Round Shape Single Flow (ABS Body Chrome Plated With Gray Face Plate) With Rubit Cleaning System,Shower,HydroLite Rain Showers,Standard,11500,INR,,HSH-CHR-1653.jpeg
HSH-85537,Alive Maze Hand Shower 68X100mm Round Edge & Rectangular Head Single Flow (Face Plate Stainless Steel & ABS Body) with Rubit Cleaning System Registered design no.283938,Shower,HydroLite Rain Showers,Standard,2125,INR,,HSH-CHR-85537.jpeg
HSH-1653,Maze Hand Shower 95mm Round Shape Single Flow (Face Plate Stainless Steel & ABS Body) with Rubit Cleaning System Registered design no.283936,Shower,HydroLite Rain Showers,Standard,2300,INR,,HSH-CHR-1653.jpeg
OHS-1667,Overhead Shower 120X120mm Square Shape Single Flow (Face Plate Stainless Steel & ABS Body) with Rubit Cleaning System,Shower,HydroLite Rain Showers,Standard,2100,INR,,OHS-CHR-1667.jpeg
OHS-1665,Overhead Shower 100X100mm Square Shape Single Flow (Face Plate Stainless Steel & ABS Body) with Rubit Cleaning System,Shower,HydroLite Rain Showers,Standard,1925,INR,,OHS-CHR-1665.jpeg
OHS-1743,LED Overhead Shower 250X250mm Square Shape Single Flow (ABS Body Chrome Plated With Gray Face Plate) With Rubit Cleaning System,Shower,HydroLite Rain Showers,Standard,13500,INR,,OHS-CHR-1743.jpeg
OHS-1705,Medley Overhead Shower 120mm Round Shape Dualflow (Silk & Rain) ABS Body with Rubit Cleaning System,Shower,HydroLite Rain Showers,Standard,4450,INR,,OHS-CHR-1705.jpeg
OHS-1745,"Octane Slider Overhead Shower 300X 210mm Rectangular Shape TriFlow (Rain, Grain & Spray) ABS Body with Rubit Cleaning System",Shower,HydroLite Rain Showers,Standard,7000,INR,,OHS-CHR-1745.jpeg
OHS-1999,"Overhead Shower 100mm Round Shape Multi Flow (Rain, Soft & Massage) ABS Body Chrome Plated with Gray Face Plate & Rubit Cleaning System",Shower,HydroLite Rain Showers,Standard,2425,INR,,OHS-CHR-1999.jpeg
OHS-1787,"Overhead Shower 100mm Cylindrical Shape Multi Flow (Rain, Massage & Mist) Chrome Plated ABS Body with Gray Face Plate & Rubit Cleaning System",Shower,HydroLite Rain Showers,Standard,7100,INR,,OHS-CHR-1787.jpeg
OHS-1779,"Overhead Shower 120mm Round Shape Multi Flow (Rain, Soft, Massage & Cascade) ABS Body Chrome Plated with Gray Face Plate & Rubit Cleaning System",Shower,Hand Showers,Standard,3500,INR,,OHS-CHR-1779.jpeg
HSH-5537N,Hand Shower 24mm Round Shape Single Flow (ABS Body) with Rubit Cleaning System,Shower,Hand Showers,Standard,1025,INR,,HSH-CHR-5537N.jpeg
OHS-1799,"Overhead Shower 120mm Round Shape Multi Flow (Rain, Soft & Massage) ABS Body Chrome Plated with Gray Face Plate & Rubit Cleaning System",Shower,Hand Showers,Standard,2750,INR,,OHS-CHR-1799.jpeg
HSH-49537,Hand Shower 25X38mm Oval Shape Single Flow (ABS Body & Face Plate Chrome Plated) with Rubit Cleaning System,Shower,Hand Showers,Standard,1225,INR,,HSH-CHR-49537.jpeg
HSH-9537N,Victorian Hand Shower Head Round (Bell Type) Single Flow (Brass) with Rubit Cleaning System,Shower,Hand Showers,Standard,2550,INR,,HSH-CHR-9537N.jpeg
HSH-35537,Hand Shower 27X27mm Square Shape Single Flow (ABS Body & Face Plate Chrome Plated) with Rubit Cleaning System,Shower,Hand Showers,Standard,1325,INR,,HSH-CHR-35537.jpeg
HSH-1937,Hand Shower 100mm Round Shape Single Flow (ABS Body Chrome Plated with Gray Face Plate) with Rubit Cleaning System,Shower,Hand Showers,Standard,1575,INR,,HSH-CHR-1937.jpeg
HSH-1781,Hand Shower 180mm Round Shape Single Flow (ABS Body Chrome Plated with Gray Face Plate) with Rubit Cleaning System,Shower,Hand Showers,Standard,3500,INR,,HSH-CHR-1781.jpeg
HSH-5541,Hand Shower 32mm Round Shape Straight Design Dual Flow (Rain & Massage) ABS Body with Face Plate Chrome Plated & Rubit Cleaning System,Shower,Hand Showers,Standard,1975,INR,,HSH-CHR-5541.jpeg
HSH-1737,Hand Shower 95mm Round Shape Single Flow (ABS Body Chrome Plated with Gray Face Plate) with Rubit Cleaning System,Shower,Hand Showers,Standard,1500,INR,,HSH-CHR-1737.jpeg
HSH-1797,"Hand Shower 75mm Cylindrical Shape Multi Flow (Rain, Massage & Mist), Chrome Plated ABS Body with Gray Face Plate & Rubit Cleaning System",Shower,Hand Showers,Standard,4250,INR,,HSH-CHR-1797.jpeg
HSH-1939,"Hand Shower 100mm Round Shape Multi Flow (Rain, Soft & Massage) ABS Body Chrome Plated with Gray Face Plate & Rubit Cleaning System",Shower,Body Showers,Standard,1975,INR,,HSH-CHR-1939.jpeg
HSH-1731,"Hand Shower 120mm Round Shape Multi Flow (Rain, Soft, Massage & Cascade) ABS Body Chrome Plated with Gray Face Plate & Rubit Cleaning System",Shower,Body Showers,Standard,3450,INR,,HSH-CHR-1731.jpeg
HSH-1707,"Medley Hand Shower 120mm Round Shape Triflow (Swirl, Massage & Rain) ABS Body with Rubit Cleaning System",Shower,Body Showers,Standard,3400,INR,,HSH-CHR-1707.jpeg
HSH-1777,"Octane Rotor Hand Shower 120mm Square Shape TriFlow (Calm Rain, Intense Rain & Vortex Massage Spray) ABS Body with Rubit Cleaning System",Shower,Body Showers,Standard,3800,INR,,HSH-CHR-1777.jpeg
HSH-1773,"Octane Flexi Nozzle Hand Shower 120mm Round Shape TriFlow (Rain, Massage & Champagne Spray) ABS Body with Rubit Cleaning System",Shower,Body Showers,Standard,3600,INR,,HSH-CHR-1773.jpeg
HSH-1795,"Octane Slider Hand Shower 130mm Square Shape TriFlow (Rain, Grain & Mist Spray) ABS Body with Rubit Cleaning System",Shower,Body Showers,Standard,4000,INR,,HSH-CHR-1795.jpeg
BSH-1761,Body Shower concealed Type 120mm Round Shape with Installation Box & Rubit Cleaning System,Shower,Body Showers,Standard,4250,INR,,BSH-CHR-1761.jpeg
BSH-1771,Body Shower Concealed Type 130X120mm Rectangular Shape with Installation Box & Rubit Cleaning System,Shower,Body Showers,Standard,4700,INR,,BSH-CHR-1771.jpeg
BSH-1751,Body Shower Wall Mounted 100X100mm Square Shape (ABS) with rubit cleaning system,Shower,Body Showers,Standard,2900,INR,,BSH-CHR-1751.jpeg
HSH-1739,"Hand Shower 95mm Round Shape Multi Flow (Rain, Soft & Massage) ABS Body Chrome Plated with Gray Face Plate & Rubit Cleaning System",Shower,Body Showers,Standard,1850,INR,,HSH-CHR-1739.jpeg
SHA-1217NR,"Exposed Shower Pipe with Provision for Simultaneous Working of Showers with Operating Diverter Knob, L-Type in Round Shape 20mm dia., Size 1120X410mm with Sliding Holder for Hand Shower, Wall Bracket & 8mm dia., 0.5M Long Flexible Tube (for connection to Exposed Shower Mixer) Without Showers",Shower,Shower Accessories,Standard,12300,INR,,SHA-CHR-1217NR.jpeg
SHA-1211N,"Exposed Shower Pipe L-Type in Round Shape 20mm, Size 1120X410mm (for Connecting Overhead Shower)",Shower,Shower Accessories,Standard,3700,INR,,SHA-CHR-1211N.jpeg
SHA-1211NH,"Exposed Shower Pipe with Hand Shower Holder, L-Type in Round Shape 20mm, Size 1120X410mm (for Connecting Overhead Shower & Sliding Holder for Hand Shower)",Shower,Shower Accessories,Standard,3800,INR,,SHA-CHR-1211NH.jpeg
SHA-1213,"Exposed Shower Pipe For Wall Mixer Round Shape 25mm dia., Size 1050X350mm with Provision to Adjust Height Upto 250mm with Wall Bracket (for Connection to Overhead Shower & Sliding Holder for Hand Shower)",Shower,Shower Accessories,Standard,8650,INR,,SHA-CHR-1213.jpeg
SHA-1183,Sliding Rail 700X30X10mm Flat Shape with Hand Shower Holder,Shower,Shower Accessories,Standard,5900,INR,,SHA-CHR-1183.jpeg
SHA-49483,Shower Arm Straight 20mm dia. & 450mm Long Round Shape without Bend for Wall Mounted Showers with Flange,Shower,Shower Accessories,Standard,1725,INR,,SHA-CHR-49483.jpeg
SHA-1187N,Sliding Rail 19mm dia & 600mm Long Round Shape with Hand Shower Holder & Soap Dish,Shower,Shower Accessories,Standard,1900,INR,,SHA-CHR-1187N.jpeg
SHA-1199N,Sliding Rail 24mm dia. & 600mm Long Round Shape with Hand Shower Holder,Shower,Shower Accessories,Standard,1900,INR,,SHA-CHR-1199N.jpeg
SHA-477,Shower Arm Casted 160mm Long Light Body Round Shape for Wall Mounted Showers with Flange,Shower,Shower Accessories,Standard,800,INR,,SHA-CHR-477.jpeg
SHA-483,Shower Arm Casted 190mm Long Flat Shape for Wall Mounted Showers with Flange,Shower,Shower Accessories,Standard,1300,INR,,SHA-CHR-483.jpeg
SHA-487,Shower Arm Casted 120mm Long Heavy Body Round Shape for Wall Mounted Showers with Wall Flange,Shower,Shower Accessories,Standard,1450,INR,,SHA-CHR-487.jpeg
SHA-1189N,Sliding Rail 24mm dia & 600mm Long Round Shape with Hand Shower Holder & Soap Dish,Shower,Shower Accessories,Standard,2125,INR,,SHA-CHR-1189N.jpeg
SHA-1197N,Sliding Rail 19mm dia & 600mm Long Round Shape with Hand Shower Holder,Shower,Shower Accessories,Standard,1750,INR,,SHA-CHR-1197N.jpeg
SHA-479L300S,Shower Arm 20mm dia. & 300mm Long Round Shape with 90° Bend for Wall Mounted Showers with Stainless Steel Flange,Shower,Shower Accessories,Standard,1075,INR,,SHA-CHR-479L300S.jpeg
SHA-479L450,Shower Arm 20mm dia. & 450mm Long Round Shape with 90° Bend for Wall Mounted Showers with Flange,Shower,Shower Accessories,Standard,1150,INR,,SHA-CHR-479L300S.jpeg
SHA-479L600,Shower Arm 20mm dia. & 600mm Long Round Shape with 90° Bend for Wall Mounted Showers with Flange,Shower,Shower Accessories,Standard,1400,INR,,SHA-CHR-479L300S.jpeg
SHA-485,Victorian Shower Arm 20mm dia. & 460mm Long Round Shape Wall Mounted with Flange,Shower,Shower Accessories,Standard,1975,INR,,SHA-CHR-485.jpeg
SHA-91483,Shower Arm for operating Overhead Shower and Holding Shower Enclosure,Shower,Shower Accessories,Standard,5800,INR,,SHA-CHR-91483.jpeg
SHA-455L400,Shower Arm 400X25X25mm Square Shape for Wall Mounted Showers with Flange,Shower,Shower Accessories,Standard,2350,INR,,SHA-CHR-455L600.jpeg
SHA-455L600,Shower Arm 600X25X25mm Square Shape for Wall Mounted Showers with Flange,Shower,Shower Accessories,Standard,2700,INR,,SHA-CHR-455L600.jpeg
SHA-457L200,Shower Arm 200X25X25mm Square Shape for Ceiling Mounted Showers with Flange,Shower,Shower Accessories,Standard,1450,INR,,SHA-CHR-457L200.jpeg
SHA-475L100,Shower Arm 20mm dia. & 100mm Long Round Shape for Ceiling Mounted Showers with Flange,Shower,Shower Accessories,Standard,625,INR,,SHA-CHR-475L280.jpeg
SHA-475L280,Shower Arm 20mm dia. & 280mm Long Round Shape for Ceiling Mounted Showers with Flange,Shower,Shower Accessories,Standard,1150,INR,,SHA-CHR-475L280.jpeg
SHA-475L450,450mm Long,Shower,Shower Accessories,Standard,1075,INR,,SHA-CHR-475L280.jpeg
SHA-566S,Wall Outlet with Shower Hook in Square Shape,Shower,Shower Accessories,Standard,1450,INR,,SHA-CHR-566S.jpeg
SHA-1195R,"Wall Outlet 30mm dia., 40mm Long Round Shape with 15mm Thread to Connect Hand Shower Pipe & Flange",Shower,Shower Accessories,Standard,625,INR,,SHA-CHR-1195R.jpeg
SHA-566R,Wall Outlet with Shower Hook in Round Shape,Shower,Shower Accessories,Standard,1100,INR,,SHA-CHR-566R.jpeg
SHA-1195S,Wall Outlet 35X25X25mm Square Shape with 15mm Thread to Connect Hand Shower Pipe & Flange,Shower,Shower Accessories,Standard,775,INR,,SHA-CHR-1195S.jpeg
SHA-549D8,Flexible Tube 8mm dia. & 1.5M Long with Nuts,Shower,Shower Accessories,Standard,1075,INR,,SHA-CHR-549D12.jpeg
SHA-571,Easy Flex Tube 1.5m Long with Nuts,Shower,Shower Accessories,Standard,875,INR,,SHA-CHR-571.jpeg
SHA-555,"Premium Wall Bracket for Hand Shower, 35mm dia. & 100mm Long Round Shape",Shower,Shower Accessories,Standard,600,INR,,SHA-CHR-555.jpeg
SHA-549D12,Flexible Tube 12mm dia. & 1.5M Long with Nuts,Shower,Shower Accessories,Standard,1200,INR,,SHA-CHR-549D12.jpeg
KUP-35661NKPM,Aquamax Exposed Part Kit of Thermostatic Shower Mixer (Suitable for ALD-661N),Thermostatic Mixers,Aquamax Concealed Body,Standard,6550,INR,,KUP-35661NKPM.jpeg
KUP-35681NKPM,Aquamax Exposed Part Kit of Thermostatic Shower Mixer with 2-way diverter (Suitable for ALD-681N),Thermostatic Mixers,Aquamax Concealed Body,Standard,6550,INR,,KUP-35681NKPM.jpeg
ARC-87661NK,Aquamax Exposed Part Kit of Thermostatic Shower Mixer (Suitable for ALD-661N),Thermostatic Mixers,Aquamax Concealed Body,Standard,6700,INR,,ARC-87661NK.jpeg
ARC-87681NK,Aquamax Exposed Part Kit of Thermostatic Shower Mixer with 2-way diverter (Suitable for ALD-681N),Thermostatic Mixers,Aquamax Concealed Body,Standard,6700,INR,,ARC-87681NK.jpeg
ARC-87683NK,Aquamax Exposed Part Kit of Thermostatic Shower Mixer with 3-way diverter (Suitable for ALD-683N),Thermostatic Mixers,Aquamax Concealed Body,Standard,6700,INR,,ARC-87683NK.jpeg
LAG-91661NK,Aquamax Exposed Part Kit of Thermostatic Shower Mixer (Compatible with ALD-661N),Thermostatic Mixers,Aquamax Concealed Body,Standard,8350,INR,,LAG-91661NK.jpeg
LAG-91681NK,Aquamax Exposed Part Kit of Thermostatic Shower Mixer with 2-way diverter (Compatible with ALD-681N),Thermostatic Mixers,Aquamax Concealed Body,Standard,8350,INR,,LAG-91681NK.jpeg
LAG-91683NK,Aquamax Exposed Part Kit of Thermostatic Shower Mixer with 3-way diverter (Compatible with ALD-683N),Thermostatic Mixers,Aquamax Concealed Body,Standard,8350,INR,,LAG-91683NK.jpeg
KUP-35683NKPM,Aquamax Exposed Part Kit of Thermostatic Shower Mixer with 3-way diverter (Suitable for ALD-683N),Thermostatic Mixers,Aquamax Concealed Body,Standard,6550,INR,,KUP-35683NKPM.jpeg
VGP-81661NK,Aquamax Exposed Part Kit of Thermostatic Shower Mixer (Suitable for ALD-661N),Thermostatic Mixers,Aquamax Concealed Body,Standard,5800,INR,,VGP-81661NK.jpeg
VGP-81681NK,Aquamax Exposed Part Kit of Thermostatic Shower Mixer with 2-way diverter (Suitable for ALD-681N),Thermostatic Mixers,Aquamax Concealed Body,Standard,5800,INR,,VGP-81681NK.jpeg
VGP-81683NK,Aquamax Exposed Part Kit of Thermostatic Shower Mixer with 3-way diverter (Suitable for ALD-683N),Thermostatic Mixers,Aquamax Concealed Body,Standard,5800,INR,,VGP-81683NK.jpeg
OPP-15661NKPM,Aquamax Exposed Part Kit of Thermostatic Shower Mixer (Suitable for ALD-661N),Thermostatic Mixers,Aquamax Concealed Body,Standard,5800,INR,,OPP-15661NKPM.jpeg
ORP-10661NKPM,Aquamax Exposed Part Kit of Thermostatic Shower Mixer (Suitable for ALD-661N),Thermostatic Mixers,Aquamax Concealed Body,Standard,5800,INR,,ORP-10661NKPM.jpeg
OPP-15681NKPM,Aquamax Exposed Part Kit of Thermostatic Shower Mixer with 2-way diverter (Suitable for ALD-681N),Thermostatic Mixers,Aquamax Concealed Body,Standard,5800,INR,,OPP-15681NKPM.jpeg
ORP-10681NKPM,Aquamax Exposed Part Kit of Thermostatic Shower Mixer with 2-way diverter (Suitable for ALD-681N),Thermostatic Mixers,Aquamax Concealed Body,Standard,5800,INR,,ORP-10681NKPM.jpeg
OPP-15683NKPM,Aquamax Exposed Part Kit of Thermostatic Shower Mixer with 3-way diverter (Suitable for ALD-683N),Thermostatic Mixers,Aquamax Concealed Body,Standard,5800,INR,,OPP-15683NKPM.jpeg
ALI-85683NK,Aquamax Exposed Part Kit of Thermostatic Shower Mixer with 3-way diverter (Suitable for ALD-683N),Thermostatic Mixers,Aquamax Concealed Body,Standard,6350,INR,,ALI-85683NK.jpeg
ARI-39661NK,Aquamax Exposed Part Kit of Thermostatic Shower Mixer (Suitable for ALD-661N),Thermostatic Mixers,Aquamax Concealed Body,Standard,5400,INR,,ARI-39661NK.jpeg
ARI-39681NK,Aquamax Exposed Part Kit of Thermostatic Shower Mixer with 2-way diverter (Suitable for ALD-681N),Thermostatic Mixers,Aquamax Concealed Body,Standard,5400,INR,,ARI-39681NK.jpeg
ARI-39683NK,Aquamax Exposed Part Kit of Thermostatic Shower Mixer with 3-way diverter (Suitable for ALD-683N),Thermostatic Mixers,Aquamax Concealed Body,Standard,5400,INR,,ARI-39683NK.jpeg
ALI-85681NK,Aquamax Exposed Part Kit of Thermostatic Shower Mixer with 2-way diverter (Suitable for ALD-681N),Thermostatic Mixers,Aquamax Concealed Body,Standard,6350,INR,,ALI-85681NK.jpeg
ORP-10683NKPM,Aquamax Exposed Part Kit of Thermostatic Shower Mixer with 3-way diverter (Suitable for ALD-683N),Thermostatic Mixers,Aquamax Concealed Body,Standard,5800,INR,,ORP-10683NKPM.jpeg
ALI-85661NK,Aquamax Exposed Part Kit of Thermostatic Shower Mixer (Suitable for ALD-661N),Thermostatic Mixers,Aquamax Concealed Body,Standard,6350,INR,,ALI-85661NK.jpeg
QQP-7661NKPM,Aquamax Exposed Part Kit of Thermostatic Shower Mixer (Suitable for ALD-661N),Thermostatic Mixers,Aquamax Concealed Body,Standard,6250,INR,,QQP-7661NKPM.jpeg
FLP-5661NKPM,Aquamax Exposed Part Kit of Thermostatic Shower Mixer (Suitable for ALD-661N),Thermostatic Mixers,Aquamax Concealed Body,Standard,5800,INR,,FLP-5661NKPM.jpeg
QQP-7681NKPM,Aquamax Exposed Part Kit of Thermostatic Shower Mixer with 2-way diverter (Suitable for ALD-681N),Thermostatic Mixers,Aquamax Concealed Body,Standard,6250,INR,,QQP-7681NKPM.jpeg
FLP-5681NKPM,Aquamax Exposed Part Kit of Thermostatic Shower Mixer with 2-way diverter (Suitable for ALD-681N),Thermostatic Mixers,Aquamax Concealed Body,Standard,5800,INR,,FLP-5681NKPM.jpeg
QQP-7683NKPM,Aquamax Exposed Part Kit of Thermostatic Shower Mixer with 3-way diverter (Suitable for ALD-683N),Thermostatic Mixers,Aquamax Concealed Body,Standard,6250,INR,,QQP-7683NKPM.jpeg
FLP-5683NKPM,Aquamax Exposed Part Kit of Thermostatic Shower Mixer with 3-way diverter (Suitable for ALD-683N),Thermostatic Mixers,Aquamax Concealed Body,Standard,5800,INR,,FLP-5683NKPM.jpeg
FUP-29661NKPM,Aquamax Exposed Part Kit of Thermostatic Shower Mixer (Compatible with ALD-661N),Thermostatic Mixers,Aquamax Concealed Body,Standard,5400,INR,,FUP-29661NKPM.jpeg
FUP-29681NKPM,Aquamax Exposed Part Kit of Thermostatic Shower Mixer with 2-way diverter (Compatible with ALD-681N),Thermostatic Mixers,Aquamax Concealed Body,Standard,5400,INR,,FUP-29681NKPM.jpeg
FUP-29683NKPM,Aquamax Exposed Part Kit of Thermostatic Shower Mixer with 3-way diverter (Compatible with ALD-683N),Thermostatic Mixers,Aquamax Concealed Body,Standard,5400,INR,,FUP-29683NKPM.jpeg
QLD-309661C,CLOUD Thermostatic Shower Mixer Body and Touch Control Panel Plastic box for Concealed installation,Thermostatic Mixers,Cloud Thermostatic Mixer & Touch Control Panel,Standard,13900,INR,,QLD-CHR-309683KRHB.jpeg
QLD-309681KRH,"Exposed Part Kit of CLOUD Touch Shower System with 2 outlets for connection to Rain & Hand Shower (Compatible with QLD-CHR-309661C) • Exposed wall flange for thermostatic shower mixer • Exposed wall flange with inbuilt touch control panel for 2 outlets for concealed plastic box • CPU system with 1 inlet & 2 outlets connections • 3 meter extension cable for touch control panel to CPU-1pc • 3 meter extension cable for power adapter to touch control panel-1Pc • Battery box with connecting cabel to touch control panel-1Pc • 800mm Long Braided Hose, 15mm Size-02 Nos • 800mm Long Braided Hose, 20mm Size-01 Nos • Filter - 01 Nos •Metallic clamp & screw-1Set",Thermostatic Mixers,Cloud Thermostatic Mixer & Touch Control Panel,Standard,41500,INR,,QLD-CHR-309683KRHB.jpeg
QLD-309683KRHB,"Exposed Part Kit of CLOUD Touch Shower System with 3 outlets for connection to Rain, Hand Shower & Body Shower (Compatible with QLD-CHR-309661C) • Exposed wall flange for thermostatic shower mixer • Exposed wall flange with inbuilt touch control panel for 3 outlets for concealed plastic box • CPU system with 1 inlet & 3 outlets connections • 3 meter extension cable for touch control panel to CPU-1pc • 3 meter extension cable for power adapter to touch control panel-1Pc • Battery box with connecting cabel to touch control panel-1Pc • 800mm Long Braided Hose, 15mm Size-03 Nos • 800mm Long Braided Hose, 20mm Size-01 Nos • Filter - 01 Nos • Metallic clamp & screw-1Set",Thermostatic Mixers,Cloud Thermostatic Mixer & Touch Control Panel,Standard,58000,INR,,QLD-CHR-309683KRHB.jpeg
QLD-309683KRMH,"Exposed Part Kit of CLOUD Touch Shower System with 3 outlets for connection to Rain, Mist/ Waterfall Shower mode & Hand Shower (Compatible with QLD-CHR-309661C) • Exposed wall flange for thermostatic shower mixer • Exposed wall flange with inbuilt touch control panel for 3 outlets for concealed plastic box • CPU system with 1 inlet & 3 outlets connections • 3 meter extension cable for touch control panel to CPU-1pc • 3 meter extension cable for power adapter to touch control panel-1Pc • Battery box with connecting cabel to touch control panel-1Pc • 800mm Long Braided Hose, 15mm Size-03 Nos • 800mm Long Braided Hose, 20mm Size-01 Nos • Filter - 01 Nos • Metallic clamp & screw-1Set",Thermostatic Mixers,Cloud Thermostatic Mixer & Touch Control Panel,Standard,58000,INR,,QLD-CHR-309683KRHB.jpeg
QLD-309685KRMHB,"Exposed Part Kit of CLOUD Touch Shower System with 4 outlets for connection to Rain, Mist/Waterfall, Hand Shower & Body Shower (Compatible with QLD-CHR-309661C) • Exposed wall flange for thermostatic shower mixer • Exposed wall flange with inbuilt touch control panel for 4 outlets for concealed plastic box • CPU system with 1 inlet & 4 outlets connections • 3 meter extension cable for touch control panel to CPU-1pc • 3 meter extension cable for power adapter to touch control panel-1Pc • Battery box with connecting cabel to touch control panel-1Pc • 800mm Long Braided Hose, 15mm Size-04 Nos • 800mm Long Braided Hose, 20mm Size-01 Nos • Filter - 01 Nos • Metallic clamp & screw-1Set",Thermostatic Mixers,Cloud Thermostatic Mixer & Touch Control Panel,Standard,76000,INR,,QLD-CHR-309683KRHB.jpeg
OPP-15655PM,Exposed Shower Mixer (Wall Mounted) with Thermostatic Control with Connecting Legs & Wall Flanges,Thermostatic Mixers,Thermostatic Mixers,Standard,12600,INR,,OPP-CHR-15655PM.jpeg
FLP-5653PM,"Multifunction Thermostatic Shower Mixer with Integrated Divertor and Provision for Connection to Exposed Shower Pipe (SHA-1211NH or SHA- 1213), Overhead & Hand Shower with Connecting Legs & Wall Flange",Thermostatic Mixers,Thermostatic Mixers,Standard,12100,INR,,FLP-CHR-5653PM.jpeg
FLP-5659PM,Exposed Bath Shower Mixer (Tub Mounted) with Thermostatic Control Cartridge with Button attachment on Spout with Straight Legs,Thermostatic Mixers,Thermostatic Mixers,Standard,16100,INR,,FLP-CHR-5659PM.jpeg
FLP-5657PM,Exposed Bath Shower Mixer (Wall Mounted) with Thermostatic Control Cartridge with Button attachment on Spout with Connecting Legs & Wall Flanges,Thermostatic Mixers,Thermostatic Mixers,Standard,14300,INR,,FLP-CHR-5657PM.jpeg
FLP-5655PM,Exposed Shower Mixer (Wall Mounted) with Thermostatic Control with Connecting Legs & Wall Flanges,Thermostatic Mixers,Thermostatic Mixers,Standard,12400,INR,,FLP-CHR-5655PM.jpeg
OPP-15653PM,"Multifunction Thermostatic Shower Mixer with Integrated Divertor and Provision for Connection to Exposed Shower Pipe (SHA- 1211NH or SHA-1213), Overhead & Hand Shower with Connecting Legs & Wall Flange",Thermostatic Mixers,Thermostatic Mixers,Standard,12200,INR,,OPP-CHR-15653PM.jpeg
OPP-15657PM,Exposed Bath Shower Mixer (Wall Mounted) with Thermosatic Control Cartidge with Button attachment on Spout with Connecting Legs & Wall Flanges,Thermostatic Mixers,Thermostatic Mixers,Standard,14700,INR,,OPP-CHR-15657PM.jpeg
FLP-5677PM,"4-Hole Thermostatic Bath & Shower Mixer, Deck Mounted",Thermostatic Mixers,Thermostatic Mixers,Standard,31800,INR,,FLP-CHR-5677PM.jpeg
FLP-5615PM,"Exposed Thermostatic Bath & Shower Mixer with Provision for Connection to Exposed Shower Pipe (SHA-1211N), Connecting Legs and wall flanges",Thermostatic Mixers,Thermostatic Mixers,Standard,15000,INR,,FLP-CHR-5615PM.jpeg
FLP-5615PMWBP,"Exposed Thermostatic Bath & Shower Mixer with Provision For Overhead Shower with 115mm Long Bend Pipe On Upper Side, Connecting Legs & Wall Flanges",Thermostatic Mixers,Thermostatic Mixers,Standard,15800,INR,,FLP-CHR-5615PMWBP.jpeg
FLP-5663PM,Exposed Thermostatic Bath & Shower Mixer 3-in-1 System with Provision for connection to Exposed Shower Pipe (Without Overhead & Hand Shower) with Connecting Legs & Wall Flange,Thermostatic Mixers,Thermostatic Mixers,Standard,15600,INR,,FLP-CHR-5663PM.jpeg
FLP-5663PMWBP,"Exposed Thermostatic Bath & Shower Mixer 3-in-1 System with Provision for both Hand Shower and Overhead Shower Complete with 115mm Long Bend Pipe, Connecting Legs & Wall Flange (without Hand & Overhead Shower)",Thermostatic Mixers,Thermostatic Mixers,Standard,16400,INR,,FLP-CHR-5663PMWBP.jpeg
OPP-15663PM,Exposed Thermostatic Bath & Shower Mixer 3-in-1 System with Provision for connection to Exposed Shower Pipe (Without Overhead & Hand Shower) with Connecting Legs & Wall Flange,Thermostatic Mixers,Thermostatic Mixers,Standard,16900,INR,,OPP-CHR-15663PM.jpeg
OPP-15663PMWBP,"Exposed Thermostatic Bath & Shower Mixer 3-in-1 System with Provision for both Hand Shower and Overhead Shower Complete with 115mm Long Bend Pipe, Connecting Legs & Wall Flange (without Hand & Overhead Shower)",Thermostatic Mixers,Thermostatic Mixers,Standard,17700,INR,,OPP-CHR-15663PMWBP.jpeg
ARC-87677,"4 Hole Thermostatic Bath and Shower Mixer, Deck Mounted",Thermostatic Mixers,Thermostatic Mixers,Standard,34800,INR,,ARC-CHR-87677.jpeg
OPP-15615PM,"Exposed Thermostatic Bath & Shower Mixer with Provision for Connection to Exposed Shower Pipe (SHA-1211N), Connecting Legs and wall flanges",Thermostatic Mixers,Thermostatic Mixers,Standard,16300,INR,,OPP-CHR-15615PM.jpeg
OPP-15615PMWBP,"Exposed Thermostatic Bath & Shower Mixer with Provision For Overhead Shower with 115mm Long Bend Pipe On Upper Side, Connecting Legs & Wall Flanges",Thermostatic Mixers,Thermostatic Mixers,Standard,17100,INR,,OPP-CHR-15615PMWBP.jpeg
EKO-33673LWR,"Exposed Shower Mixer (Wall Mounted) with Thermostatic Control Cartridge, 115mm Long Bend Pipe on Lower Side, Connecting Legs & Wall Flanges",Thermostatic Mixers,Thermostatic Mixers,Standard,8900,INR,,EKO-33673LWR.jpeg
INP-WHT-07KW,,Water Heaters,Instant,WHT,11500,INR,,INP-WHT-07KW.jpeg
INP-WHT-09KW,,Water Heaters,Instant,WHT,12250,INR,,INP-WHT-07KW.jpeg
ERM-WHT-V006,,Water Heaters,Electric,WHT,9900,INR,,ERM-WHT-V006.jpeg
ERM-WHT-V010,,Water Heaters,Electric,WHT,10700,INR,,ERM-WHT-V006.jpeg
ERM-WHT-V015,,Water Heaters,Electric,WHT,12300,INR,,ERM-WHT-V006.jpeg
ERM-WHT-V025,,Water Heaters,Electric,WHT,13800,INR,,ERM-WHT-V006.jpeg
INP-BLM-12KW,,Water Heaters,Electric,BLM,25300,INR,,INP-BLM-12KW.jpeg
INP-BLM-18KW,,Water Heaters,Electric,BLM,28900,INR,,INP-BLM-12KW.jpeg
INP-BLM-24KW,,Water Heaters,Electric,BLM,31700,INR,,INP-BLM-12KW.jpeg
INS-WHT-3KW01,,Water Heaters,Electric,WHT,3650,INR,,INS-WHT-3KW01.jpeg
INS-WHT-3KW03,,Water Heaters,Electric,WHT,4150,INR,,INS-WHT-3KW01.jpeg
ERD-WHT-V015,,Water Heaters,Electric,WHT,17100,INR,,ERD-WHT-V015.jpeg
ERD-WHT-V025,,Water Heaters,Electric,WHT,20300,INR,,ERD-WHT-V015.jpeg
ELM-WHT-V006,,Water Heaters,Electric,WHT,7900,INR,,ELM-WHT-V006.jpeg
ELM-WHT-V010,,Water Heaters,Electric,WHT,8900,INR,,ELM-WHT-V006.jpeg
ELM-WHT-V015,,Water Heaters,Electric,WHT,10500,INR,,ELM-WHT-V006.jpeg
ELM-WHT-V025,,Water Heaters,Electric,WHT,12000,INR,,ELM-WHT-V006.jpeg
EPM-WHT-V006,,Water Heaters,Electric,WHT,8800,INR,,EPM-WHT-V006.jpeg
EPM-WHT-V010,,Water Heaters,Electric,WHT,9800,INR,,EPM-WHT-V006.jpeg
EPM-WHT-V015,,Water Heaters,Electric,WHT,11400,INR,,EPM-WHT-V006.jpeg
EPM-WHT-V025,,Water Heaters,Electric,WHT,12900,INR,,EPM-WHT-V006.jpeg
TMV-WHT-V006,,Water Heaters,Electric,WHT,9900,INR,,TMV-WHT-V006.jpeg
TMV-WHT-V010,,Water Heaters,Electric,WHT,10700,INR,,TMV-WHT-V006.jpeg
TMV-WHT-V015,,Water Heaters,Electric,WHT,12300,INR,,TMV-WHT-V006.jpeg
TMV-WHT-V025,,Water Heaters,Electric,WHT,13800,INR,,TMV-WHT-V006.jpeg
BZA-WHT-V006,,Water Heaters,Electric,WHT,8800,INR,,BZA-WHT-V006.jpeg
BZA-WHT-V010,,Water Heaters,Electric,WHT,9550,INR,,BZA-WHT-V006.jpeg
BZA-WHT-V015,,Water Heaters,Electric,WHT,10400,INR,,BZA-WHT-V006.jpeg
BZA-WHT-V025,,Water Heaters,Electric,WHT,11800,INR,,BZA-WHT-V006.jpeg
AXP-WHT-H020,,Water Heaters,Electric,WHT,23700,INR,,AXP-WHT-H020.jpeg
ALX-WHT-H030,,Water Heaters,Electric,WHT,26100,INR,,ALX-WHT-H030.jpeg
MET-WHT-PV006,,Water Heaters,Electric,WHT,7600,INR,,MET-WHT-PV006.jpeg
MET-WHT-PV010,,Water Heaters,Electric,WHT,8250,INR,,MET-WHT-PV006.jpeg
MET-WHT-PV015,,Water Heaters,Electric,WHT,9000,INR,,MET-WHT-PV006.jpeg
MET-WHT-PV025,,Water Heaters,Electric,WHT,9850,INR,,MET-WHT-PV006.jpeg
MET-WHT-V006,,Water Heaters,Electric,WHT,8350,INR,,MET-WHT-V006.jpeg
MET-WHT-V010,,Water Heaters,Electric,WHT,9050,INR,,MET-WHT-V006.jpeg
MET-WHT-V015,,Water Heaters,Electric,WHT,9600,INR,,MET-WHT-V006.jpeg
MET-WHT-V025,,Water Heaters,Electric,WHT,10600,INR,,MET-WHT-V006.jpeg
VRM-WHT-VD035,,Water Heaters,Electric,WHT,12200,INR,,VRM-WHT-VD035.jpeg
VRM-WHT-VD050,,Water Heaters,Electric,WHT,13200,INR,,VRM-WHT-VD035.jpeg
VRM-WHT-VD070,,Water Heaters,Electric,WHT,18100,INR,,VRM-WHT-VD035.jpeg
VRM-WHT-VD100,,Water Heaters,Electric,WHT,20500,INR,,VRM-WHT-VD035.jpeg
HPS-WHT-300,,Water Heaters,Heat Pump,WHT,210000,INR,,HPS-WHT-300.jpeg
HPS-WHT-400,,Water Heaters,Heat Pump,WHT,225000,INR,,HPS-WHT-300.jpeg
HPS-WHT-500,,Water Heaters,Heat Pump,WHT,275000,INR,,HPS-WHT-300.jpeg
HPS-WHT-200X,,Water Heaters,Heat Pump,WHT,177000,INR,,HPS-WHT-200X.jpeg
HPS-WHT-300X,,Water Heaters,Heat Pump,WHT,201000,INR,,HPS-WHT-200X.jpeg
HPS-WHT-400X,,Water Heaters,Heat Pump,WHT,260000,INR,,HPS-WHT-200X.jpeg
HPS-WHT-500X,,Water Heaters,Heat Pump,WHT,309000,INR,,HPS-WHT-200X.jpeg
HPS-GRY-200X,,Water Heaters,Heat Pump,GRY,177000,INR,,HPS-GRY-200X.jpeg
HPS-GRY-300X,,Water Heaters,Heat Pump,GRY,201000,INR,,HPS-GRY-200X.jpeg
HPS-GRY-400X,,Water Heaters,Heat Pump,GRY,260000,INR,,HPS-GRY-200X.jpeg
HPS-GRY-500X,,Water Heaters,Heat Pump,GRY,309000,INR,,HPS-GRY-200X.jpeg
ITS-WHT-89853S300PPPM,"Automatic Rimless Floor Mounted WC with Electronic PP Seat Cover, Adjustable Seat, Air, Water Temperature, Night Light, Fixing Accessories and Accessories Set, Size: 390x685x465 mm, S Trap- 300 mm",Sanitaryware,Bidspa,WHT,131000,INR,,ITS-WHT-89853S300PPPM.jpeg
ITS-WHT-89853S300PPPMAT,"Fully Automatic Rimless Floor Mounted WC with Electronic PP Seat Cover - Auto Open, Adjustable Seat, Air, Water Temperature, Night Light, Fixing Accessories Set, Size: 390x685x465 mm, S Trap- 300 mm",Sanitaryware,Bidspa,WHT,150000,INR,,ITS-WHT-89853S300PPPMAT.jpeg
ITS-WHT-89853P180PPPMAT,"Automatic Rimless Floor Mounted WC with Electronic PP Seat Cover, Adjustable Seat, Air, Water Temperature, Night Light, Fixing Accessories and Accessories Set Size: 390x685x465 mm, P Trap- 180 mm",Sanitaryware,Bidspa,WHT,150000,INR,,ITS-WHT-89853P180PPPMAT.jpeg
LYS-WHT-38953NBIUFSM,"Silent Torque & Wash Down, Rimless Blind Installation Wall Hung WC with UF Soft Close Seat Cover, Hinges and Accessories Set, Size: 350x500x340 mm",Sanitaryware,Lyric,WHT,17100,INR,,LYS-WHT-38953NBIUFSM.jpeg
CNS-WHT-153,"Blind Installation Wall Hung Bidet with Accessories Set, Size: 370x500x330 mm",Sanitaryware,Continental,WHT,13400,INR,,CNS-WHT-153.jpeg
LAS-WHT-91931W3TH,"Table Top Basin with Three Tap Hole, Size: 600x450x175 mm",Sanitaryware,Laguna,WHT,11800,INR,,LAS-WHT-91931W3TH.jpeg
LSA-CHR-91785FM,Stainless Steel Frame for Wall Hung Basin with Towel Rail and Rack with Wooden Laminate (Fountain Mist) (Compatible with LAS-WHT-91805),Sanitaryware,Laguna,CHR,44300,INR,,LSA-CHR-91785FM.jpeg
LSA-BCH-91785FM,Stainless Steel Frame for Wall Hung Basin with Towel Rail and Rack with Wooden Laminate (Fountain Mist) (Compatible with LAS-WHT-91805),Sanitaryware,Laguna,BCH,64000,INR,,LSA-BCH-91785FM.jpeg
LSA-BLM-91785FM,Stainless Steel Frame for Wall Hung Basin with Towel Rail and Rack with Wooden Laminate (Fountain Mist) (Compatible with LAS-WHT-91805),Sanitaryware,Laguna,BLM,64000,INR,,LSA-BLM-91785FM.jpeg
LSA-CHR-91783FM,Stainless Steel Frame for Wall Hung Basin with Towel Rail and Rack with Wooden Laminate (Fountain Mist) (Compatible with LAS-WHT-91803),Sanitaryware,Laguna,CHR,39700,INR,,LSA-CHR-91783FM.jpeg
LSA-BCH-91783FM,Stainless Steel Frame for Wall Hung Basin with Towel Rail and Rack with Wooden Laminate (Fountain Mist) (Compatible with LAS-WHT-91803),Sanitaryware,Laguna,BCH,57300,INR,,LSA-BCH-91783FM.jpeg
LSA-BLM-91783FM,Stainless Steel Frame for Wall Hung Basin with Towel Rail and Rack with Wooden Laminate (Fountain Mist) (Compatible with LAS-WHT-91803),Sanitaryware,Laguna,BLM,57300,INR,,LSA-BLM-91783FM.jpeg
ACS-BEM-87101UF,Uf Soft Close Slim Seat Cover For ACS-WHT-87953biufsm,Sanitaryware,Seat Cover,BEM,5400,INR,,URS-WHT-13267.jpeg
ACS-BLM-87101UF,Uf Soft Close Slim Seat Cover For ACS-WHT-87953biufsm,Sanitaryware,Seat Cover,BLM,5150,INR,,URS-WHT-13267.jpeg
ACS-GRM-87101UF,Uf Soft Close Slim Seat Cover For ACS-WHT-87953biufsm,Sanitaryware,Seat Cover,GRM,5150,INR,,URS-WHT-13267.jpeg
ACS-WHM-87101UF,Uf Soft Close Slim Seat Cover For ACS-WHT-87953biufsm,Sanitaryware,Seat Cover,WHM,5150,INR,,URS-WHT-13267.jpeg
ACS-WHT-87101UF,Uf Soft Close Slim Seat Cover For ACS-WHT-87953biufsm,Sanitaryware,Seat Cover,WHT,4300,INR,,URS-WHT-13267.jpeg
ARS-WHT-39101UF,"Uf Soft Close Slim Seat Cover For 39951UFSM, 37953BIUFSM, 39955P180ufsm",Sanitaryware,Seat Cover,WHT,2800,INR,,URS-WHT-13267.jpeg
ARS-WHT-39103UF,Uf Soft Close Slim Seat Cover For 39953bib,Sanitaryware,Seat Cover,WHT,3200,INR,,URS-WHT-13267.jpeg
ARS-WHT-39107UF,Uf Soft Close Seat Cover For ARS-WHT-39961biufsmtl,Sanitaryware,Seat Cover,WHT,3150,INR,,URS-WHT-13267.jpeg
ARS-WHT-39109,Uf Soft Close Slim Seat Cover For ARS-WHT-39955S110ufsm,Sanitaryware,Seat Cover,WHT,2900,INR,,URS-WHT-13267.jpeg
CNS-WHT-105S,"Soft Close Seat Cover For CNS-WHT-353SPPZ, 363SPPZ, 751P180SPPZ, 751S300SPPZ, 851S300SPP, 551sspp",Sanitaryware,Seat Cover,WHT,1450,INR,,URS-WHT-13267.jpeg
CNS-WHT-109S,Pp Soft Close Seat Cover For 551pspp,Sanitaryware,Seat Cover,WHT,1225,INR,,URS-WHT-13267.jpeg
CNS-WHT-111S,"Soft Closing Seat Cover For CNS-WHT-351, 751S, 353, 555S,753s & P, 755S, 851",Sanitaryware,Seat Cover,WHT,1350,INR,,URS-WHT-13267.jpeg
CNS-WHT-117S,"Pp Soft Close Seat Cover For 757S300SPPSZ, 757NS300SPPSZ, 757S300SPPZ, 757NS300sppz",Sanitaryware,Seat Cover,WHT,1375,INR,,URS-WHT-13267.jpeg
CNS-WHT-119S,Pp Soft Close Seat Cover For CNS-WHT-851P180spp,Sanitaryware,Seat Cover,WHT,1425,INR,,URS-WHT-13267.jpeg
CNS-WHT-121UF,Uf Soft Close Slim Seat Cover For CNS-WHT-963ufsm,Sanitaryware,Seat Cover,WHT,2950,INR,,URS-WHT-13267.jpeg
CNS-WHT-123PP,Pp Soft Close Slim Seat Cover For CNS-WHT-353sppsmz,Sanitaryware,Seat Cover,WHT,1450,INR,,URS-WHT-13267.jpeg
CNS-WHT-123UF,"Uf Soft Close Slim Seat Cover For CNS-WHT-759S300UFSMZ, 759S250UFSMZ, 759P180ufsmz",Sanitaryware,Seat Cover,WHT,2225,INR,,URS-WHT-13267.jpeg
CNS-WHT-125S,"Pp Soft Close Seat Cover For CNS-WHT-751P180SPPZ, 551SSPP, 553sspp",Sanitaryware,Seat Cover,WHT,1325,INR,,URS-WHT-13267.jpeg
CNS-WHT-127PP,"Pp Soft Close Slim Seat Cover For CNS-WHT-855S300SPPSM, 855S300SPPSMY, 855S200SPPSM, 855P180sppsm",Sanitaryware,Seat Cover,WHT,1325,INR,,URS-WHT-13267.jpeg
CNS-WHT-131PP,Pp Seat Cover For CNS-WHT-755S300sppsmz,Sanitaryware,Seat Cover,WHT,1700,INR,,URS-WHT-13267.jpeg
CNS-WHT-133PP,"Pp Soft Close Slim Seat Cover For CNS-WHT-853P180SPPSM, CNS-WHT-853S220SPPSM, CNS-WHT-853S300SPPSM.",Sanitaryware,Seat Cover,WHT,1540,INR,,
DIS-WHT-93101UF,"Uf Soft Close Seat Cover For 93753P180UF, 93955P180uf",Sanitaryware,Seat Cover,WHT,7350,INR,,
DIS-WHT-93103UF,Uf Soft Close Seat Cover For 93951uf,Sanitaryware,Seat Cover,WHT,7500,INR,,
DIS-WHT-93105UF,Uf Soft Close Seat Cover For 93753NP180ufsmz,Sanitaryware,Seat Cover,WHT,3500,INR,,
FLS-BEM-5103UFPM,Uf Soft Close Seat Cover For FLS-WHT-5953biufsmpm,Sanitaryware,Seat Cover,BEM,4050,INR,,
FLS-BLM-5103UFPM,Uf Soft Close Seat Cover For FLS-WHT-5953biufsmpm,Sanitaryware,Seat Cover,BLM,3850,INR,,
FLS-GRM-5103UFPM,Uf Soft Close Seat Cover For FLS-WHT-5953biufsmpm,Sanitaryware,Seat Cover,GRM,3850,INR,,
FLS-IBM-5103UFPM,Uf Soft Close Seat Cover For FLS-WHT-5953biufsmpm,Sanitaryware,Seat Cover,IBM,3850,INR,,
FLS-WHM-5103UFPM,Uf Soft Close Seat Cover For FLS-WHT-5953biufsmpm,Sanitaryware,Seat Cover,WHM,3850,INR,,
FLS-WHT-5101PP,Pp Soft Close Seat Cover For FLS-WHT-5353ppz,Sanitaryware,Seat Cover,WHT,1625,INR,,
FLS-WHT-5103UFPM,Uf Soft Close Seat Cover For FLS-WHT-5953biufsmpm,Sanitaryware,Seat Cover,WHT,3200,INR,,
FNS-WHT-40103UF,Uf Soft Close Seat Cover For FNS-WHT-40953uf,Sanitaryware,Seat Cover,WHT,3500,INR,,
FSS-WHT-29101PP,Pp Soft Close Seat Cover For FSS-WHT-29951pp,Sanitaryware,Seat Cover,WHT,3250,INR,,
KUS-BEM-35101UFPM,"Uf Soft Close Seat Cover For KUS-WHT-35953BIUFPM, 35753P180ufpmz",Sanitaryware,Seat Cover,BEM,4400,INR,,
KUS-BEM-35103UF,Uf Soft Close Slim Seat Cover For KUS-35953biufsm,Sanitaryware,Seat Cover,BEM,4150,INR,,
KUS-BLM-35101UFPM,"Uf Soft Close Seat Cover For KUS-WHT-35953BIUFPM, 35753P180ufpmz",Sanitaryware,Seat Cover,BLM,4200,INR,,
KUS-BLM-35103UF,Uf Soft Close Slim Seat Cover For KUS-35953biufsm,Sanitaryware,Seat Cover,BLM,3900,INR,,
KUS-GRM-35101UFPM,"Uf Soft Close Seat Cover For KUS-WHT-35953BIUFPM, 35753P180ufpmz",Sanitaryware,Seat Cover,GRM,4200,INR,,
KUS-GRM-35103UF,Uf Soft Close Slim Seat Cover For KUS-35953biufsm,Sanitaryware,Seat Cover,GRM,3900,INR,,
KUS-IBM-35101UFPM,"Uf Soft Close Seat Cover For KUS-WHT-35953BIUFPM, 35753P180ufpmz",Sanitaryware,Seat Cover,IBM,4200,INR,,
KUS-WHM-35101UFPM,"Uf Soft Close Seat Cover For KUS-WHT-35953BIUFPM, 35753P180ufpmz",Sanitaryware,Seat Cover,WHM,4200,INR,,
KUS-WHT-35101UF,Uf Soft Close Seat Cover For 35951,Sanitaryware,Seat Cover,WHT,3890,INR,,
KUS-WHT-35101UFPM,"Uf Soft Close Seat Cover For KUS-WHT-35953BIUFPM, 35753P180ufpmz",Sanitaryware,Seat Cover,WHT,3500,INR,,
LAS-BEM-91101UF,"Uf Soft Close Slim Seat Cover For LAS-91953BIUFSM, 91953biufpm",Sanitaryware,Seat Cover,BEM,5250,INR,,
LAS-BLM-91101UF,"Uf Soft Close Slim Seat Cover For LAS-91953BIUFSM, 91953biufpm",Sanitaryware,Seat Cover,BLM,5000,INR,,
LAS-GRM-91101UF,"Uf Soft Close Slim Seat Cover For LAS-91953BIUFSM, 91953biufpm",Sanitaryware,Seat Cover,GRM,5000,INR,,
LAS-IBM-91101UF,"Uf Soft Close Slim Seat Cover For LAS-91953BIUFSM, 91953biufpm",Sanitaryware,Seat Cover,IBM,5000,INR,,
LAS-WHM-91101UF,"Uf Soft Close Slim Seat Cover For LAS-91953BIUFSM, 91953biufpm",Sanitaryware,Seat Cover,WHM,5000,INR,,
LAS-WHT-91101UF,"Uf Soft Close Slim Seat Cover For LAS-91953BIUFSM, 91953biufpm",Sanitaryware,Seat Cover,WHT,4200,INR,,
LYS-WHT-38101UF,"Uf Soft Closing Seat Cover For 38951, 38851S, 38853S, 38851P, 38751P, 38751S, 40751p & 40751s",Sanitaryware,Seat Cover,WHT,3290,INR,,
ONS-WHT-10101,"Uf Soft Close Slim Seat Cover For ONS-WHT-10953BIUFSM, 15753P180ufsm",Sanitaryware,Seat Cover,WHT,2975,INR,,
ONS-WHT-10101N,Uf Soft Close Seat Cover For ONS-WHT-10953nbiuf,Sanitaryware,Seat Cover,WHT,2900,INR,,
ONS-WHT-10103,Uf Soft Close Slim Seat Cover For 10853S300ufsm,Sanitaryware,Seat Cover,WHT,3200,INR,,
ONS-WHT-10105,"Uf Soft Close Slim Seat Cover For 10753P180UFSM, 10753NS250UFSM, 10955P180UFSM, 15851S300ufsm",Sanitaryware,Seat Cover,WHT,3200,INR,,
ONS-WHT-10105NUF,Uf Soft Close Slim Seat Cover For ONS-WHT-10955P180ufsm (unc),Sanitaryware,Seat Cover,WHT,3200,INR,,
ONS-WHT-10107UF,Uf Soft Close Slim Seat Cover For ONS-WHT-10961biufsmtl,Sanitaryware,Seat Cover,WHT,3450,INR,,
OPS-BEM-15101UFPM,"Uf Soft Close Seat Cover For Ops WHT-15953BIUFPM, 15753P180UFPMZ, 15953biufpm",Sanitaryware,Seat Cover,BEM,4150,INR,,
OPS-BLM-15101UF,Uf Soft Closing Seat Cover For 15851s,Sanitaryware,Seat Cover,BLM,3800,INR,,
OPS-BLM-15101UFPM,"Uf Soft Close Seat Cover For Ops WHT-15953BIUFPM, 15753P180UFPMZ, 15953biufpm",Sanitaryware,Seat Cover,BLM,3900,INR,,
OPS-BLM-15107UF,Uf Soft Close Slim Seat Cover For OPS-WHT-15961biufsmtl,Sanitaryware,Seat Cover,BLM,3700,INR,,
OPS-GRM-15101UFPM,"Uf Soft Close Seat Cover For Ops WHT-15953BIUFPM, 15753P180UFPMZ, 15953biufpm",Sanitaryware,Seat Cover,GRM,3900,INR,,
OPS-IBM-15101UFPM,"Uf Soft Close Seat Cover For Ops WHT-15953BIUFPM, 15753P180UFPMZ, 15953biufpm",Sanitaryware,Seat Cover,IBM,3900,INR,,
OPS-WHM-15101UFPM,"Uf Soft Close Seat Cover For Ops WHT-15953BIUFPM, 15753P180UFPMZ, 15953biufpm",Sanitaryware,Seat Cover,WHM,3900,INR,,
OPS-WHT-15101UFPM,"Uf Soft Close Seat Cover For Ops WHT-15953BIUFPM, 15753P180UFPMZ, 15953biufpm",Sanitaryware,Seat Cover,WHT,3300,INR,,
OPS-WHT-15103UF,Uf Soft Close Seat Cover For 15951,Sanitaryware,Seat Cover,WHT,3600,INR,,
OPS-WHT-15105UF,"Uf Soft Close Seat Cover For 15751P180UF, 15751S250uf",Sanitaryware,Seat Cover,WHT,3190,INR,,
OPS-WHT-15107PP,Pp Soft Close Seat Cover For 15851S285pp,Sanitaryware,Seat Cover,WHT,1690,INR,,
OPS-WHT-15107UF,Uf Soft Close Slim Seat Cover For OPS-WHT-15961biufsmtl,Sanitaryware,Seat Cover,WHT,3150,INR,,
OPS-WHT-15111UF,Uf Soft Close Slim Seat Cover For 15751S220uf,Sanitaryware,Seat Cover,WHT,2900,INR,,
OPS-WHT-15113PP,Pp Soft Close Seat Cover For 15851S300pp,Sanitaryware,Seat Cover,WHT,1390,INR,,
QNS-WHT-7103UF,"Uf Soft Close Seat Cover For 7953UFPM, 7753P180UFSPMZ, 7753P180ufpmz",Sanitaryware,Seat Cover,WHT,4200,INR,,
SLS-BEM-6103UF,"Uf Soft Close Slim Seat Cover For 6953BIUFSM, 6951jufsm",Sanitaryware,Seat Cover,BEM,4200,INR,,
SLS-BLM-6103UF,"Uf Soft Close Slim Seat Cover For 6953BIUFSM, 6951jufsm",Sanitaryware,Seat Cover,BLM,3900,INR,,
SLS-GRM-6103UF,"Uf Soft Close Slim Seat Cover For 6953BIUFSM, 6951jufsm",Sanitaryware,Seat Cover,GRM,3900,INR,,
SLS-WHM-6103UF,"Uf Soft Close Slim Seat Cover For 6953BIUFSM, 6951jufsm",Sanitaryware,Seat Cover,WHM,3900,INR,,
SLS-WHT-6101PP,"Pp Soft Close Seat Cover For 6951, 963spp",Sanitaryware,Seat Cover,WHT,2050,INR,,
SLS-WHT-6103PP,"Pp Soft Close Seat Cover For 6851S110PP, 6851P180PP, 6851S220pp",Sanitaryware,Seat Cover,WHT,2100,INR,,
SLS-WHT-6103SM,"Pp Soft Close Slim Seat Cover For 6953BIPPSM, 6951jppsm",Sanitaryware,Seat Cover,WHT,1540,INR,,
SLS-WHT-6103UF,"Uf Soft Close Slim Seat Cover For 6953BIUFSM, 6951jufsm",Sanitaryware,Seat Cover,WHT,2650,INR,,
SLS-WHT-6105PP,"Pp Soft Close Seat Cover For SLS-WHT-6751S240PP, 6751S220PP, 6751P180pp",Sanitaryware,Seat Cover,WHT,1400,INR,,
SLS-WHT-6107PP,Pp Soft Close Seat Cover For SLS-WHT-6851S300pp,Sanitaryware,Seat Cover,WHT,2500,INR,,
VGS-WHT-81101UF,Uf Soft Close Seat Cover For VGS-WHT-81953uf,Sanitaryware,Seat Cover,WHT,3400,INR,,
VGS-WHT-81101UFPM,Uf Soft Close Seat Cover For VGS-WHT-81953biufpm,Sanitaryware,Seat Cover,WHT,3850,INR,,
VGS-WHT-81103PP,"Pp Soft Closing Seat Cover For 81751S, 81751p",Sanitaryware,Seat Cover,WHT,1630,INR,,
VGS-WHT-81103UF,"Uf Soft Close Slim Seat Cover For VGS-WHT-81753S250UFSMZ, 15753NP180UFSMZ, 81753P180UFSMZ, 15753NS250ufsmz",Sanitaryware,Seat Cover,WHT,4550,INR,,
VGS-WHT-81109UF,Uf Soft Close Seat Cover For VGS-WHT-81851S300uf,Sanitaryware,Seat Cover,WHT,4350,INR,,
WSP-SLV-AQUASWIM13TP,"Jaquar aqua swim top with swim jets, chromotherapy & uv filtration system JETS : Swim Jets 2 Total Jets 2",Wellness,Spas,SLV,1640000,INR,,WSP-SLV-AQUASWIM13TP.jpeg
WSP-SLV-SPAAVANTE,Spa Avante Top with Hardcover and Panels JETS : 3” Directional Jets 8 2” Directional Jets 8 Total 16,Wellness,Spas,SLV,718000,INR,,WSP-SLV-SPAAVANTE.jpeg
WSP-SLV-SPAFISHER,"Fisher 2 Spa with Stairs panels, Hard Cover JETS : 3” Directional Jets 8 2” Directional Jets 8 Total 16",Wellness,Spas,SLV,656000,INR,,WSP-SLV-SPAFISHER.jpeg
JSA-NAW-T16120,,Wellness,Saunas,NAW,448000,INR,,JSA-NAW-T16120.jpeg
JSA-NAW-S004175,,Wellness,Saunas,NAW,360000,INR,,JSA-NAW-T16120.jpeg
JSA-NAW-MD3150IH,,Wellness,Saunas,NAW,300000,INR,,JSA-NAW-MD3150IH.jpeg
JSA-NAW-DLX9011,,Wellness,Saunas,NAW,260000,INR,,JSA-NAW-DLX9011.jpeg
JSA-NAW-DLX9022,,Wellness,Saunas,NAW,290000,INR,,JSA-NAW-DLX9011.jpeg
JWP-WHT-KUBIX180CX,(Combi System),Wellness,Whirlpools,WHT,172000,INR,,JWP-WHT-KUBIX180CX.jpeg
JWP-WHT-KUBIX180WX,(Water System),Wellness,Whirlpools,WHT,153000,INR,,JWP-WHT-KUBIX180CX.jpeg
JWA-WHT-FP180X,(Front Panel),Wellness,Whirlpools,WHT,10000,INR,,JWP-WHT-KUBIX180CX.jpeg
JWA-WHT-SP80X,(Side Panel),Wellness,Whirlpools,WHT,5700,INR,,JWP-WHT-KUBIX180CX.jpeg
JWP-WHT-KUBIX180FLTCX,(Combi System with Filtration),Wellness,Whirlpools,WHT,287000,INR,,JWP-WHT-KUBIX180CX.jpeg
JWP-WHT-ALIVE180CX,(Combi System),Wellness,Whirlpools,WHT,172000,INR,,JWP-WHT-ALIVE180CX.jpeg
JWP-WHT-ALIVE180WX,(Water System),Wellness,Whirlpools,WHT,153000,INR,,JWP-WHT-ALIVE180CX.jpeg
JWP-WHT-FONTE180CX,(Combi System),Wellness,Whirlpools,WHT,149000,INR,,JWP-WHT-FONTE180CX.jpeg
JWP-WHT-FONTE180WX,(Water System),Wellness,Whirlpools,WHT,124000,INR,,JWP-WHT-FONTE180CX.jpeg
JWP-WHT-FONTE180FLTCX,Fonte 180x80x45 cm Whirlpool and Airpool Combi System with Filtration System,Wellness,Whirlpools,WHT,255000,INR,,JWP-WHT-FONTE180CX.jpeg
JWP-WHT-FONTE170CX,(Combi System),Wellness,Whirlpools,WHT,144000,INR,,JWP-WHT-FONTE170CX.jpeg
JWP-WHT-FONTE150CX,(Combi System),Wellness,Whirlpools,WHT,141000,INR,,JWP-WHT-FONTE170CX.jpeg
JWP-WHT-FONTE170WX,(Water System),Wellness,Whirlpools,WHT,121000,INR,,JWP-WHT-FONTE170CX.jpeg
JWP-WHT-FONTE150WX,(Water System),Wellness,Whirlpools,WHT,117000,INR,,JWP-WHT-FONTE170CX.jpeg
JWA-WHT-FONT170FPX,(Front Panel),Wellness,Whirlpools,WHT,9900,INR,,JWP-WHT-FONTE170CX.jpeg
JWA-WHT-FONT150FPX,(Front Panel),Wellness,Whirlpools,WHT,8900,INR,,JWP-WHT-FONTE170CX.jpeg
JWA-WHT-SP75X,(Side Panel),Wellness,Whirlpools,WHT,5100,INR,,JWP-WHT-FONTE170CX.jpeg
JWP-WHT-FONTE170FLTCX,Fonte 170x75x42 cm Whirlpool and Airpool Combi System with Filtration System,Wellness,Whirlpools,WHT,240000,INR,,JWP-WHT-FONTE170CX.jpeg
JWP-WHT-FONTE160CX,(Combi System),Wellness,Whirlpools,WHT,143000,INR,,JWP-WHT-FONTE160CX.jpeg
JWP-WHT-FONTE160WX,(Water System),Wellness,Whirlpools,WHT,118000,INR,,JWP-WHT-FONTE160CX.jpeg
JWA-WHT-FONT160FPX,(Front Panel),Wellness,Whirlpools,WHT,9500,INR,,JWP-WHT-FONTE160CX.jpeg
JWA-WHT-FONT160SPX,(Side Panel),Wellness,Whirlpools,WHT,5100,INR,,JWP-WHT-FONTE160CX.jpeg
JWP-WHT-POINT150CX,(Combi System),Wellness,Whirlpools,WHT,178000,INR,,JWP-WHT-POINT150CX.jpeg
JWP-WHT-POINT150WX,(Water System),Wellness,Whirlpools,WHT,153000,INR,,JWP-WHT-POINT150CX.jpeg
JWP-WHT-GMI140CX,(Combi System),Wellness,Whirlpools,WHT,166000,INR,,JWP-WHT-GMI140CX.jpeg
JWP-WHT-GMI140WX,(Water System),Wellness,Whirlpools,WHT,138000,INR,,JWP-WHT-GMI140CX.jpeg
JWA-WHT-FUSNCPX,(Angular Panel),Wellness,Whirlpools,WHT,15200,INR,,JWP-WHT-GMI140CX.jpeg
JWP-WHT-LAGUNA180CX,(Combi System),Wellness,Whirlpools,WHT,195000,INR,,JWP-WHT-LAGUNA180CX.jpeg
JWP-WHT-LAGUNA180WX,(Water System),Wellness,Whirlpools,WHT,158000,INR,,JWP-WHT-LAGUNA180CX.jpeg
JWA-WHT-FPLAG180X,(Front Panel),Wellness,Whirlpools,WHT,15300,INR,,JWP-WHT-LAGUNA180CX.jpeg
JWA-WHT-SP55X,(Side Panel),Wellness,Whirlpools,WHT,6700,INR,,JWP-WHT-LAGUNA180CX.jpeg
JWP-WHT-LAGUNA180FLTCX,Laguna 180x70x45 cm Whirlpool and Airpool Combi System with Filtration System,Wellness,Whirlpools,WHT,290000,INR,,JWP-WHT-LAGUNA180CX.jpeg
JWP-WHT-LAGUNA170CX,(Combi System),Wellness,Whirlpools,WHT,187000,INR,,JWP-WHT-LAGUNA170CX.jpeg
JWP-WHT-LAGUNA170WX,(Water System),Wellness,Whirlpools,WHT,151000,INR,,JWP-WHT-LAGUNA170CX.jpeg
JWA-WHT-FPLAG170X,(Front Panel),Wellness,Whirlpools,WHT,15300,INR,,JWP-WHT-LAGUNA170CX.jpeg
JWP-WHT-OPALPM180CX,(Combi System),Wellness,Whirlpools,WHT,192000,INR,,JWP-WHT-OPALPM180CX.jpeg
JWP-WHT-OPALPM180WX,(Water System),Wellness,Whirlpools,WHT,157000,INR,,JWP-WHT-OPALPM180CX.jpeg
JWA-WHT-OPALPMFPX,(Front Panel),Wellness,Whirlpools,WHT,23500,INR,,JWP-WHT-OPALPM180CX.jpeg
JSG-BLK-PIUVAP5000ST,,Wellness,Steam Solutions,BLK,188000,INR,,JSG-BLK-PIUVAP5000ST.jpeg
JSG-WHT-NMID40,,Wellness,Steam Solutions,WHT,83000,INR,,JSG-WHT-NMID40.jpeg
JSG-WHT-NMID60,,Wellness,Steam Solutions,WHT,93000,INR,,JSG-WHT-NMID40.jpeg
JSG-WHT-NMID90,,Wellness,Steam Solutions,WHT,106000,INR,,JSG-WHT-NMID40.jpeg
JSG-WHT-NMID120,,Wellness,Steam Solutions,WHT,119000,INR,,JSG-WHT-NMID120.jpeg
JSG-WHT-NMID150,,Wellness,Steam Solutions,WHT,128000,INR,,JSG-WHT-NMID120.jpeg
JSG-WHT-NMID180,,Wellness,Steam Solutions,WHT,160000,INR,,JSG-WHT-NMID120.jpeg
JSG-WHT-NMID225,,Wellness,Steam Solutions,WHT,170000,INR,,JSG-WHT-NMID120.jpeg
JSG-WHT-NMID240,,Wellness,Steam Solutions,WHT,195000,INR,,JSG-WHT-NMID120.jpeg
JSG-WHT-CPSQUARE,Jsg-wht-cpround Jsg-blk-cpsquare Jsg-blk-cpround Jsg-wht-cpsquare,Wellness,Steam Solutions,WHT,22900,INR,,JSG-WHT-CPSQUARE.jpeg
JSG-BLK-CPSQUARE,,Wellness,Steam Solutions,BLK,22900,INR,,JSG-BLK-CPSQUARE.jpeg
JSG-WHT-CPROUND,,Wellness,Steam Solutions,WHT,22900,INR,,JSG-WHT-CPROUND.jpeg
JSG-BLK-CPROUND,,Wellness,Steam Solutions,BLK,22900,INR,,JSG-BLK-CPROUND.jpeg
JSC-WHT-OASIS9090,,Wellness,Steam Solutions,WHT,311000,INR,,JSG-BLK-CPROUND.jpeg
JSC-WHT-OASIS1010,,Wellness,Steam Solutions,WHT,316000,INR,,JSG-BLK-CPROUND.jpeg
JSC-WHT-OASIS1210,,Wellness,Steam Solutions,WHT,323000,INR,,JSG-BLK-CPROUND.jpeg
JBT-WHT-FSBTMAD1778,,Wellness,Freestanding Bathtubs,WHT,113000,INR,,JBT-WHT-FSBTMAD1778.jpeg
JBT-WHT-FSBTMAD1778G,,Wellness,Freestanding Bathtubs,WHT,118000,INR,,JBT-WHT-FSBTMAD1778.jpeg
JBT-WHT-FSBT177542X,,Wellness,Freestanding Bathtubs,WHT,102000,INR,,JBT-WHT-FSBT177542X.jpeg
JBT-WHT-FSBTLG6001,,Wellness,Freestanding Bathtubs,WHT,124000,INR,,JBT-WHT-FSBTLG6001.jpeg
JBT-WHT-FSBTLG6005,,Wellness,Freestanding Bathtubs,WHT,124000,INR,,JBT-WHT-FSBTLG6005.jpeg
JBT-WHT-FSBT177544X,,Wellness,Freestanding Bathtubs,WHT,105000,INR,,JBT-WHT-FSBT177544X.jpeg
JBT-WHT-FSBTPB278X,,Wellness,Freestanding Bathtubs,WHT,99000,INR,,JBT-WHT-FSBTPB278X.jpeg
JBT-WHT-FSBT177840X,,Wellness,Freestanding Bathtubs,WHT,93000,INR,,JBT-WHT-FSBT177840X.jpeg
JBT-WHT-FSBT167543X,,Wellness,Freestanding Bathtubs,WHT,89000,INR,,JBT-WHT-FSBT167543X.jpeg
JBT-WHT-KUBIXP180X,Built-in Bathtub JBT-WHT-KUBIXP180X,Wellness,Built-in Bathtubs,WHT,44000,INR,,JBT-WHT-KUBIXP180X.jpeg
JWA-WHT-SP110X,,Wellness,Built-in Bathtubs,WHT,6800,INR,,JBT-WHT-KUBIXP180X.jpeg
JWA-CHR-132201,,Wellness,Built-in Bathtubs,CHR,12000,INR,,JBT-WHT-KUBIXP180X.jpeg
JWA-CHR-DRNPIPE100,,Wellness,Built-in Bathtubs,CHR,3700,INR,,JBT-WHT-KUBIXP180X.jpeg
IWA-CHR-ACC00510X,,Wellness,Built-in Bathtubs,CHR,4150,INR,,JBT-WHT-KUBIXP180X.jpeg
JBT-WHT-DARC180X,Built-in Bathtub JBT-WHT-DARC180X,Wellness,Built-in Bathtubs,WHT,41500,INR,,JBT-WHT-KUBIXP180X.jpeg
JBT-WHT-DARC180FX,,Wellness,Built-in Bathtubs,WHT,47000,INR,,JBT-WHT-DARC180FX.jpeg
JBT-WHT-ARC190X,Built-in Bathtub JBT-WHT-ARC190X,Wellness,Built-in Bathtubs,WHT,36000,INR,,JBT-WHT-KUBIXP180X.jpeg
JBT-WHT-ARC190FX,,Wellness,Built-in Bathtubs,WHT,43500,INR,,JBT-WHT-ARC190FX.jpeg
JWA-WHT-ARCFPX,,Wellness,Built-in Bathtubs,WHT,23300,INR,,JBT-WHT-ARC190FX.jpeg
JWA-WHT-ARCSPX,,Wellness,Built-in Bathtubs,WHT,4200,INR,,JBT-WHT-ARC190FX.jpeg
JWA-CHR-DRNPIPE80,,Wellness,Built-in Bathtubs,CHR,3450,INR,,JBT-WHT-ARC190FX.jpeg
JBT-WHT-VGNTP190X,Built-in Bathtub JBT-WHT-VGNTP190X,Wellness,Built-in Bathtubs,WHT,34500,INR,,JBT-WHT-VGNTP190X.jpeg
JWA-WHT-VGNTPFPX,,Wellness,Built-in Bathtubs,WHT,11800,INR,,JBT-WHT-VGNTP190X.jpeg
JWA-WHT-VGNTPSPX,,Wellness,Built-in Bathtubs,WHT,6800,INR,,JBT-WHT-VGNTP190X.jpeg
JBT-WHT-ALIVE180X,Built In Bathtub JBT-WHT-ALIVE180X,Wellness,Built-in Bathtubs,WHT,32000,INR,,JBT-WHT-VGNTP190X.jpeg
JBT-WHT-ALIVE180FX,,Wellness,Built-in Bathtubs,WHT,37500,INR,,JBT-WHT-ALIVE180FX.jpeg
JBT-WHT-KUBIX180X,Built-in Bathtub JBT-WHT-KUBIX180X,Wellness,Built-in Bathtubs,WHT,32000,INR,,JBT-WHT-VGNTP190X.jpeg
JBT-WHT-KUBIX180FX,,Wellness,Built-in Bathtubs,WHT,37500,INR,,JBT-WHT-KUBIX180FX.jpeg
JBT-WHT-FONT150X,Built-in Bathtub JBT-WHT-FONT150X,Wellness,Built-in Bathtubs,WHT,24000,INR,,JBT-WHT-ALIVE180FX.jpeg
JBT-WHT-FONT150FX,,Wellness,Built-in Bathtubs,WHT,29000,INR,,JBT-WHT-FONT150FX.jpeg
JWA-CHR-DRNPIPE70,,Wellness,Built-in Bathtubs,CHR,5800,INR,,JBT-WHT-FONT150FX.jpeg
JBT-WHT-FONT160X,Built-in Bathtub JBT-WHT-FONT160X,Wellness,Built-in Bathtubs,WHT,25000,INR,,JBT-WHT-FONT160X.jpeg
JBT-WHT-FONT160FX,,Wellness,Built-in Bathtubs,WHT,30000,INR,,JBT-WHT-FONT160FX.jpeg
JBT-WHT-FONT170X,Built In Bathtub JBT-WHT-FONT170X,Wellness,Built-in Bathtubs,WHT,26500,INR,,JBT-WHT-FONT160X.jpeg
JBT-WHT-FONT170FX,,Wellness,Built-in Bathtubs,WHT,31500,INR,,JBT-WHT-FONT160X.jpeg
JBT-WHT-FONT180X,Built In Bathtub JBT-WHT-FONT180X,Wellness,Built-in Bathtubs,WHT,28500,INR,,JBT-WHT-FONT160FX.jpeg
JBT-WHT-FONT180FX,,Wellness,Built-in Bathtubs,WHT,33500,INR,,JBT-WHT-FONT180FX.jpeg
JBT-WHT-FONTR150X,Built In Bathtub JBT-WHT-FONTR150X,Wellness,Built-in Bathtubs,WHT,48500,INR,,JBT-WHT-FONT160X.jpeg
JBT-WHT-FUSN140X,Built-in Bathtub Laguna 1700 x 700 x 450 mm JBT-WHT-LAGUNA170X Built-in Bathtub JBT-WHT-FUSN140X,Wellness,Built-in Bathtubs,WHT,33000,INR,,JBT-WHT-FUSN140X.jpeg
JBT-WHT-FUSN140FX,,Wellness,Built-in Bathtubs,WHT,40000,INR,,JBT-WHT-FUSN140FX.jpeg
JBT-WHT-OPALPM180X,"Built-in Bathtub JBT-WHT-LAGUNA180X Rs. 31,500 Built-in Bathtub JBT-WHT-LAGUNA180FX Rs. 37,000 Built-in Bathtub with Powder Coated MS Frame JWA-WHT-FPLAG180X",Wellness,Built-in Bathtubs,WHT,15300,INR,,JBT-WHT-FUSN140X.jpeg
SOL-6095,"Bathtub Filler consisting of 2 control cocks and one spout, 20mm cartridge size",Wellness,Bathtub Fillers,Standard,7650,INR,,SOL-6095.jpeg
SOL-6271,Bathtub Mixer (Exposed adjustable legs) with telephone shower arrangement and crutch,Wellness,Bathtub Fillers,Standard,9600,INR,,SOL-6271.jpeg
QQT-7095,Bathtub Filler consisting of 2 control cocks and one spout,Wellness,Bathtub Fillers,Standard,9350,INR,,QQT-7095.jpeg
QQT-7277,"4-Hole Bathtub Mixer Consisting of 2 No. Control Cocks, 1 Spout, 1 Telephone Shower With 8mm Dia. & 1.5m Long Flexible Tube",Wellness,Bathtub Fillers,Standard,12500,INR,,QQT-7277.jpeg
LAG-91121K,"Exposed Parts of Floor Mounted Single Lever Bath Mixer with Provision for Hand Shower, without Hand Shower & Shower Hose (Compatible with ALD-121)",Wellness,Bathtub Fillers,Standard,66500,INR,,LAG-91121K.jpeg
OPP-15121KPM,"Exposed Parts of Floor Mounted Single Lever Bath Mixer with Provision for Hand Shower, without Hand Shower & Shower Hose (Compatible with ALD-121)",Wellness,Bathtub Fillers,Standard,41500,INR,,SOL-6271.jpeg
KUP-35121KPM,"Exposed Parts of Floor Mounted Single Lever Bath Mixer with Provision for Hand Shower, without Hand Shower & Shower Hose (Compatible with ALD-121)",Wellness,Bathtub Fillers,Standard,44500,INR,,SOL-6095.jpeg
ORP-10121KPM,"Exposed Parts of Floor Mounted Single Lever Bath Mixer with Provision for Hand Shower, without Hand Shower & Shower Hose (Compatible with ALD-121)",Wellness,Bathtub Fillers,Standard,41500,INR,,QQT-7095.jpeg
ALI-85121K,"Exposed Parts of Floor Mounted Single Lever Bath Mixer with Provision for Hand Shower, without Hand Shower & Shower Hose (Compatible with ALD-121)",Wellness,Bathtub Fillers,Standard,43500,INR,,QQT-7277.jpeg
FUS-29121K,"Exposed Parts of Floor Mounted Single Lever Bath Mixer with Provision for Hand Shower, without Hand Shower & Shower Hose (Compatible with ALD-121)",Wellness,Accessories,Standard,41500,INR,,FUS-29121K.jpeg
VGP-81121K,"Exposed Parts of Floor Mounted Single Lever Bath Mixer with Provision for Hand Shower, without Hand Shower & Shower Hose (Compatible with ALD-121)",Wellness,Accessories,Standard,41500,INR,,VGP-81121K.jpeg
FLP-5121KPM,"Exposed Parts of Floor Mounted Single Lever Bath Mixer with Provision for Hand Shower, without Hand Shower & Shower Hose (Compatible with ALD-121)",Wellness,Accessories,Standard,39000,INR,,VGP-81121K.jpeg
SOL-6121K,"Exposed Parts of Floor Mounted Single Lever Bath Mixer with Provision for Hand Shower, without Hand Shower & Shower Hose (Compatible with ALD-121)",Wellness,Accessories,Standard,42000,INR,,SOL-6121K.jpeg
LYR-38121K,"Exposed Parts of Floor Mounted Single Lever Bath Mixer with Provision for Hand Shower, without Hand Shower & Shower Hose (Compatible with ALD-121)",Wellness,Accessories,Standard,43500,INR,,FUS-29121K.jpeg
ARI-39121K,"Exposed Parts of Floor Mounted Single Lever Bath Mixer with Provision for Hand Shower, without Hand Shower & Shower Hose (Compatible with ALD-121)",Wellness,Accessories,Standard,43500,INR,,SOL-6121K.jpeg
JWA-BLK-HRSP120GAC06,Headrest Sophi For (Vignette/D’Arc/Fusion/Arc/ Opal Prime) Jaquar Whirlpool Available in: Black,Wellness,Accessories,BLK,6100,INR,,JWA-BLK-HRSP120GAC06.jpeg
JWA-BLK-HRCP750GAC06,Headrest Comfort for Jaquar Whirlpool Kubix/ Fonte/Alive Available in: Black,Wellness,Accessories,BLK,8500,INR,,JWA-BLK-HRCP750GAC06.jpeg
JSE-CHR-ENNA9090X,H: 1950 W: 900 x 900,Shower Enclosures,Framed Shower Enclosures,CHR,34500,INR,,JSE-CHR-ENNA9090X.jpeg
JSE-ABR-ENNA9090X,H: 1950 W: 900 x 900,Shower Enclosures,Framed Shower Enclosures,ABR,42000,INR,,JSE-ABR-ENNA9090X.jpeg
JSE-ACR-ENNA9090X,H: 1950 W: 900 x 900,Shower Enclosures,Framed Shower Enclosures,ACR,42000,INR,,JSE-ACR-ENNA9090X.jpeg
JSE-BLM-ENNA9090X,H: 1950 W: 900 x 900,Shower Enclosures,Framed Shower Enclosures,BLM,37500,INR,,JSE-BLM-ENNA9090X.jpeg
JSE-CHR-FUSP1280X,H: 2000 W: 1200 x 800,Shower Enclosures,Framed Shower Enclosures,CHR,29000,INR,,JSE-CHR-FUSP1280X.jpeg
JSE-CHR-FUSP1290X,H: 2000 W: 1200 x 900,Shower Enclosures,Framed Shower Enclosures,CHR,29500,INR,,JSE-CHR-FUSP1280X.jpeg
JSE-GLD-FUSP1280RX,H: 2000 W: 1200 x 800,Shower Enclosures,Framed Shower Enclosures,GLD,43500,INR,,JSE-GLD-FUSP1280RX.jpeg
JSE-GLD-FUSP1290RX,H: 2000 W: 1200 x 900,Shower Enclosures,Framed Shower Enclosures,GLD,44500,INR,,JSE-GLD-FUSP1280RX.jpeg
JSE-CHR-DEL9090X,H: 1950 W: 900 x 900,Shower Enclosures,Framed Shower Enclosures,CHR,24000,INR,,JSE-CHR-DEL9090X.jpeg
JSE-BLM-DEL9090X,H: 1950 W: 900 x 900,Shower Enclosures,Framed Shower Enclosures,BLM,26000,INR,,JSE-BLM-DEL9090X.jpeg
JSE-GLD-DEL9090X,H: 1950 W: 900 x 900,Shower Enclosures,Sliding Shower Enclosures,GLD,29500,INR,,JSE-GLD-DEL9090X.jpeg
JSE-CHR-MICA8M90D391,H: 1950 W: 900 x 900,Shower Enclosures,Sliding Shower Enclosures,CHR,35500,INR,,JSE-CHR-MICA8M90D391.jpeg
JSE-GLD-OPTSDR1015X,H: 2000 W: 1000 -1500,Shower Enclosures,Sliding Shower Enclosures,GLD,38500,INR,,JSE-GLD-OPTSDR1015X.jpeg
JSE-CHR-OPTSDR1200SX,H: 2000 W: 1200,Shower Enclosures,Sliding Shower Enclosures,CHR,29500,INR,,JSE-CHR-OPTSDR1200SX.jpeg
JSE-CHR-OPTSDR1250SX,H: 2000 W: 1250,Shower Enclosures,Sliding Shower Enclosures,CHR,29500,INR,,JSE-CHR-OPTSDR1200SX.jpeg
JSE-CHR-OPTSDR1300SX,H: 2000 W: 1300,Shower Enclosures,Sliding Shower Enclosures,CHR,29500,INR,,JSE-CHR-OPTSDR1200SX.jpeg
JSE-CHR-OPTSDR1350SX,H: 2000 W: 1350,Shower Enclosures,Sliding Shower Enclosures,CHR,29500,INR,,JSE-CHR-OPTSDR1200SX.jpeg
JSE-CHR-OPTSDR1400SX,H: 2000 W: 1400,Shower Enclosures,Sliding Shower Enclosures,CHR,29500,INR,,JSE-CHR-OPTSDR1200SX.jpeg
JSE-CHR-OPTSDR1450SX,H: 2000 W: 1450,Shower Enclosures,Sliding Shower Enclosures,CHR,29500,INR,,JSE-CHR-OPTSDR1200SX.jpeg
JSE-CHR-OPTSDR1500SX,H: 2000 W: 1500,Shower Enclosures,Sliding Shower Enclosures,CHR,29500,INR,,JSE-CHR-OPTSDR1200SX.jpeg
JSE-CHR-OPTSDR1550SX,H: 2000 W: 1550,Shower Enclosures,Sliding Shower Enclosures,CHR,32500,INR,,JSE-CHR-OPTSDR1200SX.jpeg
JSE-CHR-OPTSDR1600SX,H: 2000 W: 1600,Shower Enclosures,Sliding Shower Enclosures,CHR,32500,INR,,JSE-CHR-OPTSDR1200SX.jpeg
JSE-CHR-OPTSDR1650SX,H: 2000 W: 1650,Shower Enclosures,Sliding Shower Enclosures,CHR,32500,INR,,JSE-CHR-OPTSDR1200SX.jpeg
JSE-CHR-OPTSDR1700SX,H: 2000 W: 1700,Shower Enclosures,Sliding Shower Enclosures,CHR,32500,INR,,JSE-CHR-OPTSDR1200SX.jpeg
JSE-CHR-OPTSDR1750SX,H: 2000 W: 1750,Shower Enclosures,Sliding Shower Enclosures,CHR,32500,INR,,JSE-CHR-OPTSDR1200SX.jpeg
JSE-CHR-OPTSDR1800SX,H: 2000 W: 1800,Shower Enclosures,Sliding Shower Enclosures,CHR,32500,INR,,JSE-CHR-OPTSDR1200SX.jpeg
JSE-CHR-OPTSDR1850SX,H: 2000 W: 1850,Shower Enclosures,Sliding Shower Enclosures,CHR,32500,INR,,JSE-CHR-OPTSDR1200SX.jpeg
JSE-CHR-OPTSDR1900SX,H: 2000 W: 1900,Shower Enclosures,Sliding Shower Enclosures,CHR,32500,INR,,JSE-CHR-OPTSDR1200SX.jpeg
JSE-CHR-OPTSDR1950SX,H: 2000 W: 1950,Shower Enclosures,Sliding Shower Enclosures,CHR,32500,INR,,JSE-CHR-OPTSDR1200SX.jpeg
JSE-CHR-OPTSDR2000SX,H: 2000 W: 2000,Shower Enclosures,Sliding Shower Enclosures,CHR,32500,INR,,JSE-CHR-OPTSDR1200SX.jpeg
JSE-ABR-OPTSDR1015X,H: 2000 W: 1000 - 1500,Shower Enclosures,Sliding Shower Enclosures,ABR,34500,INR,,JSE-ABR-OPTSDR1015X.jpeg
JSE-ABR-OPTSDR1520X,H: 2000 W: 1501 - 2000,Shower Enclosures,Sliding Shower Enclosures,ABR,37500,INR,,JSE-ABR-OPTSDR1015X.jpeg
JSE-ACR-OPTSDR1015X,H: 2000 W: 1000 - 1500,Shower Enclosures,Sliding Shower Enclosures,ACR,34500,INR,,JSE-ACR-OPTSDR1015X.jpeg
JSE-ACR-OPTSDR1520X,H: 2000 W: 1501 - 2000,Shower Enclosures,Sliding Shower Enclosures,ACR,37500,INR,,JSE-ACR-OPTSDR1015X.jpeg
JSE-BLM-OPTSDR1015X,H: 2000 W: 1000 - 1500,Shower Enclosures,Sliding Shower Enclosures,BLM,33500,INR,,JSE-BLM-OPTSDR1015X.jpeg
JSE-BLM-OPTSDR1520X,H: 2000 W: 1501 - 2000,Shower Enclosures,Sliding Shower Enclosures,BLM,36500,INR,,JSE-BLM-OPTSDR1015X.jpeg
JSE-CHR-OPTPSD1015X,H: 2000 W: 1000 - 1500,Shower Enclosures,Sliding Shower Enclosures,CHR,38000,INR,,JSE-CHR-OPTPSD1015X.jpeg
JSE-CHR-OPTPSD1520X,H: 2000 W: 1501 - 2000,Shower Enclosures,Sliding Shower Enclosures,CHR,42000,INR,,JSE-CHR-OPTPSD1015X.jpeg
JSE-ABR-OPTPSD1015X,H: 2000 W: 1000 - 1500,Shower Enclosures,Sliding Shower Enclosures,ABR,46000,INR,,JSE-ABR-OPTPSD1015X.jpeg
JSE-ABR-OPTPSD1520X,H: 2000 W: 1501 - 2000,Shower Enclosures,Sliding Shower Enclosures,ABR,50000,INR,,JSE-ABR-OPTPSD1015X.jpeg
JSE-ACR-OPTPSD1015X,H: 2000 W: 1000 - 1500,Shower Enclosures,Sliding Shower Enclosures,ACR,46000,INR,,JSE-ACR-OPTPSD1015X.jpeg
JSE-ACR-OPTPSD1520X,H: 2000 W: 1501 - 2000,Shower Enclosures,Sliding Shower Enclosures,ACR,50000,INR,,JSE-ACR-OPTPSD1015X.jpeg
JSE-CHR-OPTSDR1015TR,H: 2000 W: 1000 - 1500,Shower Enclosures,Sliding Shower Enclosures,CHR,32500,INR,,JSE-CHR-OPTSDR1015TR.jpeg
JSE-CHR-OPTSDR1520TR,H: 2000 W: 1501 - 2000,Shower Enclosures,Sliding Shower Enclosures,CHR,35500,INR,,JSE-CHR-OPTSDR1015TR.jpeg
JSE-CHR-3POPTSDR1215,H: 2000 W: 1200 - 1500,Shower Enclosures,Sliding Shower Enclosures,CHR,34700,INR,,JSE-CHR-3POPTSDR1215.jpeg
JSE-CHR-3POPTSDR1520,H: 2000 W: 1501 - 2000,Shower Enclosures,Sliding Shower Enclosures,CHR,36000,INR,,JSE-CHR-3POPTSDR1215.jpeg
JSE-CHR-STLSDR1015X,H: 2000 W: 1000 - 1500,Shower Enclosures,Sliding Shower Enclosures,CHR,29000,INR,,JSE-CHR-STLSDR1015X.jpeg
JSE-CHR-STLSDR1518X,H: 2000 W: 1501 - 1800,Shower Enclosures,Sliding Shower Enclosures,CHR,32000,INR,,JSE-CHR-STLSDR1015X.jpeg
JSE-CHR-STLSDL1015X,H: 2000 W: 1000 - 1500,Shower Enclosures,Sliding Shower Enclosures,CHR,29000,INR,,JSE-CHR-STLSDR1015X.jpeg
JSE-CHR-STLSDL1518X,H: 2000 W: 1501 - 1800,Shower Enclosures,Sliding Shower Enclosures,CHR,32000,INR,,JSE-CHR-STLSDR1015X.jpeg
JSE-CHR-OPT2D1015X,H: 2000 W: 1000-1500,Shower Enclosures,Sliding Shower Enclosures,CHR,36500,INR,,JSE-CHR-OPT2D1015X.jpeg
JSE-CHR-OPT2D1520X,H: 2000 W: 1501-2000,Shower Enclosures,Sliding Shower Enclosures,CHR,39500,INR,,JSE-CHR-OPT2D1015X.jpeg
JSE-BLM-OPTPSD1015X,H: 2000 W: 1000 - 1500,Shower Enclosures,Sliding Shower Enclosures,BLM,42000,INR,,JSE-BLM-OPTPSD1015X.jpeg
JSE-BLM-OPTPSD1520X,H: 2000 W: 1501 - 2000,Shower Enclosures,Sliding Shower Enclosures,BLM,46000,INR,,JSE-BLM-OPTPSD1015X.jpeg
JSE-BLM-ALP110F700H20X,H: 2000 W: 700,Shower Enclosures,Walk-in Panel,BLM,14500,INR,,JSE-BLM-ALP110F700H20X.jpeg
JSE-BLM-ALP110F800H20X,H: 2000 W: 800,Shower Enclosures,Walk-in Panel,BLM,15500,INR,,JSE-BLM-ALP110F700H20X.jpeg
JSE-BLM-ALP110F900H20X,H: 2000 W: 900,Shower Enclosures,Walk-in Panel,BLM,16500,INR,,JSE-BLM-ALP110F700H20X.jpeg
JSE-BLM-ALP110F1000H20X,H: 2000 W: 1000,Shower Enclosures,Walk-in Panel,BLM,18000,INR,,JSE-BLM-ALP110F700H20X.jpeg
JSE-BLM-ALP110F1200H20X,H: 2000 W: 1200,Shower Enclosures,Walk-in Panel,BLM,21000,INR,,JSE-BLM-ALP110F700H20X.jpeg
JSE-BLM-ALP110F700H22X,H: 2200 W: 700,Shower Enclosures,Walk-in Panel,BLM,15500,INR,,JSE-BLM-ALP110F700H20X.jpeg
JSE-BLM-ALP110F800H22X,H: 2200 W: 800,Shower Enclosures,Walk-in Panel,BLM,16500,INR,,JSE-BLM-ALP110F700H20X.jpeg
JSE-BLM-ALP110F900H22X,H: 2200 W: 900,Shower Enclosures,Walk-in Panel,BLM,18500,INR,,JSE-BLM-ALP110F700H20X.jpeg
JSE-BLM-ALP110F1000H22X,H: 2200 W: 1000,Shower Enclosures,Walk-in Panel,BLM,20000,INR,,JSE-BLM-ALP110F700H20X.jpeg
JSE-BLM-ALP110F1200H22X,H: 2200 W: 1200,Shower Enclosures,Walk-in Panel,BLM,24000,INR,,JSE-BLM-ALP110F700H20X.jpeg
JSE-GLD-ALP110F700H20X,H: 2000 W: 700,Shower Enclosures,Walk-in Panel,GLD,16750,INR,,JSE-GLD-ALP110F700H20X.jpeg
JSE-GLD-ALP110F800H20X,H: 2000 W: 800,Shower Enclosures,Walk-in Panel,GLD,17750,INR,,JSE-GLD-ALP110F700H20X.jpeg
JSE-GLD-ALP110F900H20X,H: 2000 W: 900,Shower Enclosures,Walk-in Panel,GLD,19000,INR,,JSE-GLD-ALP110F700H20X.jpeg
JSE-GLD-ALP110F1000H20X,H: 2000 W: 1000,Shower Enclosures,Walk-in Panel,GLD,21000,INR,,JSE-GLD-ALP110F700H20X.jpeg
JSE-GLD-ALP110F1200H20X,H: 2000 W: 1200,Shower Enclosures,Walk-in Panel,GLD,24500,INR,,JSE-GLD-ALP110F700H20X.jpeg
JSE-GLD-ALP110F700H22X,H: 2200 W: 700,Shower Enclosures,Walk-in Panel,GLD,17750,INR,,JSE-GLD-ALP110F700H20X.jpeg
JSE-GLD-ALP110F800H22X,H: 2200 W: 800,Shower Enclosures,Walk-in Panel,GLD,18750,INR,,JSE-GLD-ALP110F700H20X.jpeg
JSE-GLD-ALP110F900H22X,H: 2200 W: 900,Shower Enclosures,Walk-in Panel,GLD,21000,INR,,JSE-GLD-ALP110F700H20X.jpeg
JSE-GLD-ALP110F1000H22X,H: 2200 W: 1000,Shower Enclosures,Walk-in Panel,GLD,23000,INR,,JSE-GLD-ALP110F700H20X.jpeg
JSE-GLD-ALP110F1200H22X,H: 2200 W: 1200,Shower Enclosures,Walk-in Panel,GLD,27500,INR,,JSE-GLD-ALP110F700H20X.jpeg
JSE-ACR-ALP110F700H20X,H: 2000 W: 700,Shower Enclosures,Walk-in Panel,ACR,15750,INR,,JSE-ACR-ALP110F700H20X.jpeg
JSE-ACR-ALP110F800H20X,H: 2000 W: 800,Shower Enclosures,Walk-in Panel,ACR,16750,INR,,JSE-ACR-ALP110F700H20X.jpeg
JSE-ACR-ALP110F900H20X,H: 2000 W: 900,Shower Enclosures,Walk-in Panel,ACR,17750,INR,,JSE-ACR-ALP110F700H20X.jpeg
JSE-ACR-ALP110F1000H20X,H: 2000 W: 1000,Shower Enclosures,Walk-in Panel,ACR,19750,INR,,JSE-ACR-ALP110F700H20X.jpeg
JSE-ACR-ALP110F1200H20X,H: 2000 W: 1200,Shower Enclosures,Walk-in Panel,ACR,23000,INR,,JSE-ACR-ALP110F700H20X.jpeg
JSE-ACR-ALP110F700H22X,H: 2200 W: 700,Shower Enclosures,Walk-in Panel,ACR,16750,INR,,JSE-ACR-ALP110F700H20X.jpeg
JSE-ACR-ALP110F800H22X,H: 2200 W: 800,Shower Enclosures,Walk-in Panel,ACR,17750,INR,,JSE-ACR-ALP110F700H20X.jpeg
JSE-ACR-ALP110F900H22X,H: 2200 W: 900,Shower Enclosures,Walk-in Panel,ACR,19750,INR,,JSE-ACR-ALP110F700H20X.jpeg
JSE-ACR-ALP110F1000H22X,H: 2200 W: 1000,Shower Enclosures,Walk-in Panel,ACR,21750,INR,,JSE-ACR-ALP110F700H20X.jpeg
JSE-ACR-ALP110F1200H22X,H: 2200 W: 1200,Shower Enclosures,Walk-in Panel,ACR,26000,INR,,JSE-ACR-ALP110F700H20X.jpeg
JSE-ABR-ALP110F700H20X,H: 2000 W: 700,Shower Enclosures,Walk-in Panel,ABR,15750,INR,,JSE-ABR-ALP110F700H20X.jpeg
JSE-ABR-ALP110F800H20X,H: 2000 W: 800,Shower Enclosures,Walk-in Panel,ABR,16750,INR,,JSE-ABR-ALP110F700H20X.jpeg
JSE-ABR-ALP110F900H20X,H: 2000 W: 900,Shower Enclosures,Walk-in Panel,ABR,17750,INR,,JSE-ABR-ALP110F700H20X.jpeg
JSE-ABR-ALP110F1000H20X,H: 2000 W: 1000,Shower Enclosures,Walk-in Panel,ABR,19750,INR,,JSE-ABR-ALP110F700H20X.jpeg
JSE-ABR-ALP110F1200H20X,H: 2000 W: 1200,Shower Enclosures,Walk-in Panel,ABR,23000,INR,,JSE-ABR-ALP110F700H20X.jpeg
JSE-ABR-ALP110F700H22X,H: 2200 W: 700,Shower Enclosures,Walk-in Panel,ABR,16750,INR,,JSE-ABR-ALP110F700H20X.jpeg
JSE-ABR-ALP110F800H22X,H: 2200 W: 800,Shower Enclosures,Walk-in Panel,ABR,17750,INR,,JSE-ABR-ALP110F700H20X.jpeg
JSE-ABR-ALP110F900H22X,H: 2200 W: 900,Shower Enclosures,Walk-in Panel,ABR,19750,INR,,JSE-ABR-ALP110F700H20X.jpeg
JSE-ABR-ALP110F1000H22X,H: 2200 W: 1000,Shower Enclosures,Walk-in Panel,ABR,21750,INR,,JSE-ABR-ALP110F700H20X.jpeg
JSE-ABR-ALP110F1200H22X,H: 2200 W: 1200,Shower Enclosures,Walk-in Panel,ABR,26000,INR,,JSE-ABR-ALP110F700H20X.jpeg
JSE-ABR-ALP110F700H20FL,H: 2000 W: 700,Shower Enclosures,Walk-in Panel,ABR,20000,INR,,JSE-ABR-ALP110F700H20FL.jpeg
JSE-ABR-ALP110F800H20FL,H: 2000 W: 800,Shower Enclosures,Walk-in Panel,ABR,21500,INR,,JSE-ABR-ALP110F700H20FL.jpeg
JSE-ABR-ALP110F900H20FL,H: 2000 W: 900,Shower Enclosures,Walk-in Panel,ABR,23000,INR,,JSE-ABR-ALP110F700H20FL.jpeg
JSE-ABR-ALP110F1000H20FL,H: 2000 W: 1000,Shower Enclosures,Walk-in Panel,ABR,25500,INR,,JSE-ABR-ALP110F700H20FL.jpeg
JSE-ABR-ALP110F1200H20FL,H: 2000 W: 1200,Shower Enclosures,Walk-in Panel,ABR,30000,INR,,JSE-ABR-ALP110F700H20FL.jpeg
JSE-ABR-ALP110F700H22FL,H: 2200 W: 700,Shower Enclosures,Walk-in Panel,ABR,21000,INR,,JSE-ABR-ALP110F700H20FL.jpeg
JSE-ABR-ALP110F800H22FL,H: 2200 W: 800,Shower Enclosures,Walk-in Panel,ABR,23000,INR,,JSE-ABR-ALP110F700H20FL.jpeg
JSE-ABR-ALP110F900H22FL,H: 2200 W: 900,Shower Enclosures,Walk-in Panel,ABR,25500,INR,,JSE-ABR-ALP110F700H20FL.jpeg
JSE-ABR-ALP110F1000H22FL,H: 2200 W: 1000,Shower Enclosures,Walk-in Panel,ABR,28000,INR,,JSE-ABR-ALP110F700H20FL.jpeg
JSE-ABR-ALP110F1200H22FL,H: 2200 W: 1200,Shower Enclosures,Walk-in Panel,ABR,34000,INR,,JSE-ABR-ALP110F700H20FL.jpeg
JSE-ACR-ALP110F700H20FL,H: 2000 W: 700,Shower Enclosures,Walk-in Panel,ACR,20000,INR,,JSE-ACR-ALP110F700H20FL.jpeg
JSE-ACR-ALP110F800H20FL,H: 2000 W: 800,Shower Enclosures,Walk-in Panel,ACR,21500,INR,,JSE-ACR-ALP110F700H20FL.jpeg
JSE-ACR-ALP110F900H20FL,H: 2000 W: 900,Shower Enclosures,Walk-in Panel,ACR,23000,INR,,JSE-ACR-ALP110F700H20FL.jpeg
JSE-ACR-ALP110F1000H20FL,H: 2000 W: 1000,Shower Enclosures,Walk-in Panel,ACR,25500,INR,,JSE-ACR-ALP110F700H20FL.jpeg
JSE-ACR-ALP110F1200H20FL,H: 2000 W: 1200,Shower Enclosures,Walk-in Panel,ACR,30000,INR,,JSE-ACR-ALP110F700H20FL.jpeg
JSE-ACR-ALP110F700H22FL,H: 2200 W: 700,Shower Enclosures,Walk-in Panel,ACR,21000,INR,,JSE-ACR-ALP110F700H20FL.jpeg
JSE-ACR-ALP110F800H22FL,H: 2200 W: 800,Shower Enclosures,Walk-in Panel,ACR,23000,INR,,JSE-ACR-ALP110F700H20FL.jpeg
JSE-ACR-ALP110F900H22FL,H: 2200 W: 900,Shower Enclosures,Walk-in Panel,ACR,25500,INR,,JSE-ACR-ALP110F700H20FL.jpeg
JSE-ACR-ALP110F1000H22FL,H: 2200 W: 1000,Shower Enclosures,Walk-in Panel,ACR,28000,INR,,JSE-ACR-ALP110F700H20FL.jpeg
JSE-ACR-ALP110F1200H22FL,H: 2200 W: 1200,Shower Enclosures,Walk-in Panel,ACR,34000,INR,,JSE-ACR-ALP110F700H20FL.jpeg
JSE-GLD-ALP110F700H20FL,H: 2000 W: 700,Shower Enclosures,Walk-in Panel,GLD,21000,INR,,JSE-GLD-ALP110F700H20FL.jpeg
JSE-GLD-ALP110F800H20FL,H: 2000 W: 800,Shower Enclosures,Walk-in Panel,GLD,23000,INR,,JSE-GLD-ALP110F700H20FL.jpeg
JSE-GLD-ALP110F900H20FL,H: 2000 W: 900,Shower Enclosures,Walk-in Panel,GLD,25000,INR,,JSE-GLD-ALP110F700H20FL.jpeg
JSE-GLD-ALP110F1000H20FL,H: 2000 W: 1000,Shower Enclosures,Walk-in Panel,GLD,27000,INR,,JSE-GLD-ALP110F700H20FL.jpeg
JSE-GLD-ALP110F1200H20FL,H: 2000 W: 1200,Shower Enclosures,Walk-in Panel,GLD,32000,INR,,JSE-GLD-ALP110F700H20FL.jpeg
JSE-GLD-ALP110F700H22FL,H: 2200 W: 700,Shower Enclosures,Walk-in Panel,GLD,22500,INR,,JSE-GLD-ALP110F700H20FL.jpeg
JSE-GLD-ALP110F800H22FL,H: 2200 W: 800,Shower Enclosures,Walk-in Panel,GLD,24500,INR,,JSE-GLD-ALP110F700H20FL.jpeg
JSE-GLD-ALP110F900H22FL,H: 2200 W: 900,Shower Enclosures,Walk-in Panel,GLD,27500,INR,,JSE-GLD-ALP110F700H20FL.jpeg
JSE-GLD-ALP110F1000H22FL,H: 2200 W: 1000,Shower Enclosures,Walk-in Panel,GLD,30000,INR,,JSE-GLD-ALP110F700H20FL.jpeg
JSE-GLD-ALP110F1200H22FL,H: 2200 W: 1200,Shower Enclosures,Walk-in Panel,GLD,36000,INR,,JSE-GLD-ALP110F700H20FL.jpeg
JSE-BLM-ALP110F700H20FL,H: 2000 W: 700,Shower Enclosures,Walk-in Panel,BLM,18500,INR,,JSE-BLM-ALP110F700H20FL.jpeg
JSE-BLM-ALP110F800H20FL,H: 2000 W: 800,Shower Enclosures,Walk-in Panel,BLM,20000,INR,,JSE-BLM-ALP110F700H20FL.jpeg
JSE-BLM-ALP110F900H20FL,H: 2000 W: 900,Shower Enclosures,Walk-in Panel,BLM,21500,INR,,JSE-BLM-ALP110F700H20FL.jpeg
JSE-BLM-ALP110F1000H20FL,H: 2000 W: 1000,Shower Enclosures,Walk-in Panel,BLM,23500,INR,,JSE-BLM-ALP110F700H20FL.jpeg
JSE-BLM-ALP110F1200H20FL,H: 2000 W: 1200,Shower Enclosures,Walk-in Panel,BLM,28000,INR,,JSE-BLM-ALP110F700H20FL.jpeg
JSE-BLM-ALP110F700H22FL,H: 2200 W: 700,Shower Enclosures,Walk-in Panel,BLM,19500,INR,,JSE-BLM-ALP110F700H20FL.jpeg
JSE-BLM-ALP110F800H22FL,H: 2200 W: 800,Shower Enclosures,Walk-in Panel,BLM,21000,INR,,JSE-BLM-ALP110F700H20FL.jpeg
JSE-BLM-ALP110F900H22FL,H: 2200 W: 900,Shower Enclosures,Walk-in Panel,BLM,23500,INR,,JSE-BLM-ALP110F700H20FL.jpeg
JSE-BLM-ALP110F1000H22FL,H: 2200 W: 1000,Shower Enclosures,Walk-in Panel,BLM,26000,INR,,JSE-BLM-ALP110F700H20FL.jpeg
JSE-BLM-ALP110F1200H22FL,H: 2200 W: 1200,Shower Enclosures,Walk-in Panel,BLM,31000,INR,,JSE-BLM-ALP110F700H20FL.jpeg
JSE-ABR-ALP110F700H20LM,H: 2000 W: 700,Shower Enclosures,Walk-in Panel,ABR,22500,INR,,JSE-ABR-ALP110F700H20LM.jpeg
JSE-ABR-ALP110F800H20LM,H: 2000 W: 800,Shower Enclosures,Walk-in Panel,ABR,24500,INR,,JSE-ABR-ALP110F700H20LM.jpeg
JSE-ABR-ALP110F900H20LM,H: 2000 W: 900,Shower Enclosures,Walk-in Panel,ABR,26500,INR,,JSE-ABR-ALP110F700H20LM.jpeg
JSE-ABR-ALP110F1000H20LM,H: 2000 W: 1000,Shower Enclosures,Walk-in Panel,ABR,29500,INR,,JSE-ABR-ALP110F700H20LM.jpeg
JSE-ABR-ALP110F1200H20LM,H: 2000 W: 1200,Shower Enclosures,Walk-in Panel,ABR,34000,INR,,JSE-ABR-ALP110F700H20LM.jpeg
JSE-ABR-ALP110F700H22LM,H: 2200 W: 700,Shower Enclosures,Walk-in Panel,ABR,24000,INR,,JSE-ABR-ALP110F700H20LM.jpeg
JSE-ABR-ALP110F800H22LM,H: 2200 W: 800,Shower Enclosures,Walk-in Panel,ABR,26500,INR,,JSE-ABR-ALP110F700H20LM.jpeg
JSE-ABR-ALP110F900H22LM,H: 2200 W: 900,Shower Enclosures,Walk-in Panel,ABR,29500,INR,,JSE-ABR-ALP110F700H20LM.jpeg
JSE-ABR-ALP110F1000H22LM,H: 2200 W: 1000,Shower Enclosures,Walk-in Panel,ABR,32500,INR,,JSE-ABR-ALP110F700H20LM.jpeg
JSE-ABR-ALP110F1200H22LM,H: 2200 W: 1200,Shower Enclosures,Walk-in Panel,ABR,38000,INR,,JSE-ABR-ALP110F700H20LM.jpeg
JSE-BLM-ALP110F700H20LM,H: 2000 W: 700,Shower Enclosures,Walk-in Panel,BLM,21500,INR,,JSE-BLM-ALP110F700H20LM.jpeg
JSE-BLM-ALP110F800H20LM,H: 2000 W: 800,Shower Enclosures,Walk-in Panel,BLM,23500,INR,,JSE-BLM-ALP110F700H20LM.jpeg
JSE-BLM-ALP110F900H20LM,H: 2000 W: 900,Shower Enclosures,Walk-in Panel,BLM,25500,INR,,JSE-BLM-ALP110F700H20LM.jpeg
JSE-BLM-ALP110F1000H20LM,H: 2000 W: 1000,Shower Enclosures,Walk-in Panel,BLM,28000,INR,,JSE-BLM-ALP110F700H20LM.jpeg
JSE-BLM-ALP110F1200H20LM,H: 2000 W: 1200,Shower Enclosures,Walk-in Panel,BLM,32500,INR,,JSE-BLM-ALP110F700H20LM.jpeg
JSE-BLM-ALP110F700H22LM,H: 2200 W: 700,Shower Enclosures,Walk-in Panel,BLM,23000,INR,,JSE-BLM-ALP110F700H20LM.jpeg
JSE-BLM-ALP110F800H22LM,H: 2200 W: 800,Shower Enclosures,Walk-in Panel,BLM,25000,INR,,JSE-BLM-ALP110F700H20LM.jpeg
JSE-BLM-ALP110F900H22LM,H: 2200 W: 900,Shower Enclosures,Walk-in Panel,BLM,28000,INR,,JSE-BLM-ALP110F700H20LM.jpeg
JSE-BLM-ALP110F1000H22LM,H: 2200 W: 1000,Shower Enclosures,Walk-in Panel,BLM,31000,INR,,JSE-BLM-ALP110F700H20LM.jpeg
JSE-BLM-ALP110F1200H22LM,H: 2200 W: 1200,Shower Enclosures,Walk-in Panel,BLM,36500,INR,,JSE-BLM-ALP110F700H20LM.jpeg
JSE-ACR-ALP110F700H20LM,H: 2000 W: 700,Shower Enclosures,Walk-in Panel,ACR,22500,INR,,JSE-ACR-ALP110F700H20LM.jpeg
JSE-ACR-ALP110F800H20LM,H: 2000 W: 800,Shower Enclosures,Walk-in Panel,ACR,24500,INR,,JSE-ACR-ALP110F700H20LM.jpeg
JSE-ACR-ALP110F900H20LM,H: 2000 W: 900,Shower Enclosures,Walk-in Panel,ACR,26500,INR,,JSE-ACR-ALP110F700H20LM.jpeg
JSE-ACR-ALP110F1000H20LM,H: 2000 W: 1000,Shower Enclosures,Walk-in Panel,ACR,29500,INR,,JSE-ACR-ALP110F700H20LM.jpeg
JSE-ACR-ALP110F1200H20LM,H: 2000 W: 1200,Shower Enclosures,Walk-in Panel,ACR,34000,INR,,JSE-ACR-ALP110F700H20LM.jpeg
JSE-ACR-ALP110F700H22LM,H: 2200 W: 700,Shower Enclosures,Walk-in Panel,ACR,24000,INR,,JSE-ACR-ALP110F700H20LM.jpeg
JSE-ACR-ALP110F800H22LM,H: 2200 W: 800,Shower Enclosures,Walk-in Panel,ACR,26500,INR,,JSE-ACR-ALP110F700H20LM.jpeg
JSE-ACR-ALP110F900H22LM,H: 2200 W: 900,Shower Enclosures,Walk-in Panel,ACR,29500,INR,,JSE-ACR-ALP110F700H20LM.jpeg
JSE-ACR-ALP110F1000H22LM,H: 2200 W: 1000,Shower Enclosures,Walk-in Panel,ACR,32500,INR,,JSE-ACR-ALP110F700H20LM.jpeg
JSE-ACR-ALP110F1200H22LM,H: 2200 W: 1200,Shower Enclosures,Walk-in Panel,ACR,38000,INR,,JSE-ACR-ALP110F700H20LM.jpeg
JSE-GLD-ALP110F700H20LM,H: 2000 W: 700,Shower Enclosures,Walk-in Panel,GLD,23000,INR,,JSE-GLD-ALP110F700H20LM.jpeg
JSE-GLD-ALP110F800H20LM,H: 2000 W: 800,Shower Enclosures,Walk-in Panel,GLD,25000,INR,,JSE-GLD-ALP110F700H20LM.jpeg
JSE-GLD-ALP110F900H20LM,H: 2000 W: 900,Shower Enclosures,Walk-in Panel,GLD,27000,INR,,JSE-GLD-ALP110F700H20LM.jpeg
JSE-GLD-ALP110F1000H20LM,H: 2000 W: 1000,Shower Enclosures,Walk-in Panel,GLD,30000,INR,,JSE-GLD-ALP110F700H20LM.jpeg
JSE-GLD-ALP110F1200H20LM,H: 2000 W: 1200,Shower Enclosures,Walk-in Panel,GLD,35000,INR,,JSE-GLD-ALP110F700H20LM.jpeg
JSE-GLD-ALP110F700H22LM,H: 2200 W: 700,Shower Enclosures,Walk-in Panel,GLD,24500,INR,,JSE-GLD-ALP110F700H20LM.jpeg
JSE-GLD-ALP110F800H22LM,H: 2200 W: 800,Shower Enclosures,Walk-in Panel,GLD,27000,INR,,JSE-GLD-ALP110F700H20LM.jpeg
JSE-GLD-ALP110F900H22LM,H: 2200 W: 900,Shower Enclosures,Walk-in Panel,GLD,30000,INR,,JSE-GLD-ALP110F700H20LM.jpeg
JSE-GLD-ALP110F1000H22LM,H: 2200 W: 1000,Shower Enclosures,Walk-in Panel,GLD,33000,INR,,JSE-GLD-ALP110F700H20LM.jpeg
JSE-GLD-ALP110F1200H22LM,H: 2200 W: 1200,Shower Enclosures,Walk-in Panel,GLD,39000,INR,,JSE-GLD-ALP110F700H20LM.jpeg
JSE-CHR-810F0680H19X,H: 1950 W: 600 - 800,Shower Enclosures,Stark Series,CHR,11500,INR,,JSE-CHR-810F0680H19X.jpeg
JSE-CHR-810F0812H19X,H: 1950 W: 801 - 1200,Shower Enclosures,Stark Series,CHR,14500,INR,,JSE-CHR-810F0680H19X.jpeg
JSE-CHR-810F1216H19X,H: 1950 W: 1201 - 1600,Shower Enclosures,Stark Series,CHR,18000,INR,,JSE-CHR-810F0680H19X.jpeg
JSE-CHR-810F1618H19X,H: 1950 W: 1601 - 1800,Shower Enclosures,Stark Series,CHR,21000,INR,,JSE-CHR-810F0680H19X.jpeg
JSE-CHR-110F0680H19X,H: 1950 W: 600 - 800,Shower Enclosures,Stark Series,CHR,11800,INR,,JSE-CHR-810F0680H19X.jpeg
JSE-CHR-110F0812H19X,H: 1950 W: 801 - 1200,Shower Enclosures,Stark Series,CHR,15100,INR,,JSE-CHR-810F0680H19X.jpeg
JSE-CHR-110F1216H19X,H: 1950 W: 1201 - 1600,Shower Enclosures,Stark Series,CHR,18500,INR,,JSE-CHR-810F0680H19X.jpeg
JSE-CHR-110F1618H19X,H: 1950 W: 1601 - 1800,Shower Enclosures,Stark Series,CHR,21500,INR,,JSE-CHR-810F0680H19X.jpeg
JSE-CHR-810S900SX,H: 1950 W: 900,Shower Enclosures,Stark Series,CHR,15800,INR,,JSE-CHR-810S900SX.jpeg
JSE-CHR-810S1000SX,H: 1950 W: 1000,Shower Enclosures,Stark Series,CHR,16300,INR,,JSE-CHR-810S900SX.jpeg
JSE-CHR-S810F0680H20X,H: 2000 W: 600 - 800,Shower Enclosures,Stark Series,CHR,11500,INR,,JSE-CHR-S810F0680H20X.jpeg
JSE-CHR-S810F0812H20X,H: 2000 W: 801 - 1200,Shower Enclosures,Stark Series,CHR,14500,INR,,JSE-CHR-S810F0680H20X.jpeg
JSE-CHR-S810F1216H20X,H: 2000 W: 1201 - 1600,Shower Enclosures,Stark Series,CHR,18000,INR,,JSE-CHR-S810F0680H20X.jpeg
JSE-CHR-S810S0680H20X,H: 2000 W: 600 - 800,Shower Enclosures,Stark Series,CHR,19500,INR,,JSE-CHR-S810S0680H20X.jpeg
JSE-CHR-S810S0812H20X,H: 2000 W: 801 - 1200,Shower Enclosures,Stark Series,CHR,22500,INR,,JSE-CHR-S810S0680H20X.jpeg
JSE-CHR-S810S1216H20X,H: 2000 W: 1201 - 1600,Shower Enclosures,Stark Series,CHR,25500,INR,,JSE-CHR-S810S0680H20X.jpeg
JSE-CHR-S820W0812H20X,H: 2000 W: 800-1200,Shower Enclosures,Stark Series,CHR,37000,INR,,JSE-CHR-S820W0812H20X.jpeg
JSE-CHR-S820W1216H20X,H: 2000 W: 1201 - 1600,Shower Enclosures,Stark Series,CHR,40000,INR,,JSE-CHR-S820W0812H20X.jpeg
JSE-CHR-S820W1620H20X,H: 2000 W: 1601 - 2000,Shower Enclosures,Stark Series,CHR,43000,INR,,JSE-CHR-S820W0812H20X.jpeg
JSE-CHR-S830G1216H20X,H: 2000 W: 1200 - 1600,Shower Enclosures,Aura Semi-Framed,CHR,46500,INR,,JSE-CHR-S830G1216H20X.jpeg
JSE-CHR-S830G1620H20X,H: 2000 W: 1601 - 2000,Shower Enclosures,Aura Semi-Framed,CHR,49500,INR,,JSE-CHR-S830G1216H20X.jpeg
JSE-CHR-A830G1200H20X,H: 2000 W: 1200,Shower Enclosures,Aura Semi-Framed,CHR,33000,INR,,JSE-CHR-A830G1200H20X.jpeg
JSE-CHR-A830G1300H20X,H: 2000 W: 1300,Shower Enclosures,Aura Semi-Framed,CHR,33000,INR,,JSE-CHR-A830G1200H20X.jpeg
JSE-CHR-A830G1400H20X,H: 2000 W: 1400,Shower Enclosures,Aura Semi-Framed,CHR,33000,INR,,JSE-CHR-A830G1200H20X.jpeg
JSE-CHR-A830G1500H20X,H: 2000 W: 1500,Shower Enclosures,Aura Semi-Framed,CHR,33000,INR,,JSE-CHR-A830G1200H20X.jpeg
JSE-CHR-A830G1600H20X,H: 2000 W: 1600,Shower Enclosures,Aura Semi-Framed,CHR,33000,INR,,JSE-CHR-A830G1200H20X.jpeg
JSE-CHR-A830G1700H20X,H: 2000 W: 1700,Shower Enclosures,Aura Semi-Framed,CHR,35000,INR,,JSE-CHR-A830G1200H20X.jpeg
JSE-CHR-A830G1800H20X,H: 2000 W: 1800,Shower Enclosures,Aura Semi-Framed,CHR,35000,INR,,JSE-CHR-A830G1200H20X.jpeg
JSE-CHR-A830G1900H20X,H: 2000 W: 1900,Shower Enclosures,Aura Semi-Framed,CHR,35000,INR,,JSE-CHR-A830G1200H20X.jpeg
JSE-CHR-A830G2000H20X,H: 2000 W: 2000,Shower Enclosures,Aura Semi-Framed,CHR,35000,INR,,JSE-CHR-A830G1200H20X.jpeg
JSE-CHR-810D0680H19X,H: 1950 W: 600 - 800,Shower Enclosures,Iara Series Frameless,CHR,14800,INR,,JSE-CHR-810D0680H19X.jpeg
JSE-CHR-810D0810H19X,H: 1950 W: 801 - 1000,Shower Enclosures,Iara Series Frameless,CHR,16500,INR,,JSE-CHR-810D0680H19X.jpeg
JSE-CHR-110D0680H19X,H: 1950 W: 600 - 800,Shower Enclosures,Iara Series Frameless,CHR,15000,INR,,JSE-CHR-810D0680H19X.jpeg
JSE-CHR-110D0810H19X,H: 1950 W: 801 - 1000,Shower Enclosures,Iara Series Frameless,CHR,16700,INR,,JSE-CHR-810D0680H19X.jpeg
JSE-CHR-810T0680X,H: 1400 W: 600 - 800,Shower Enclosures,Iara Series Frameless,CHR,10100,INR,,JSE-CHR-810T0680X.jpeg
JSE-CHR-810T0812X,H: 1400 W: 801 - 1200,Shower Enclosures,Iara Series Frameless,CHR,12700,INR,,JSE-CHR-810T0680X.jpeg
JSE-CHR-810T1618X,"H: 1400 W: 1601 - 1800 Rs. 18,500 10mm Sizes: (in mm) JSE-CHR-110T0680X H: 1400 W: 600 - 800",Shower Enclosures,Iara Series Frameless,CHR,11500,INR,,JSE-CHR-810T0680X.jpeg
JSE-CHR-110T0812X,H: 1400 W: 801 - 1200,Shower Enclosures,Iara Series Frameless,CHR,14500,INR,,JSE-CHR-810T0680X.jpeg
JSE-CHR-820G8012H19X,H: 1950 W: 800 - 1200,Shower Enclosures,Iara Series Frameless,CHR,23400,INR,,JSE-CHR-820G8012H19X.jpeg
JSE-CHR-820G1216H19X,H: 1950 W: 1201 - 1600,Shower Enclosures,Iara Series Frameless,CHR,26700,INR,,JSE-CHR-820G8012H19X.jpeg
JSE-CHR-820G1620H19X,H: 1950 W: 1601 - 2000,Shower Enclosures,Iara Series Frameless,CHR,30700,INR,,JSE-CHR-820G8012H19X.jpeg
JSE-CHR-120G8012H19X,H: 1950 W: 800 - 1200,Shower Enclosures,Iara Series Frameless,CHR,27000,INR,,JSE-CHR-820G8012H19X.jpeg
JSE-CHR-120G1216H19X,H: 1950 W: 1201 - 1600,Shower Enclosures,Iara Series Frameless,CHR,31200,INR,,JSE-CHR-820G8012H19X.jpeg
JSE-CHR-120G1618H19X,H: 1950 W: 1601 - 2000,Shower Enclosures,Iara Series Frameless,CHR,34500,INR,,JSE-CHR-820G8012H19X.jpeg
JSE-CHR-830G1216H19X,H: 1950 W: 1201 - 1600,Shower Enclosures,Iara Series Frameless,CHR,31600,INR,,JSE-CHR-830G1216H19X.jpeg
JSE-CHR-830G1620H19X,H: 1950 W: 1601 - 2000,Shower Enclosures,Iara Series Frameless,CHR,33700,INR,,JSE-CHR-830G1216H19X.jpeg
JSE-CHR-830G2428H19X,"H: 1950 W: 2401 - 2800 Rs. 43,300 10mm Size: (in mm) JSE-CHR-130G1216H19X H: 1950 W: 1200 - 1600",Shower Enclosures,Iara Series Frameless,CHR,37900,INR,,JSE-CHR-830G1216H19X.jpeg
JSE-CHR-130G1620H19X,H: 1950 W: 1601 - 2000,Shower Enclosures,Iara Series Frameless,CHR,42900,INR,,JSE-CHR-830G1216H19X.jpeg
JSE-CHR-840W2832H19X,"H: 1950 W: 2801 - 3200 Rs. 49,500 10mm Size: (in mm) JSE-CHR-140W1620H19X H: 1950 W: 1601 - 2000",Shower Enclosures,Iara Series Frameless,CHR,43800,INR,,JSE-CHR-840W2832H19X.jpeg
JSE-CHR-840G1620H19X,H: 1950 W: 1600-2000,Shower Enclosures,Iara Series Frameless,CHR,37500,INR,,JSE-CHR-840G1620H19X.jpeg
JSE-CHR-840P2832H19X,"H: 1950 W: 2801 - 3200 Rs. 47,900 10mm Sizes: (in mm) JSE-CHR-140P1620H19X H: 1950 W: 1601 - 2000",Shower Enclosures,Iara Series Frameless,CHR,45000,INR,,JSE-CHR-840P2832H19X.jpeg
JSE-CHR-840F0812H19X,H: 1950 W: 800 - 1200,Shower Enclosures,Iara Series Frameless,CHR,26000,INR,,JSE-CHR-840F0812H19X.jpeg
JSE-CHR-840F1216H19X,H: 1950 W: 1201 - 1600,Shower Enclosures,Iara Series Frameless,CHR,29000,INR,,JSE-CHR-840F0812H19X.jpeg
JSE-CHR-140F0812H19X,H: 1950 W: 800 - 1200,Shower Enclosures,Iara Series Frameless,CHR,28000,INR,,JSE-CHR-840F0812H19X.jpeg
JSE-CHR-140F1216H19X,H: 1950 W: 1201 - 1600,Shower Enclosures,Iara Series Frameless,CHR,31000,INR,,JSE-CHR-840F0812H19X.jpeg
JSE-CHR-840U2832H19X,"H: 1950 W: 2801 - 3200 Rs. 51,500 10mm Sizes: (in mm) JSE-CHR-140U1620H19X H: 1950 W: 1601 - 2000",Shower Enclosures,Iara Series Frameless,CHR,45400,INR,,JSE-CHR-840U2832H19X.jpeg
JSE-CHR-830ST1216H23,H: 2300 W: 1200 - 1600,Shower Enclosures,Enclosure For Steam Cubicle,CHR,45000,INR,,JSE-CHR-830ST1216H23.jpeg
JSE-CHR-830ST1620H23,H: 2300 W: 1601 - 2000,Shower Enclosures,Enclosure For Steam Cubicle,CHR,48000,INR,,JSE-CHR-830ST1216H23.jpeg
JSE-CHR-830ST2428H23,"H: 2300 W: 2401 - 2800 Rs. 58,000 10mm Size: (in mm) JSE-CHR-130ST1216H23 H: 2300 W: 1200 - 1600",Shower Enclosures,Enclosure For Steam Cubicle,CHR,51000,INR,,JSE-CHR-830ST1216H23.jpeg
JSE-CHR-130ST1620H23,H: 2300 W: 1601 - 2000,Shower Enclosures,Enclosure For Steam Cubicle,CHR,54500,INR,,JSE-CHR-830ST1216H23.jpeg
JSE-CHR-130STF1216H30X,H: 3000 W: 1201 - 1600,Shower Enclosures,Enclosure For Steam Cubicle,CHR,65000,INR,,JSE-CHR-130STF1216H30X.jpeg
JSE-CHR-130STF1620H30X,H: 3000 W: 1601 - 2000,Shower Enclosures,Enclosure For Steam Cubicle,CHR,73000,INR,,JSE-CHR-130STF1216H30X.jpeg
JSE-CHR-120STF0812H30X,H: 3000 W: 800 - 1200,Shower Enclosures,Enclosure For Steam Cubicle,CHR,41500,INR,,JSE-CHR-120STF0812H30X.jpeg
JSE-CHR-120STF1216H30X,H: 3000 W: 1201 - 1600,Shower Enclosures,Enclosure For Steam Cubicle,CHR,51500,INR,,JSE-CHR-120STF0812H30X.jpeg
JSE-CHR-120STF1620H30X,H: 3000 W: 1601 - 2000,Shower Enclosures,Enclosure For Steam Cubicle,CHR,58000,INR,,JSE-CHR-120STF0812H30X.jpeg
JSE-CHR-120ST0812H27X,H: 2700 W: 800 - 1200,Shower Enclosures,Enclosure For Steam Cubicle,CHR,41000,INR,,JSE-CHR-120ST0812H27X.jpeg
JSE-CHR-120ST1216H27X,H: 2700 W: 1201 - 1600,Shower Enclosures,Enclosure For Steam Cubicle,CHR,47000,INR,,JSE-CHR-120ST0812H27X.jpeg
JSE-CHR-120ST1620H27X,H: 2700 W: 1601 - 2000,Shower Enclosures,Enclosure For Steam Cubicle,CHR,53000,INR,,JSE-CHR-120ST0812H27X.jpeg
JSE-CHR-810US450X,H: 900 W: 450,Shower Enclosures,Urinal Partitions,CHR,5500,INR,,JSE-CHR-810US450X.jpeg
JSE-CHR-110US450X,H: 900 W: 450,Shower Enclosures,Urinal Partitions,CHR,6350,INR,,JSE-CHR-810US450X.jpeg
JSE-CHR-810UC450X,H: 900 W: 450,Shower Enclosures,Urinal Partitions,CHR,5500,INR,,JSE-CHR-810UC450X.jpeg
JSE-CHR-110UC450X,H: 900 W: 450,Shower Enclosures,Urinal Partitions,CHR,6350,INR,,JSE-CHR-810UC450X.jpeg
JSE-WHT-STQD9090X,H: 40 W: 900 x 900,Shower Enclosures,Shower Tray,WHT,13000,INR,,JSE-WHT-STQD9090X.jpeg
JSE-WHT-STRCT1210X,"H: 40 W: 1200 x 1000 Rs. 17,000 Square Models Description: Shower Tray in square shape with standard dimensions. JSE-WHT-STSQ9090X H: 40 W: 900 x 900",Shower Enclosures,Shower Tray,WHT,13000,INR,,JSE-WHT-STRCT1210X.jpeg
ESA-BGE-LDG0812,Artificial Marble Ledge 801-1200,Shower Enclosures,Artificial Ledges,BGE,4300,INR,,ESA-BGE-LDG0812.jpeg
ESA-BGE-LDG1216,Artificial Marble Ledge 1201-1600,Shower Enclosures,Artificial Ledges,BGE,4300,INR,,ESA-BGE-LDG0812.jpeg
ESA-BGE-LDG1620,Artificial Marble Ledge 1601-2000,Shower Enclosures,Artificial Ledges,BGE,4300,INR,,ESA-BGE-LDG0812.jpeg
ESA-BGE-LDG2024,Artificial Marble Ledge 2001-2400,Shower Enclosures,Artificial Ledges,BGE,5150,INR,,ESA-BGE-LDG0812.jpeg
ESA-BGE-LDG9090,Artificial Marble Ledge 900 x 900,Shower Enclosures,Artificial Ledges,BGE,3950,INR,,ESA-BGE-LDG0812.jpeg
ESA-BGE-LDG1010,Artificial Marble Ledge 1000 x 1000,Shower Enclosures,Artificial Ledges,BGE,3950,INR,,ESA-BGE-LDG0812.jpeg
ESA-BGE-LDG1012,Artificial Marble Ledge 1000 x 1200,Shower Enclosures,Artificial Ledges,BGE,5300,INR,,ESA-BGE-LDG0812.jpeg
ESA-BGE-LDG1212,Artificial Marble Ledge 1200 x 1200,Shower Enclosures,Artificial Ledges,BGE,5300,INR,,ESA-BGE-LDG0812.jpeg
ESA-DGM-LDG0812,Artificial Marble Ledge 801-1200,Shower Enclosures,Artificial Ledges,DGM,4300,INR,,ESA-DGM-LDG0812.jpeg
ESA-DGM-LDG1216,Artificial Marble Ledge 1201-1600,Shower Enclosures,Artificial Ledges,DGM,4300,INR,,ESA-DGM-LDG0812.jpeg
ESA-DGM-LDG1620,Artificial Marble Ledge 1601-2000,Shower Enclosures,Artificial Ledges,DGM,4300,INR,,ESA-DGM-LDG0812.jpeg
ESA-DGM-LDG2024,Artificial Marble Ledge 2001-2400,Shower Enclosures,Artificial Ledges,DGM,5150,INR,,ESA-DGM-LDG0812.jpeg
ESA-DGM-LDG9090,Artificial Marble Ledge 900 x 900,Shower Enclosures,Artificial Ledges,DGM,3950,INR,,ESA-DGM-LDG0812.jpeg
ESA-DGM-LDG1010,Artificial Marble Ledge 1000 x 1000,Shower Enclosures,Artificial Ledges,DGM,3950,INR,,ESA-DGM-LDG0812.jpeg
ESA-DGM-LDG1012,Artificial Marble Ledge 1000 x 1200,Shower Enclosures,Artificial Ledges,DGM,5300,INR,,ESA-DGM-LDG0812.jpeg
ESA-DGM-LDG1212,Artificial Marble Ledge 1200 x 1200,Shower Enclosures,Artificial Ledges,DGM,5300,INR,,ESA-DGM-LDG0812.jpeg
ESA-GBL-LDG0812,Artificial Marble Ledge 801-1200,Shower Enclosures,Artificial Ledges,GBL,3400,INR,,ESA-GBL-LDG0812.jpeg
ESA-GBL-LDG1216,Artificial Marble Ledge 1201-1600,Shower Enclosures,Artificial Ledges,GBL,3400,INR,,ESA-GBL-LDG0812.jpeg
ESA-GBL-LDG1620,Artificial Marble Ledge 1601-2000,Shower Enclosures,Artificial Ledges,GBL,3400,INR,,ESA-GBL-LDG0812.jpeg
ESA-GBL-LDG2024,Artificial Marble Ledge 2001-2400,Shower Enclosures,Artificial Ledges,GBL,4050,INR,,ESA-GBL-LDG0812.jpeg
ESA-GBL-LDG9090,Artificial Marble Ledge 900 x 900,Shower Enclosures,Artificial Ledges,GBL,3550,INR,,ESA-GBL-LDG0812.jpeg
ESA-GBL-LDG1010,Artificial Marble Ledge 1000 x 1000,Shower Enclosures,Artificial Ledges,GBL,3550,INR,,ESA-GBL-LDG0812.jpeg
ESA-GBL-LDG1012,Artificial Marble Ledge 1000 x 1200,Shower Enclosures,Artificial Ledges,GBL,4300,INR,,ESA-GBL-LDG0812.jpeg
ESA-GBL-LDG1212,Artificial Marble Ledge 1200 x 1200,Shower Enclosures,Artificial Ledges,GBL,4300,INR,,ESA-GBL-LDG0812.jpeg
ESA-GMS-LDG0812,Artificial Marble Ledge 801-1200,Shower Enclosures,Artificial Ledges,GMS,4300,INR,,ESA-GMS-LDG0812.jpeg
ESA-GMS-LDG1216,Artificial Marble Ledge 1201-1600,Shower Enclosures,Artificial Ledges,GMS,4300,INR,,ESA-GMS-LDG0812.jpeg
ESA-GMS-LDG1620,Artificial Marble Ledge 1601-2000,Shower Enclosures,Artificial Ledges,GMS,4300,INR,,ESA-GMS-LDG0812.jpeg
ESA-GMS-LDG2024,Artificial Marble Ledge 2001-2400,Shower Enclosures,Artificial Ledges,GMS,5150,INR,,ESA-GMS-LDG0812.jpeg
ESA-GMS-LDG9090,Artificial Marble Ledge 900 x 900,Shower Enclosures,Artificial Ledges,GMS,3950,INR,,ESA-GMS-LDG0812.jpeg
ESA-GMS-LDG1010,Artificial Marble Ledge 1000 x 1000,Shower Enclosures,Artificial Ledges,GMS,3950,INR,,ESA-GMS-LDG0812.jpeg
ESA-GMS-LDG1012,Artificial Marble Ledge 1000 x 1200,Shower Enclosures,Artificial Ledges,GMS,5300,INR,,ESA-GMS-LDG0812.jpeg
ESA-GMS-LDG1212,Artificial Marble Ledge 1200 x 1200,Shower Enclosures,Artificial Ledges,GMS,5300,INR,,ESA-GMS-LDG0812.jpeg
ESA-GBL-LDGD9090,Artificial Marble Ledge 900 x 900,Shower Enclosures,Artificial Ledges,GBL,3500,INR,,ESA-GBL-LDGD9090.jpeg
ESA-GBL-LDGD1010,Artificial Marble Ledge 1000 x 1000,Shower Enclosures,Artificial Ledges,GBL,3750,INR,,ESA-GBL-LDGD9090.jpeg
ESA-GBL-LDGD1212,Artificial Marble Ledge 1200 x 1200,Shower Enclosures,Artificial Ledges,GBL,4850,INR,,ESA-GBL-LDGD9090.jpeg
ESA-WHT-LDGD9090,Artificial Marble Ledge 900 x 900,Shower Enclosures,Artificial Ledges,WHT,3100,INR,,ESA-GBL-LDGD9090.jpeg
ESA-WHT-LDGD1010,Artificial Marble Ledge 1000 x 1000,Shower Enclosures,Artificial Ledges,WHT,3400,INR,,ESA-GBL-LDGD9090.jpeg
ESA-WHT-LDGD1212,Artificial Marble Ledge 1200 x 1200,Shower Enclosures,Artificial Ledges,WHT,4550,INR,,ESA-GBL-LDGD9090.jpeg
ESA-BGE-LDGD9090,Artificial Marble Ledge 900 x 900,Shower Enclosures,Artificial Ledges,BGE,4100,INR,,ESA-GBL-LDGD9090.jpeg
ESA-BGE-LDGD1010,Artificial Marble Ledge 1000 x 1000,Shower Enclosures,Artificial Ledges,BGE,4700,INR,,ESA-GBL-LDGD9090.jpeg
ESA-BGE-LDGD1212,Artificial Marble Ledge 1200 x 1200,Shower Enclosures,Artificial Ledges,BGE,5650,INR,,ESA-GBL-LDGD9090.jpeg
ESA-WHT-LDG0812,Artificial Marble Ledge 801-1200,Shower Enclosures,Artificial Ledges,WHT,3100,INR,,ESA-WHT-LDG0812.jpeg
ESA-WHT-LDG1216,Artificial Marble Ledge 1201-1600,Shower Enclosures,Artificial Ledges,WHT,3100,INR,,ESA-WHT-LDG0812.jpeg
ESA-WHT-LDG1620,Artificial Marble Ledge 1601-2000,Shower Enclosures,Artificial Ledges,WHT,3100,INR,,ESA-WHT-LDG0812.jpeg
ESA-WHT-LDG2024,Artificial Marble Ledge 2001-2400,Shower Enclosures,Artificial Ledges,WHT,3700,INR,,ESA-WHT-LDG0812.jpeg
ESA-WHT-LDG9090,Artificial Marble Ledge 900 x 900,Shower Enclosures,Artificial Ledges,WHT,2875,INR,,ESA-WHT-LDG0812.jpeg
ESA-WHT-LDG1010,Artificial Marble Ledge 1000 x 1000,Shower Enclosures,Artificial Ledges,WHT,2875,INR,,ESA-WHT-LDG0812.jpeg
ESA-WHT-LDG1012,Artificial Marble Ledge 1000 x 1200,Shower Enclosures,Artificial Ledges,WHT,3850,INR,,ESA-WHT-LDG0812.jpeg
ESA-WHT-LDG1212,Artificial Marble Ledge 1200 x 1200,Shower Enclosures,Artificial Ledges,WHT,3850,INR,,ESA-WHT-LDG0812.jpeg
JCS-WHT-2400P,,Flushing Systems,Cisterns,WHT,5200,INR,,JCS-WHT-2400S.jpeg
JCS-WHT-2400,,Flushing Systems,Cisterns,WHT,4550,INR,,JCS-WHT-2400.jpeg
JCS-WHT-2400WP,,Flushing Systems,Cisterns,WHT,7450,INR,,JCS-WHT-2400S.jpeg
JCS-WHT-2431P,,Flushing Systems,Cisterns,WHT,5350,INR,,JCS-WHT-2431P.jpeg
JCS-WHT-2431FS,,Flushing Systems,Cisterns,WHT,10600,INR,,JCS-WHT-2431P.jpeg
JCS-WHT-2400FP,,Flushing Systems,Cisterns,WHT,9900,INR,,JCS-WHT-2400FS.jpeg
JCS-WHT-2431S,,Flushing Systems,Cisterns,WHT,5900,INR,,JCS-WHT-2400FS.jpeg
JCS-WHT-2431FP,,Flushing Systems,Cisterns,WHT,10050,INR,,JCS-WHT-2431FP.jpeg
JCS-WHT-2431,,Flushing Systems,Cisterns,WHT,4700,INR,,JCS-WHT-2431FP.jpeg
HDR-SSF-AK2807,,Washroom Accessories,Washroom Accessories,SSF,11200,INR,,HDR-SSF-AK2807.jpeg
HDR-SSF-AK2803D,,Washroom Accessories,Washroom Accessories,SSF,11200,INR,,HDR-SSF-AK2807.jpeg
SDR-WHT-DJ0010FN,,Washroom Accessories,Washroom Accessories,WHT,1375,INR,,HDR-SSF-AK2807.jpeg
WAC-SAP-BR0600CSN,Grab Bar 680 mm Long,Washroom Accessories,Washroom Accessories,SAP,2950,INR,,WAC-SAP-BR0600CSN.jpeg
WAC-SAP-BG0800CSN,Grab Bar Vertical Swing,Washroom Accessories,Washroom Accessories,SAP,9250,INR,,WAC-SAP-BG0800CSN.jpeg
WAC-WHT-BR0600N,Grab Bar 680 mm Long,Washroom Accessories,Accessories for Specially Abled,WHT,1750,INR,,WAC-WHT-BR0600N.jpeg
WAC-BLM-BR0600N,Grab Bar 680 mm Long,Washroom Accessories,Accessories for Specially Abled,BLM,1750,INR,,WAC-WHT-BR0600N.jpeg
WAC-WHT-BG0800N,Grab Bar Vertical Swing,Washroom Accessories,Accessories for Specially Abled,WHT,4900,INR,,WAC-WHT-BG0800N.jpeg
WAC-BLM-BG0800N,Grab Bar Vertical Swing,Washroom Accessories,Accessories for Specially Abled,BLM,4900,INR,,WAC-WHT-BG0800N.jpeg
