supplier,category,collection,code,item_name,finish,price,currency,page,confidence,review_notes
Yale,Smart Door Locks,Luna Pro+ Facial,LUNA-PRO-FACIAL,Luna Pro+ Facial,Matte black with champagne gold trimming,131099,INR,5,LOW,No alphanumeric product code printed; code derived from product name.
Yale,Smart Door Locks,Luna Pro,LUNA-PRO,Luna Pro,Matte black with champagne gold trimming,97199,INR,5,LOW,No alphanumeric product code printed; code derived from product name.
Yale,Smart Door Locks,Yale Zuri,Yzuri/BL,Yale Zuri,Black,29999,INR,5,HIGH,
Yale,Smart Door Locks,Yale Zuri,Yzuri/BL/BD,Yale Zuri (Wifi Bridge Bundle),Black,39999,INR,5,HIGH,
Yale,Smart Door Locks,Yale Zuri,Yzuri/AB,Yale Zuri,Antique Bronze,30999,INR,5,HIGH,
Yale,Smart Door Locks,Yale Zuri,Yzuri/AB/BD,Yale Zuri (Wifi Bridge Bundle),Antique Bronze,40499,INR,5,HIGH,
Yale,Smart Door Locks,Yale Zuri S,YzuriS/BL,Yale Zuri S,Black,21399,INR,5,HIGH,
Yale,Smart Door Locks,Yale Zuri S,YzuriS/BL/BD,Yale Zuri S (Wifi Bridge Bundle),Black,30899,INR,5,HIGH,
Yale,Smart Door Locks,Yale Zuri S,YzuriS/AB,Yale Zuri S,Antique Bronze,22499,INR,5,HIGH,
Yale,Smart Door Locks,Yale Zuri S,YzuriS/AB/BD,Yale Zuri S (Wifi Bridge Bundle),Antique Bronze,31999,INR,5,HIGH,
Yale,Smart Door Locks,YMI70A-YH,YMI70A-YH,YMI70A-YH,Matt Black/Red Bronze/Champagne Gold,89299,INR,6,HIGH,Single MRP; finish is a cosmetic choice (does not change price).
Yale,Smart Door Locks,Kyra Pro,KYRA-PRO,Kyra Pro,Matt Black/Gold,66199,INR,6,LOW,No alphanumeric product code printed; code derived from product name. Cosmetic finish choice.
Yale,Smart Door Locks,YDM7116A-YH,YDM7116A-YH,YDM7116A-YH,Matt Black/Red Bronze/Champagne Gold,79999,INR,6,HIGH,Single MRP; finish is a cosmetic choice.
Yale,Smart Door Locks,ByYou V Pro,BYYOU-V-PRO,ByYou V Pro,Matt Black/Gold,52499,INR,6,LOW,No alphanumeric product code printed; code derived from product name. Cosmetic finish choice.
Yale,Smart Door Locks,ByYou Mortise,BYYOU-MORTISE,ByYou Mortise,Matt Black/Gold,53599,INR,6,LOW,No alphanumeric product code printed; code derived from product name. Cosmetic finish choice.
Yale,Smart Door Locks,YDM4109A RL,YDM4109A RL,YDM4109A RL,Black/Gold,59999,INR,6,HIGH,Single MRP; finish is a cosmetic choice.
Yale,Smart Door Locks,YDM4109 A,YDM4109 A,YDM4109 A,Black,57699,INR,6,LOW,Two price bubbles shown (Black/Gold); price-to-finish mapping inferred from bubble colour in source PDF.
Yale,Smart Door Locks,YDM4109 A,YDM4109 A,YDM4109 A,Gold,60399,INR,6,LOW,Two price bubbles shown (Black/Gold); price-to-finish mapping inferred from bubble colour in source PDF.
Yale,Smart Door Locks,YDM 4115A,YDM 4115A,YDM 4115A,Brown,47999,INR,6,HIGH,
Yale,Smart Door Locks,YDM 3115A,YDM 3115A,YDM 3115A,Matt Black,38199,INR,7,HIGH,
Yale,Smart Door Locks,YDM 3115A,YDM 3115A,YDM 3115A,Silver,34599,INR,7,HIGH,
Yale,Smart Door Locks,YDR 50GA,YDR 50GA,YDR 50GA,Black,55999,INR,7,HIGH,
Yale,Smart Door Locks,YDR 414A,YDR 414A,YDR 414A,Black,45999,INR,7,HIGH,
Yale,Smart Door Locks,YDR 41A,YDR 41A,YDR 41A,Black,43999,INR,7,HIGH,
Yale,Smart Door Locks,YDD 724A,YDD 724A,YDD 724A,Black,52999,INR,7,HIGH,
Yale,Smart Door Locks,YDG 413A GL,YDG 413A GL,YDG 413A GL,Silver,43999,INR,7,HIGH,
Yale,Smart Door Locks,YDG 413A GL,YDG-RESPECTABLE-ACCESSORY,"Glass to Glass Respectable (accessory for YDG 413A GL, sold separately)",Standard,4999,INR,7,HIGH,
Yale,Smart Door Locks,Smart Code Handle,SMART-CODE-HANDLE,Smart Code Handle (For PVC Door & Window),Satin Chrome,17899,INR,7,LOW,No alphanumeric product code printed; code derived from product name.
Yale,Smart Door Locks,YDL325 Series,YDL325 S,YDL325 Series,Black,14999,INR,7,LOW,Single MRP printed for both YDL325 S and YDL325 C codes; not distinguished in source.
Yale,Smart Door Locks,YDL325 Series,YDL325 C,YDL325 Series,Black,14999,INR,7,LOW,Single MRP printed for both YDL325 S and YDL325 C codes; not distinguished in source.
Yale,Digital Door Lock,YDME 200NxT,YDME 200NxT,YDME 200NxT,Gold & Black,29999,INR,8,HIGH,
Yale,Digital Door Lock,YDME 100NxT,YDME 100NxT,YDME 100NxT,Brown,27999,INR,8,LOW,Two price bubbles shown (Black/Brown); price-to-finish mapping inferred from bubble colour in source PDF.
Yale,Digital Door Lock,YDME 100NxT,YDME 100NxT,YDME 100NxT,Black,26499,INR,8,LOW,Two price bubbles shown (Black/Brown); price-to-finish mapping inferred from bubble colour in source PDF.
Yale,Digital Door Lock,YDME 50NxT,YDME 50NxT,YDME 50NxT,Brown,19999,INR,8,LOW,Two price bubbles shown (Black/Brown); price-to-finish mapping inferred from bubble colour in source PDF.
Yale,Digital Door Lock,YDME 50NxT,YDME 50NxT,YDME 50NxT,Black,18999,INR,8,LOW,Two price bubbles shown (Black/Brown); price-to-finish mapping inferred from bubble colour in source PDF.
Yale,Digital Door Lock,YDME 50Pro,YDME 50Pro,YDME 50Pro,Black,15499,INR,8,HIGH,
Yale,Digital Door Lock,YDAL Lock,YDAL-LOCK-OPENABLE,YDAL Lock (For Openable Aluminum Profile Doors),Black/Silver,23099,INR,8,LOW,Catalog prints the same name 'YDAL Lock' for both openable and sliding variants; code suffixed here to disambiguate.
Yale,Digital Door Lock,YDAL Lock,YDAL-LOCK-SLIDING,YDAL Lock (For Sliding Aluminum Profile Doors),Black/Silver,23099,INR,8,LOW,Catalog prints the same name 'YDAL Lock' for both openable and sliding variants; code suffixed here to disambiguate.
Yale,Digital Door Lock,REFLECTA Lock,YREFB,REFLECTA Lock (REFLECTA Biometric),Silver,10499,INR,8,HIGH,
Yale,Digital Door Lock,Tye,TYE,Tye,Black/Silver,14999,INR,8,LOW,No alphanumeric product code printed; code derived from product name.
Yale,Digital Wardrobe Locks,Premium Biometric Furniture Lock - Openable,YLDRPC-BL,Premium Biometric Furniture Lock - Openable,Black,4499,INR,9,HIGH,
Yale,Digital Wardrobe Locks,Premium Biometric Furniture Lock - Openable,YLDRPC-RG,Premium Biometric Furniture Lock - Openable,Rose Gold,4499,INR,9,HIGH,
Yale,Digital Wardrobe Locks,Premium Furniture Lock - Sliding,YLDRPSL-BL,Premium Furniture Lock - Sliding,Black,4699,INR,9,HIGH,
Yale,Digital Wardrobe Locks,Premium Furniture Lock - Sliding,YLDRPSL-RG,Premium Furniture Lock - Sliding,Rose Gold,4699,INR,9,HIGH,
Yale,Digital Wardrobe Locks,Premium Furniture Lock,YLDRPB-BL,Premium Furniture Lock,Black,3999,INR,9,HIGH,
Yale,Digital Wardrobe Locks,Premium Furniture Lock,YLDRPB-BR,Premium Furniture Lock,Brown,4199,INR,9,HIGH,
Yale,Digital Wardrobe Locks,Premium Furniture Lock,YLDRPB-IV,Premium Furniture Lock,Ivory,4199,INR,9,HIGH,
Yale,Digital Wardrobe Locks,Wardrobe and Cabinet Lock,MESH-PIN-OPENABLE,Mesh Pin Digital Lock for Wardrobes and Cabinets - Openable,Standard,3000,INR,9,LOW,"Printed 'Product Codes' cell literally reads 'Mesh Pin Openable' (a function label, not an alphanumeric code)."
Yale,Digital Wardrobe Locks,Automatic Pincode Wardrobe/Drawer Lock,ML81PAH-U,Automatic Pincode Wardrobe/Drawer Lock - Horizontal,Standard,7699,INR,9,HIGH,
Yale,Digital Wardrobe Locks,Automatic Pincode Wardrobe/Drawer Lock,ML81PAV-U,Automatic Pincode Wardrobe/Drawer Lock - Vertical,Standard,7699,INR,9,HIGH,
Yale,Digital Wardrobe Locks,Fingerprint Wardrobe Lock - Mounted,FP-OP-F-B-02,"Fingerprint Wardrobe Lock - Mounted, Openable Door",Standard,8699,INR,9,HIGH,
Yale,Digital Wardrobe Locks,Fingerprint Wardrobe Lock - Mounted,FP-SL-F-B-02,"Fingerprint Wardrobe Lock - Mounted, Sliding Door",Standard,9399,INR,9,HIGH,
Yale,Digital Wardrobe Locks,Fingerprint Wardrobe Lock - Handle,FP-OP-H-B-01,"Fingerprint Wardrobe Lock - Handle, Openable Door",Standard,9399,INR,9,HIGH,
Yale,Digital Wardrobe Locks,Fingerprint Wardrobe Lock - Handle,FP-SL-H-B-01,"Fingerprint Wardrobe Lock - Handle, Sliding Door",Standard,9399,INR,9,HIGH,
Yale,Smart Lock Accessories,Smart Lock Accessories,YRM 20N,YRM 20N Receiver Module (pairs lock with remote control & VDP),Standard,7699,INR,10,HIGH,
Yale,Smart Lock Accessories,Smart Lock Accessories,YRM 20 AMC,YRM20 AMC - Transmitter Module for Video Door Phone,Standard,8799,INR,10,HIGH,
Yale,Smart Lock Accessories,Smart Lock Accessories,YALE-HOME-BLUETOOTH-MODULE,Yale Home Bluetooth Module,Standard,5499,INR,10,LOW,No alphanumeric product code printed; code derived from product name.
Yale,Smart Lock Accessories,Smart Lock Accessories,RC 100,RC 100 - Optional remote control for unlocking front door,Standard,7799,INR,10,HIGH,
Yale,Smart Lock Accessories,Smart Lock Accessories,YRC 300,YRC 300 - Remote control to lock/unlock digital lock from inside,Standard,5299,INR,10,HIGH,
Yale,Smart Lock Accessories,Smart Lock Accessories,YALE-CONNECT-WIFI-BRIDGE,Yale Connect Wi-Fi Bridge,Standard,8799,INR,10,LOW,No alphanumeric product code printed; code derived from product name.
Yale,Smart Lock Accessories,Smart Lock Accessories,YALE-MULTI-BRIDGE-4-1,Yale Multi Bridge 4:1 (Yale ConnectX 4:1) - connects up to 4 devices,Standard,9499,INR,10,LOW,No alphanumeric product code printed; code derived from product name.
Yale,Smart Video Doorbell,Smart Video Doorbell,SMART-VIDEO-DOORBELL,Smart Video Doorbell,Standard,18999,INR,10,LOW,No alphanumeric product code printed; code derived from product name.
Yale,Smart Video Doorbell,Smart Video Doorbell,VIDEO-DOORBELL-CHIME,Video Doorbell Chime,Standard,3599,INR,10,LOW,No alphanumeric product code printed; code derived from product name.
Yale,Smart Surveillance Camera,Smart Indoor Camera,SMART-INDOOR-CAMERA,Smart Indoor Camera,Standard,5999,INR,11,LOW,No alphanumeric product code printed; code derived from product name.
Yale,Smart Surveillance Camera,Smart Outdoor Camera,SMART-OUTDOOR-CAMERA,Smart Outdoor Camera,Standard,11999,INR,11,LOW,No alphanumeric product code printed; code derived from product name.
Yale,Video Door Phone,JB-305 Essential VDP,JB-305 M,Essential Complete Kit with Memory,Standard,14999,INR,11,HIGH,
Yale,Video Door Phone,JB-305 Essential VDP,JB-305 E,Essential Complete Kit,Standard,13999,INR,11,HIGH,
Yale,Video Door Phone,JB-305 Essential VDP,JB-305 E Indoor,"Indoor Unit, Grey (for JB-305 E)",Grey,7699,INR,11,HIGH,
Yale,Video Door Phone,JB-305 Essential VDP,JB-305 M Indoor,Indoor Unit for JB-305 M Essential VDP,Grey,8799,INR,11,HIGH,
Yale,Video Door Phone,JB-305 Essential VDP,JB-305-E Outdoor,"Outdoor Unit, Grey (for JB-305 E)",Grey,6499,INR,11,HIGH,
Yale,Video Door Phone,JB-305 Essential VDP,SOLAR-PANEL-CHARGER,Solar Panel Charger,Standard,2999,INR,11,LOW,No alphanumeric product code printed; code derived from product name.
Yale,Video Door Phone,JB-305 Essential VDP,AC-POWER-ADAPTER,AC Power Adapter,Standard,1999,INR,11,LOW,No alphanumeric product code printed; code derived from product name.
Yale,Smart Safe,Smart Safe,YSS/250/EB1,"Smart Safe 250x350x300mm, 20.5 Ltr",Black,36499,INR,12,HIGH,
Yale,Smart Safe,Smart Security Box,YSSB-BL,Smart Security Box 270x60x380mm,Black,22699,INR,12,HIGH,
Yale,Digital Safes,Alarmed Digital Safe,YEC/200/DB3,Alarmed Digital Safe - Small Safe,Black,7499,INR,12,HIGH,
Yale,Digital Safes,Alarmed Digital Safe,YEC/250/DB3,Alarmed Digital Safe - Medium Safe,Black,8999,INR,12,HIGH,
Yale,Digital Safes,Alarmed Digital Safe,YEC/390/DB3,Alarmed Digital Safe - Large Safe,Black,15499,INR,12,HIGH,
Yale,Digital Safes,Alarmed Digital Safe,YLC/200/DB3,Alarmed Digital Safe - Laptop Safe,Black,11999,INR,12,HIGH,
Yale,Digital Safes,Fire Rated Biometric Safes,YFF/420/FG2,Fire Rated Biometric Safe - Firesafe (125TFL),Grey,78599,INR,13,HIGH,
Yale,Digital Safes,Fire Rated Biometric Safes,YFF/520/FG2,Fire Rated Biometric Safe - Firesafe (530TFL),Grey,84699,INR,13,HIGH,
Yale,Digital Safes,Fire Rated Digital Safes,YFM/420/FG2,Fire Rated Digital Safe - 60 Minutes,Grey,49599,INR,13,HIGH,
Yale,Digital Safes,Fire Rated Digital Safes,YFM/520/FG2,Fire Rated Digital Safe - 60 Minutes,Grey,56699,INR,13,HIGH,
Yale,Digital Safes,Fire Rated Digital Safes,YFM/695/FG2,Fire Rated Digital Safe - 90 Minutes,Grey,98999,INR,13,HIGH,
Yale,Digital Safes,High Security Biometric Safes,YSFB/200/EB1,High Security Biometric Safe - Compact Safe,Black,23199,INR,13,HIGH,
Yale,Digital Safes,High Security Biometric Safes,YSFB/250/EB1,High Security Biometric Safe - Home Safe,Black,31599,INR,13,HIGH,
Yale,Digital Safes,High Security Biometric Safes,YSFB/400/EB1,High Security Biometric Safe - Office Safe,Black,40799,INR,13,HIGH,
Yale,Digital Safes,High Security Biometric Safes,YLFB/200/EB1,High Security Biometric Safe - Laptop Safe,Black,31599,INR,13,HIGH,
Yale,Digital Safes,High Security Digital Safes,YSEB/200/EB1,High Security Digital Safe - Compact Safe,Black,21499,INR,13,HIGH,
Yale,Digital Safes,High Security Digital Safes,YSEB/250/EB1,High Security Digital Safe - Home Safe,Black,28299,INR,13,HIGH,
Yale,Digital Safes,High Security Digital Safes,YSEB/400/EB1,High Security Digital Safe - Office Safe,Black,32799,INR,13,HIGH,
Yale,Digital Safes,High Security Digital Safes,YSEB/520/EB1,High Security Digital Safe - Professional Safe,Black,41799,INR,13,HIGH,
Yale,Digital Safes,High Security Digital Safes,YLEB/200/EB1,High Security Digital Safe - Laptop Safe,Black,28299,INR,13,HIGH,
Yale,Digital Safes,Maximum Security Biometric Safe,YSFM/250/EG1,Maximum Security Biometric Safe - Home Safe,Black,34999,INR,13,HIGH,
Yale,Digital Safes,Maximum Security Biometric Safe,YSFM/400/EG1,Maximum Security Biometric Safe - Office Safe,Black,47399,INR,13,HIGH,
Yale,Digital Safes,Maximum Security Biometric Safe,YSFM/520/EG1,Maximum Security Biometric Safe - Professional Safe,Black,55099,INR,13,HIGH,
Yale,Digital Safes,Maximum Security Biometric Safe,YLFM/200/EG1,Maximum Security Biometric Safe - Laptop Safe,Black,36099,INR,13,HIGH,
Yale,Digital Safes,Maximum Security Digital Safe,YSEM/250/EG1,Maximum Security Digital Safe - Home Safe,Black,31599,INR,13,HIGH,
Yale,Digital Safes,Maximum Security Digital Safe,YSEM/400/EG1,Maximum Security Digital Safe - Office Safe,Black,43899,INR,13,HIGH,
Yale,Digital Safes,Maximum Security Digital Safe,YSEM/520/EG1,Maximum Security Digital Safe - Professional Safe,Black,50999,INR,13,HIGH,
Yale,Digital Safes,Maximum Security Digital Safe,YLEM/200/EG1,Maximum Security Digital Safe - Laptop Safe,Black,32799,INR,13,HIGH,
Yale,Digital Safes,Heavy Duty Safe - Classic Biometric Series,YSELC/330/B1,Heavy Duty Safe - Classic Biometric Series,Black,51499,INR,14,HIGH,
Yale,Digital Safes,Heavy Duty Safe - Classic Biometric Series,YSELC/450/B1-W1,Heavy Duty Safe - Classic Biometric Series,Black/White,74199,INR,14,HIGH,
Yale,Digital Safes,Heavy Duty Safe - Classic Biometric Series,YSELC/580/B1-W1,Heavy Duty Safe - Classic Biometric Series,Black/White,92699,INR,14,HIGH,
Yale,Digital Safes,Heavy Duty Safe - Classic Biometric Series,YSELC/680/B1-W1,Heavy Duty Safe - Classic Biometric Series,Black/White,125699,INR,14,HIGH,
Yale,Digital Safes,Heavy Duty Safe - Classic Biometric Series,YSELC/900/B1-W1,Heavy Duty Safe - Classic Biometric Series,Black/White,154499,INR,14,HIGH,
Yale,Digital Safes,Heavy Duty Safe - Classic Biometric Series,YSELC/1100/B1-W1,Heavy Duty Safe - Classic Biometric Series,Black/White,205999,INR,14,HIGH,
Yale,Digital Safes,Heavy Duty Safe - Classic Biometric Series,YSELC/1500/B1-W1,Heavy Duty Safe - Classic Biometric Series,Black/White,262699,INR,14,HIGH,
Yale,Smart Safe,Smart Safe,YSS/580/W1,Smart Safe - Large Safe,White,60999,INR,14,HIGH,
Yale,Digital Safes,Stellar Biometric Safes,Stellar 250/DB2,Stellar Biometric Safe,Black,15999,INR,14,HIGH,
Yale,Digital Safes,Stellar Biometric Safes,Stellar 300/DB2,Stellar Biometric Safe,Black,18899,INR,14,HIGH,
Yale,Digital Safes,Stellar Biometric Safes,Stellar 390/DB2,Stellar Biometric Safe,Black,21199,INR,14,HIGH,
Yale,Digital Safes,Stellar Biometric Safes,Stellar 500/DB2,Stellar Biometric Safe,Black,28399,INR,14,HIGH,
Yale,Digital Safes,Stellar Biometric Safes,Stellar 250/GR,Stellar Biometric Safe,Grey,16799,INR,14,HIGH,
Yale,Digital Safes,Stellar Biometric Safes,Stellar 300/GR,Stellar Biometric Safe,Grey,19899,INR,14,HIGH,
Yale,Digital Safes,Stellar Biometric Safes,Stellar 390/GR,Stellar Biometric Safe,Grey,22299,INR,14,HIGH,
Yale,Digital Safes,Stellar Biometric Safes,Stellar 500/GR,Stellar Biometric Safe,Grey,29899,INR,14,HIGH,
Yale,Digital Safes,Cosmos Safe,YSPC/200,Cosmos Safe,Grey,10799,INR,14,HIGH,
Yale,Digital Safes,Cosmos Safe,YSPC/250,Cosmos Safe,Grey,12499,INR,14,HIGH,
Yale,Digital Safes,Cosmos Safe,YSPC/390,Cosmos Safe,Grey,17399,INR,14,HIGH,
Yale,Digital Safes,Cosmos Safe,YLPC/200,Cosmos Safe - Laptop Safe,Grey,14599,INR,14,HIGH,
Yale,Digital Safes,Guest Safe,YSG/250/DB1,Guest Safe,Black,13099,INR,14,HIGH,
Yale,Digital Safes,Guest Safe,YLG/200/DB1,Guest Safe - Laptop Safe,Black,15299,INR,14,HIGH,
Yale,Door Control Devices,Surface Mounted Door Closer,DCR 502-IS,"Surface Mounted Door Closer, Size 2, Door Width 750-850mm, Weight 45Kgs, Standard Arm",Silver,1940,INR,16,HIGH,
Yale,Door Control Devices,Surface Mounted Door Closer,DCR 503-90,"Surface Mounted Door Closer, Size 3, Door Width 850-950mm, Weight 60Kgs, Standard Arm",Silver,2180,INR,16,HIGH,
Yale,Door Control Devices,Surface Mounted Door Closer,DCR 504-90,"Surface Mounted Door Closer, Size 4, Door Width 950-1100mm, Weight 80Kgs, Standard Arm",Silver,2390,INR,16,HIGH,
Yale,Door Control Devices,Surface Mounted Door Closer,YDC-2022 HO,"Surface Mounted Door Closer, Size 2/3/4, Door Width 750-1100mm, Weight 80Kgs, Hold Open Arm",Silver,5360,INR,16,HIGH,
Yale,Door Control Devices,Surface Mounted Door Closer,DCR 3003 SH-90,"Yale Surface Mounted Door Closer with Slide Arm, Size 3, Door Width 850-950mm, Weight 65Kgs, Hold Open Arm",Silver,5660,INR,16,HIGH,
Yale,Door Control Devices,Yale 300,30-0300-0001-00-60-11,"Yale 300 - 300 Series Rack and Pinion Closer, Standard Arm, Size 2/3/4, Door Width 750-1100mm, Weight 80Kgs",Silver,3200,INR,16,HIGH,
Yale,Door Control Devices,Yale 300,30-0300-0004-00-60-11,"Yale 300 - 300 Series Rack and Pinion Closer, Hold Open Arm, Size 2/3/4, Door Width 750-1100mm, Weight 80Kgs",Silver,4180,INR,16,HIGH,
Yale,Door Control Devices,Yale 300,30-0300-0001-00-55-11,"Yale 300 - 300 Series Rack and Pinion Closer, Standard Arm, Size 2/3/4, Door Width 750-1100mm, Weight 80Kgs",Black,3200,INR,16,HIGH,
Yale,Door Control Devices,Yale 300,30-0300-0004-00-55-11,"Yale 300 - 300 Series Rack and Pinion Closer, Hold Open Arm, Size 2/3/4, Door Width 750-1100mm, Weight 80Kgs",Black,4180,INR,16,HIGH,
Yale,Door Control Devices,Concealed Door Closer,DCR-6003 H,"Concealed Mounted Door Closer, Rack and Pinion Size 3, Door Width 850-950mm, Weight 65Kgs, Hold Open Device",Silver,5660,INR,16,HIGH,
Yale,Door Control Devices,Yale 8324U,30-8324-0004-60-11,"Yale 8324U - CAM action concealed door closer size 2-4 with HO device, Door Width 750-1100mm, Weight upto 100Kgs",Silver,22060,INR,16,HIGH,
Yale,Door Control Devices,Yale 8324U,30-8324-0004-55-11,"Yale 8324U - CAM action concealed door closer size 2-4 with HO device, Door Width 750-1100mm, Weight upto 100Kgs",Black,22060,INR,16,HIGH,
Yale,Lever Handle,YPBL Series,YPBL-804-SS,YPBL-804 - Solid Brass Lever Handle with Rose/Escutcheon,Satin Steel,7840,INR,17,HIGH,
Yale,Lever Handle,YPBL Series,YPBL-804-AB,YPBL-804 - Solid Brass Lever Handle with Rose/Escutcheon,Antique Brass,8000,INR,17,HIGH,
Yale,Lever Handle,YPBL Series,YPBL-808-SS,YPBL-808 - Solid Brass Lever Handle with Rose/Escutcheon,Satin Steel,7100,INR,17,HIGH,
Yale,Lever Handle,YPBL Series,YPBL-808-AB,YPBL-808 - Solid Brass Lever Handle with Rose/Escutcheon,Antique Brass,7220,INR,17,HIGH,
Yale,Lever Handle,YPBL Series,YPBL-801-SS,YPBL-801 - Solid Brass Lever Handle with Rose/Escutcheon,Satin Steel,7560,INR,17,HIGH,
Yale,Lever Handle,YPBL Series,YPBL-801-AB,YPBL-801 - Solid Brass Lever Handle with Rose/Escutcheon,Antique Brass,7740,INR,17,HIGH,
Yale,Lever Handle,YPBL Series,YPBL-809-SS,YPBL-809 - Solid Brass Lever Handle with Rose/Escutcheon,Satin Steel,6900,INR,17,HIGH,
Yale,Lever Handle,YPBL Series,YPBL-809-AB,YPBL-809 - Solid Brass Lever Handle with Rose/Escutcheon,Antique Brass,7060,INR,17,HIGH,
Yale,Lever Handle,YPBL Series,YPBL-802-SS,YPBL-802 - Solid Brass Lever Handle with Rose/Escutcheon,Satin Steel,7160,INR,17,HIGH,
Yale,Lever Handle,YPBL Series,YPBL-802-AB,YPBL-802 - Solid Brass Lever Handle with Rose/Escutcheon,Antique Brass,7320,INR,17,HIGH,
Yale,Lever Handle,YPBL Series,YPBL-810-SS,YPBL-810 - Solid Brass Lever Handle with Rose/Escutcheon,Satin Steel,7320,INR,17,HIGH,
Yale,Lever Handle,YPBL Series,YPBL-810-AB,YPBL-810 - Solid Brass Lever Handle with Rose/Escutcheon,Antique Brass,7480,INR,17,HIGH,
Yale,Lever Handle,YPVL Series,YPVL-901-BM,YPVL-901 - Premium PVD Brass Lever Handle with Rose/Escutcheon,Black Matt,8620,INR,18,HIGH,
Yale,Lever Handle,YPVL Series,YPVL-901-RG,YPVL-901 - Premium PVD Brass Lever Handle with Rose/Escutcheon,Rose Gold,8680,INR,18,HIGH,
Yale,Lever Handle,YPVL Series,YPVL-910-BM,YPVL-910 - Premium PVD Brass Lever Handle with Rose/Escutcheon,Black Matt,8840,INR,18,HIGH,
Yale,Lever Handle,YPVL Series,YPVL-910-RG,YPVL-910 - Premium PVD Brass Lever Handle with Rose/Escutcheon,Rose Gold,8940,INR,18,HIGH,
Yale,Lever Handle,YPVL Series,YPVL-902-BM,YPVL-902 - Premium PVD Brass Lever Handle with Rose/Escutcheon,Black Matt,8020,INR,18,HIGH,
Yale,Lever Handle,YPVL Series,YPVL-902-RG,YPVL-902 - Premium PVD Brass Lever Handle with Rose/Escutcheon,Rose Gold,8100,INR,18,HIGH,
Yale,Lever Handle,YPVL Series,YPVL-904-BM,YPVL-904 - Premium PVD Brass Lever Handle with Rose/Escutcheon,Black Matt,8840,INR,18,HIGH,
Yale,Lever Handle,YPVL Series,YPVL-904-RG,YPVL-904 - Premium PVD Brass Lever Handle with Rose/Escutcheon,Rose Gold,8900,INR,18,HIGH,
Yale,Lever Handle,YPVL Series,YPVL-909-BM,YPVL-909 - Premium PVD Brass Lever Handle with Rose/Escutcheon,Black Matt,8280,INR,18,HIGH,
Yale,Lever Handle,YPVL Series,YPVL-909-RG,YPVL-909 - Premium PVD Brass Lever Handle with Rose/Escutcheon,Rose Gold,8280,INR,18,HIGH,
Yale,Lever Handle,YTL Series,YTL-010,YTL-010 - Lever Handle with Escutcheon (SSS),Satin Steel,2800,INR,18,HIGH,
Yale,Lever Handle,YTL Series,YTL-050,YTL-050 - Lever Handle with Escutcheon (SSS),Satin Steel,3860,INR,18,HIGH,
Yale,Lever Handle,YTL Series,YTL-060,YTL-060 - Lever Handle with Escutcheon (SSS),Satin Steel,2800,INR,18,HIGH,
Yale,Lever Handle,YMSL Series,YMSL-1001-SS,YMSL-1001 - Marvel Series Premium Handle with Rose/Escutcheons,Satin Steel,5360,INR,19,HIGH,
Yale,Lever Handle,YMSL Series,YMSL-1001-AB,YMSL-1001 - Marvel Series Premium Handle with Rose/Escutcheons,Antique Brass,5840,INR,19,HIGH,
Yale,Lever Handle,YMSL Series,YMSL-1001-BM,YMSL-1001 - Marvel Series Premium Handle with Rose/Escutcheons,Black Matt,6960,INR,19,HIGH,
Yale,Lever Handle,YMSL Series,YMSL-1001-RG,YMSL-1001 - Marvel Series Premium Handle with Rose/Escutcheons,Rose Gold,6960,INR,19,HIGH,
Yale,Lever Handle,YMSL Series,YMSL-1005-SS,YMSL-1005 - Marvel Series Premium Handle with Rose/Escutcheons,Satin Steel,5840,INR,19,HIGH,
Yale,Lever Handle,YMSL Series,YMSL-1005-AB,YMSL-1005 - Marvel Series Premium Handle with Rose/Escutcheons,Antique Brass,5980,INR,19,HIGH,
Yale,Lever Handle,YMSL Series,YMSL-1005-BM,YMSL-1005 - Marvel Series Premium Handle with Rose/Escutcheons,Black Matt,7420,INR,19,HIGH,
Yale,Lever Handle,YMSL Series,YMSL-1005-RG,YMSL-1005 - Marvel Series Premium Handle with Rose/Escutcheons,Rose Gold,7580,INR,19,HIGH,
Yale,Lever Handle,YMSL Series,YMSL-1002-SS,YMSL-1002 - Marvel Series Premium Handle with Rose/Escutcheons,Satin Steel,5840,INR,19,HIGH,
Yale,Lever Handle,YMSL Series,YMSL-1002-AB,YMSL-1002 - Marvel Series Premium Handle with Rose/Escutcheons,Antique Brass,5680,INR,19,HIGH,
Yale,Lever Handle,YMSL Series,YMSL-1002-BM,YMSL-1002 - Marvel Series Premium Handle with Rose/Escutcheons,Black Matt,6960,INR,19,HIGH,
Yale,Lever Handle,YMSL Series,YMSL-1002-RG,YMSL-1002 - Marvel Series Premium Handle with Rose/Escutcheons,Rose Gold,6960,INR,19,HIGH,
Yale,Lever Handle,YMSL Series,YMSL-1004-SS,YMSL-1004 - Marvel Series Premium Handle with Rose/Escutcheons,Satin Steel,5680,INR,19,HIGH,
Yale,Lever Handle,YMSL Series,YMSL-1004-AB,YMSL-1004 - Marvel Series Premium Handle with Rose/Escutcheons,Antique Brass,5840,INR,19,HIGH,
Yale,Lever Handle,YMSL Series,YMSL-1004-BM,YMSL-1004 - Marvel Series Premium Handle with Rose/Escutcheons,Black Matt,7420,INR,19,HIGH,
Yale,Lever Handle,YMSL Series,YMSL-1004-RG,YMSL-1004 - Marvel Series Premium Handle with Rose/Escutcheons,Rose Gold,7580,INR,19,HIGH,
Yale,Mortise Eternal Lever Handle,ETERNAL Series,YMEL-701-SS,YMEL-701 - Mortise Eternal Lever Handle,Satin Steel Matt,4480,INR,20,HIGH,
Yale,Mortise Eternal Lever Handle,ETERNAL Series,YMEL-701-AB,YMEL-701 - Mortise Eternal Lever Handle,Antique Brass Matt,4560,INR,20,HIGH,
Yale,Mortise Eternal Lever Handle,ETERNAL Series,YMEL-701-BM,YMEL-701 - Mortise Eternal Lever Handle,Black Matt,4780,INR,20,HIGH,
Yale,Mortise Eternal Lever Handle,ETERNAL Series,YMEL-701-RG,YMEL-701 - Mortise Eternal Lever Handle,Rose Gold Matt,4780,INR,20,HIGH,
Yale,Mortise Eternal Lever Handle,ETERNAL Series,YMEL-702-SS,YMEL-702 - Mortise Eternal Lever Handle,Satin Steel Matt,4480,INR,20,HIGH,
Yale,Mortise Eternal Lever Handle,ETERNAL Series,YMEL-702-AB,YMEL-702 - Mortise Eternal Lever Handle,Antique Brass Matt,4560,INR,20,HIGH,
Yale,Mortise Eternal Lever Handle,ETERNAL Series,YMEL-702-BM,YMEL-702 - Mortise Eternal Lever Handle,Black Matt,4780,INR,20,HIGH,
Yale,Mortise Eternal Lever Handle,ETERNAL Series,YMEL-702-RG,YMEL-702 - Mortise Eternal Lever Handle,Rose Gold Matt,4780,INR,20,HIGH,
Yale,Mortise Eternal Lever Handle,ETERNAL Series,YMEL-703-SS,YMEL-703 - Mortise Eternal Lever Handle,Satin Steel Matt,4480,INR,20,HIGH,
Yale,Mortise Eternal Lever Handle,ETERNAL Series,YMEL-703-AB,YMEL-703 - Mortise Eternal Lever Handle,Antique Brass Matt,4560,INR,20,HIGH,
Yale,Mortise Eternal Lever Handle,ETERNAL Series,YMEL-703-BM,YMEL-703 - Mortise Eternal Lever Handle,Black Matt,4780,INR,20,HIGH,
Yale,Mortise Eternal Lever Handle,ETERNAL Series,YMEL-703-RG,YMEL-703 - Mortise Eternal Lever Handle,Rose Gold Matt,4780,INR,20,HIGH,
Yale,Mortise Eternal Lever Handle,ETERNAL Series,YMEL-704-SS,YMEL-704 - Mortise Eternal Lever Handle,Satin Steel Matt,4480,INR,20,HIGH,
Yale,Mortise Eternal Lever Handle,ETERNAL Series,YMEL-704-AB,YMEL-704 - Mortise Eternal Lever Handle,Antique Brass Matt,4560,INR,20,HIGH,
Yale,Mortise Eternal Lever Handle,ETERNAL Series,YMEL-704-BM,YMEL-704 - Mortise Eternal Lever Handle,Black Matt,4780,INR,20,HIGH,
Yale,Mortise Eternal Lever Handle,ETERNAL Series,YMEL-704-RG,YMEL-704 - Mortise Eternal Lever Handle,Rose Gold Matt,4780,INR,20,HIGH,
Yale,Mortise Eternal Lever Handle,ETERNAL Series,YMEL-705-SS,YMEL-705 - Mortise Eternal Lever Handle,Satin Steel Matt,4480,INR,20,HIGH,
Yale,Mortise Eternal Lever Handle,ETERNAL Series,YMEL-705-AB,YMEL-705 - Mortise Eternal Lever Handle,Antique Brass Matt,4560,INR,20,HIGH,
Yale,Mortise Eternal Lever Handle,ETERNAL Series,YMEL-705-BM,YMEL-705 - Mortise Eternal Lever Handle,Black Matt,4780,INR,20,HIGH,
Yale,Mortise Eternal Lever Handle,ETERNAL Series,YMEL-705-RG,YMEL-705 - Mortise Eternal Lever Handle,Rose Gold Matt,4780,INR,20,HIGH,
Yale,Mortise Eternal Lever Handle,ETERNAL Series,YMEL-706-SS,YMEL-706 - Mortise Eternal Lever Handle,Satin Steel Matt,4480,INR,20,HIGH,
Yale,Mortise Eternal Lever Handle,ETERNAL Series,YMEL-706-AB,YMEL-706 - Mortise Eternal Lever Handle,Antique Brass Matt,4560,INR,20,HIGH,
Yale,Mortise Eternal Lever Handle,ETERNAL Series,YMEL-706-BM,YMEL-706 - Mortise Eternal Lever Handle,Black Matt,4780,INR,20,HIGH,
Yale,Mortise Eternal Lever Handle,ETERNAL Series,YMEL-706-RG,YMEL-706 - Mortise Eternal Lever Handle,Rose Gold Matt,4780,INR,20,HIGH,
Yale,Mortise Eternal Lever Handle,ETERNAL Series,YMEL-708-SS,YMEL-708 - Mortise Eternal Lever Handle,Satin Steel Matt,4480,INR,21,HIGH,
Yale,Mortise Eternal Lever Handle,ETERNAL Series,YMEL-708-AB,YMEL-708 - Mortise Eternal Lever Handle,Antique Brass Matt,4560,INR,21,HIGH,
Yale,Mortise Eternal Lever Handle,ETERNAL Series,YMEL-708-BM,YMEL-708 - Mortise Eternal Lever Handle,Black Matt,4780,INR,21,HIGH,
Yale,Mortise Eternal Lever Handle,ETERNAL Series,YMEL-708-RG,YMEL-708 - Mortise Eternal Lever Handle,Rose Gold Matt,4780,INR,21,HIGH,
Yale,Mortise Eternal Lever Handle,ETERNAL Series,YMEL-901-SS,YMEL-901 - Mortise Eternal Lever Handle,Satin Steel Matt,4740,INR,21,HIGH,
Yale,Mortise Eternal Lever Handle,ETERNAL Series,YMEL-901-AB,YMEL-901 - Mortise Eternal Lever Handle,Antique Brass Matt,4860,INR,21,HIGH,
Yale,Mortise Eternal Lever Handle,ETERNAL Series,YMEL-901-BM,YMEL-901 - Mortise Eternal Lever Handle,Black Matt,5100,INR,21,HIGH,
Yale,Mortise Eternal Lever Handle,ETERNAL Series,YMEL-901-RGM,YMEL-901 - Mortise Eternal Lever Handle,Rose Gold Matt,5100,INR,21,HIGH,
Yale,Mortise Eternal Lever Handle,ETERNAL Series,YMEL-902-SS,YMEL-902 - Mortise Eternal Lever Handle,Satin Steel Matt,4740,INR,21,HIGH,
Yale,Mortise Eternal Lever Handle,ETERNAL Series,YMEL-902-AB,YMEL-902 - Mortise Eternal Lever Handle,Antique Brass Matt,4860,INR,21,HIGH,
Yale,Mortise Eternal Lever Handle,ETERNAL Series,YMEL-902-BM,YMEL-902 - Mortise Eternal Lever Handle,Black Matt,5100,INR,21,HIGH,
Yale,Mortise Eternal Lever Handle,ETERNAL Series,YMEL-902-RGM,YMEL-902 - Mortise Eternal Lever Handle,Rose Gold Matt,5100,INR,21,HIGH,
Yale,Mortise Eternal Lever Handle,ETERNAL Series,YMEL-903-SS,YMEL-903 - Mortise Eternal Lever Handle,Satin Steel Matt,4740,INR,21,HIGH,
Yale,Mortise Eternal Lever Handle,ETERNAL Series,YMEL-903-AB,YMEL-903 - Mortise Eternal Lever Handle,Antique Brass Matt,4860,INR,21,HIGH,
Yale,Mortise Eternal Lever Handle,ETERNAL Series,YMEL-903-BM,YMEL-903 - Mortise Eternal Lever Handle,Black Matt,5100,INR,21,HIGH,
Yale,Mortise Eternal Lever Handle,ETERNAL Series,YMEL-903-RGM,YMEL-903 - Mortise Eternal Lever Handle,Rose Gold Matt,5100,INR,21,HIGH,
Yale,Mortise Eternal Lever Handle,ETERNAL Series,YMEL-904-SS,YMEL-904 - Mortise Eternal Lever Handle,Satin Steel Matt,4740,INR,21,HIGH,
Yale,Mortise Eternal Lever Handle,ETERNAL Series,YMEL-904-AB,YMEL-904 - Mortise Eternal Lever Handle,Antique Brass Matt,4860,INR,21,HIGH,
Yale,Mortise Eternal Lever Handle,ETERNAL Series,YMEL-904-BM,YMEL-904 - Mortise Eternal Lever Handle,Black Matt,5100,INR,21,HIGH,
Yale,Mortise Eternal Lever Handle,ETERNAL Series,YMEL-904-RGM,YMEL-904 - Mortise Eternal Lever Handle,Rose Gold Matt,5100,INR,21,HIGH,
Yale,Mortise Eternal Lever Handle,ETERNAL Series,YMEL-905-SS,YMEL-905 - Mortise Eternal Lever Handle,Satin Steel Matt,4740,INR,21,HIGH,
Yale,Mortise Eternal Lever Handle,ETERNAL Series,YMEL-905-AB,YMEL-905 - Mortise Eternal Lever Handle,Antique Brass Matt,4860,INR,21,HIGH,
Yale,Mortise Eternal Lever Handle,ETERNAL Series,YMEL-905-BM,YMEL-905 - Mortise Eternal Lever Handle,Black Matt,5100,INR,21,HIGH,
Yale,Mortise Eternal Lever Handle,ETERNAL Series,YMEL-905-RGM,YMEL-905 - Mortise Eternal Lever Handle,Rose Gold Matt,5100,INR,21,HIGH,
Yale,Essential Series,Mortise Eternal Lever Handle Comboset,YE-1101-10P-TT-AB,"YE-1101 - Lever handle with 10"" backplate thumbturn cylinder and lockbody",Antique Brass,3940,INR,22,HIGH,Source code uses a placeholder '( __ )' for the finish suffix; AB/SS/BM substituted here.
Yale,Essential Series,Mortise Eternal Lever Handle Comboset,YE-1101-10P-TT-SS,"YE-1101 - Lever handle with 10"" backplate thumbturn cylinder and lockbody",Satin Steel,3940,INR,22,HIGH,Source code uses a placeholder '( __ )' for the finish suffix; AB/SS/BM substituted here.
Yale,Essential Series,Mortise Eternal Lever Handle Comboset,YE-1101-10P-TT-BM,"YE-1101 - Lever handle with 10"" backplate thumbturn cylinder and lockbody",Black Matt,4260,INR,22,HIGH,Source code uses a placeholder '( __ )' for the finish suffix; AB/SS/BM substituted here.
Yale,Essential Series,Mortise Eternal Lever Handle Comboset,YE-1101-10P-DC-AB,"YE-1101 - Lever handle with 10"" backplate double cylinder and lockbody",Antique Brass,3940,INR,22,HIGH,Source code uses a placeholder '( __ )' for the finish suffix; AB/SS/BM substituted here.
Yale,Essential Series,Mortise Eternal Lever Handle Comboset,YE-1101-10P-DC-SS,"YE-1101 - Lever handle with 10"" backplate double cylinder and lockbody",Satin Steel,3940,INR,22,HIGH,Source code uses a placeholder '( __ )' for the finish suffix; AB/SS/BM substituted here.
Yale,Essential Series,Mortise Eternal Lever Handle Comboset,YE-1101-10P-DC-BM,"YE-1101 - Lever handle with 10"" backplate double cylinder and lockbody",Black Matt,4260,INR,22,HIGH,Source code uses a placeholder '( __ )' for the finish suffix; AB/SS/BM substituted here.
Yale,Essential Series,Mortise Eternal Lever Handle Comboset,YE-1101-8P-TT-AB,"YE-1101 - Lever handle with 8"" backplate thumbturn cylinder and lockbody",Antique Brass,3780,INR,22,HIGH,Source code uses a placeholder '( __ )' for the finish suffix; AB/SS/BM substituted here.
Yale,Essential Series,Mortise Eternal Lever Handle Comboset,YE-1101-8P-TT-SS,"YE-1101 - Lever handle with 8"" backplate thumbturn cylinder and lockbody",Satin Steel,3780,INR,22,HIGH,Source code uses a placeholder '( __ )' for the finish suffix; AB/SS/BM substituted here.
Yale,Essential Series,Mortise Eternal Lever Handle Comboset,YE-1101-8P-TT-BM,"YE-1101 - Lever handle with 8"" backplate thumbturn cylinder and lockbody",Black Matt,4140,INR,22,HIGH,Source code uses a placeholder '( __ )' for the finish suffix; AB/SS/BM substituted here.
Yale,Essential Series,Mortise Eternal Lever Handle Comboset,YE-1101-8P-DC-AB,"YE-1101 - Lever handle with 8"" backplate double cylinder and lockbody",Antique Brass,3780,INR,22,HIGH,Source code uses a placeholder '( __ )' for the finish suffix; AB/SS/BM substituted here.
Yale,Essential Series,Mortise Eternal Lever Handle Comboset,YE-1101-8P-DC-SS,"YE-1101 - Lever handle with 8"" backplate double cylinder and lockbody",Satin Steel,3780,INR,22,HIGH,Source code uses a placeholder '( __ )' for the finish suffix; AB/SS/BM substituted here.
Yale,Essential Series,Mortise Eternal Lever Handle Comboset,YE-1101-8P-DC-BM,"YE-1101 - Lever handle with 8"" backplate double cylinder and lockbody",Black Matt,4140,INR,22,HIGH,Source code uses a placeholder '( __ )' for the finish suffix; AB/SS/BM substituted here.
Yale,Essential Series,Mortise Eternal Lever Handle Comboset,YE-1101-8P-BK-AB,"YE-1101 - Lever handle with 8"" backplate privacy cylinder & lockbody",Antique Brass,3780,INR,22,HIGH,Source code uses a placeholder '( __ )' for the finish suffix; AB/SS/BM substituted here.
Yale,Essential Series,Mortise Eternal Lever Handle Comboset,YE-1101-8P-BK-SS,"YE-1101 - Lever handle with 8"" backplate privacy cylinder & lockbody",Satin Steel,3780,INR,22,HIGH,Source code uses a placeholder '( __ )' for the finish suffix; AB/SS/BM substituted here.
Yale,Essential Series,Mortise Eternal Lever Handle Comboset,YE-1101-8P-BK-BM,"YE-1101 - Lever handle with 8"" backplate privacy cylinder & lockbody",Black Matt,4140,INR,22,HIGH,Source code uses a placeholder '( __ )' for the finish suffix; AB/SS/BM substituted here.
Yale,Essential Series,Mortise Eternal Lever Handle Comboset,YE-1101-5P-BL-AB,"YE-1101 - Lever handle with 5"" backplate with baby latch",Antique Brass,2560,INR,22,HIGH,Source code uses a placeholder '( __ )' for the finish suffix; AB/SS/BM substituted here.
Yale,Essential Series,Mortise Eternal Lever Handle Comboset,YE-1101-5P-BL-SS,"YE-1101 - Lever handle with 5"" backplate with baby latch",Satin Steel,2560,INR,22,HIGH,Source code uses a placeholder '( __ )' for the finish suffix; AB/SS/BM substituted here.
Yale,Essential Series,Mortise Eternal Lever Handle Comboset,YE-1101-5P-BL-BM,"YE-1101 - Lever handle with 5"" backplate with baby latch",Black Matt,2800,INR,22,HIGH,Source code uses a placeholder '( __ )' for the finish suffix; AB/SS/BM substituted here.
Yale,Essential Series,Mortise Eternal Lever Handle Comboset,YE-1101-OR-TT-AB,YE-1101 - Lever handle with Rose & Escutcheons with thumbturn cylinder and lockbody,Antique Brass,3940,INR,22,HIGH,Source code uses a placeholder '( __ )' for the finish suffix; AB/SS/BM substituted here.
Yale,Essential Series,Mortise Eternal Lever Handle Comboset,YE-1101-OR-TT-SS,YE-1101 - Lever handle with Rose & Escutcheons with thumbturn cylinder and lockbody,Satin Steel,3940,INR,22,HIGH,Source code uses a placeholder '( __ )' for the finish suffix; AB/SS/BM substituted here.
Yale,Essential Series,Mortise Eternal Lever Handle Comboset,YE-1101-OR-TT-BM,YE-1101 - Lever handle with Rose & Escutcheons with thumbturn cylinder and lockbody,Black Matt,4260,INR,22,HIGH,Source code uses a placeholder '( __ )' for the finish suffix; AB/SS/BM substituted here.
Yale,Essential Series,Mortise Eternal Lever Handle Comboset,YE-1101-OR-DC-AB,YE-1101 - Lever handle with Rose & Escutcheons with double cylinder and lockbody,Antique Brass,3940,INR,22,HIGH,Source code uses a placeholder '( __ )' for the finish suffix; AB/SS/BM substituted here.
Yale,Essential Series,Mortise Eternal Lever Handle Comboset,YE-1101-OR-DC-SS,YE-1101 - Lever handle with Rose & Escutcheons with double cylinder and lockbody,Satin Steel,3940,INR,22,HIGH,Source code uses a placeholder '( __ )' for the finish suffix; AB/SS/BM substituted here.
Yale,Essential Series,Mortise Eternal Lever Handle Comboset,YE-1101-OR-DC-BM,YE-1101 - Lever handle with Rose & Escutcheons with double cylinder and lockbody,Black Matt,4260,INR,22,HIGH,Source code uses a placeholder '( __ )' for the finish suffix; AB/SS/BM substituted here.
Yale,Essential Series,Mortise Eternal Lever Handle Comboset,YE-1101-OR-BK-AB,YE-1101 - Lever handle with Rose & Escutcheons with privacy cylinder and lockbody,Antique Brass,3940,INR,22,HIGH,Source code uses a placeholder '( __ )' for the finish suffix; AB/SS/BM substituted here.
Yale,Essential Series,Mortise Eternal Lever Handle Comboset,YE-1101-OR-BK-SS,YE-1101 - Lever handle with Rose & Escutcheons with privacy cylinder and lockbody,Satin Steel,3940,INR,22,HIGH,Source code uses a placeholder '( __ )' for the finish suffix; AB/SS/BM substituted here.
Yale,Essential Series,Mortise Eternal Lever Handle Comboset,YE-1101-OR-BK-BM,YE-1101 - Lever handle with Rose & Escutcheons with privacy cylinder and lockbody,Black Matt,4260,INR,22,HIGH,Source code uses a placeholder '( __ )' for the finish suffix; AB/SS/BM substituted here.
Yale,Essential Series,Mortise Eternal Lever Handle Comboset,YE-1101-OR-BL-AB,YE-1101 - Lever handle on Rose with Baby Latch,Antique Brass,2560,INR,22,HIGH,Source code uses a placeholder '( __ )' for the finish suffix; AB/SS/BM substituted here.
Yale,Essential Series,Mortise Eternal Lever Handle Comboset,YE-1101-OR-BL-SS,YE-1101 - Lever handle on Rose with Baby Latch,Satin Steel,2560,INR,22,HIGH,Source code uses a placeholder '( __ )' for the finish suffix; AB/SS/BM substituted here.
Yale,Essential Series,Mortise Eternal Lever Handle Comboset,YE-1101-OR-BL-BM,YE-1101 - Lever handle on Rose with Baby Latch,Black Matt,2800,INR,22,HIGH,Source code uses a placeholder '( __ )' for the finish suffix; AB/SS/BM substituted here.
Yale,Essential Series,Mortise Eternal Lever Handle Comboset,YE-1101-8P-6L-AB,"YE-1101 - Lever Handle on 8"" Plate - Six Lever Mortise Body",Antique Brass,2560,INR,22,HIGH,Source code uses a placeholder '( __ )' for the finish suffix; AB/SS/BM substituted here.
Yale,Essential Series,Mortise Eternal Lever Handle Comboset,YE-1101-8P-6L-SS,"YE-1101 - Lever Handle on 8"" Plate - Six Lever Mortise Body",Satin Steel,2560,INR,22,HIGH,Source code uses a placeholder '( __ )' for the finish suffix; AB/SS/BM substituted here.
Yale,Essential Series,Mortise Eternal Lever Handle Comboset,YE-1101-8P-6L-BM,"YE-1101 - Lever Handle on 8"" Plate - Six Lever Mortise Body",Black Matt,2800,INR,22,HIGH,Source code uses a placeholder '( __ )' for the finish suffix; AB/SS/BM substituted here.
Yale,Essential Series,Mortise Eternal Lever Handle Comboset,YE-1102-10P-TT-AB,"YE-1102 - Lever handle with 10"" backplate thumbturn cylinder and lockbody",Antique Brass,4100,INR,23,HIGH,Source code uses a placeholder '( __ )' for the finish suffix; AB/SS/BM substituted here.
Yale,Essential Series,Mortise Eternal Lever Handle Comboset,YE-1102-10P-TT-SS,"YE-1102 - Lever handle with 10"" backplate thumbturn cylinder and lockbody",Satin Steel,4100,INR,23,HIGH,Source code uses a placeholder '( __ )' for the finish suffix; AB/SS/BM substituted here.
Yale,Essential Series,Mortise Eternal Lever Handle Comboset,YE-1102-10P-TT-BM,"YE-1102 - Lever handle with 10"" backplate thumbturn cylinder and lockbody",Black Matt,4440,INR,23,HIGH,Source code uses a placeholder '( __ )' for the finish suffix; AB/SS/BM substituted here.
Yale,Essential Series,Mortise Eternal Lever Handle Comboset,YE-1102-10P-DC-AB,"YE-1102 - Lever handle with 10"" backplate double cylinder and lockbody",Antique Brass,4100,INR,23,HIGH,Source code uses a placeholder '( __ )' for the finish suffix; AB/SS/BM substituted here.
Yale,Essential Series,Mortise Eternal Lever Handle Comboset,YE-1102-10P-DC-SS,"YE-1102 - Lever handle with 10"" backplate double cylinder and lockbody",Satin Steel,4100,INR,23,HIGH,Source code uses a placeholder '( __ )' for the finish suffix; AB/SS/BM substituted here.
Yale,Essential Series,Mortise Eternal Lever Handle Comboset,YE-1102-10P-DC-BM,"YE-1102 - Lever handle with 10"" backplate double cylinder and lockbody",Black Matt,4440,INR,23,HIGH,Source code uses a placeholder '( __ )' for the finish suffix; AB/SS/BM substituted here.
Yale,Essential Series,Mortise Eternal Lever Handle Comboset,YE-1102-8P-TT-AB,"YE-1102 - Lever handle with 8"" backplate thumbturn cylinder and lockbody",Antique Brass,3900,INR,23,HIGH,Source code uses a placeholder '( __ )' for the finish suffix; AB/SS/BM substituted here.
Yale,Essential Series,Mortise Eternal Lever Handle Comboset,YE-1102-8P-TT-SS,"YE-1102 - Lever handle with 8"" backplate thumbturn cylinder and lockbody",Satin Steel,3900,INR,23,HIGH,Source code uses a placeholder '( __ )' for the finish suffix; AB/SS/BM substituted here.
Yale,Essential Series,Mortise Eternal Lever Handle Comboset,YE-1102-8P-TT-BM,"YE-1102 - Lever handle with 8"" backplate thumbturn cylinder and lockbody",Black Matt,4280,INR,23,HIGH,Source code uses a placeholder '( __ )' for the finish suffix; AB/SS/BM substituted here.
Yale,Essential Series,Mortise Eternal Lever Handle Comboset,YE-1102-8P-DC-AB,"YE-1102 - Lever handle with 8"" backplate double cylinder and lockbody",Antique Brass,3900,INR,23,HIGH,Source code uses a placeholder '( __ )' for the finish suffix; AB/SS/BM substituted here.
Yale,Essential Series,Mortise Eternal Lever Handle Comboset,YE-1102-8P-DC-SS,"YE-1102 - Lever handle with 8"" backplate double cylinder and lockbody",Satin Steel,3900,INR,23,HIGH,Source code uses a placeholder '( __ )' for the finish suffix; AB/SS/BM substituted here.
Yale,Essential Series,Mortise Eternal Lever Handle Comboset,YE-1102-8P-DC-BM,"YE-1102 - Lever handle with 8"" backplate double cylinder and lockbody",Black Matt,4280,INR,23,HIGH,Source code uses a placeholder '( __ )' for the finish suffix; AB/SS/BM substituted here.
Yale,Essential Series,Mortise Eternal Lever Handle Comboset,YE-1102-8P-BK-AB,"YE-1102 - Lever handle with 8"" backplate privacy cylinder & lockbody",Antique Brass,3900,INR,23,HIGH,Source code uses a placeholder '( __ )' for the finish suffix; AB/SS/BM substituted here.
Yale,Essential Series,Mortise Eternal Lever Handle Comboset,YE-1102-8P-BK-SS,"YE-1102 - Lever handle with 8"" backplate privacy cylinder & lockbody",Satin Steel,3900,INR,23,HIGH,Source code uses a placeholder '( __ )' for the finish suffix; AB/SS/BM substituted here.
Yale,Essential Series,Mortise Eternal Lever Handle Comboset,YE-1102-8P-BK-BM,"YE-1102 - Lever handle with 8"" backplate privacy cylinder & lockbody",Black Matt,4280,INR,23,HIGH,Source code uses a placeholder '( __ )' for the finish suffix; AB/SS/BM substituted here.
Yale,Essential Series,Mortise Eternal Lever Handle Comboset,YE-1102-5P-BL-AB,"YE-1102 - Lever handle with 5"" backplate with baby latch",Antique Brass,2640,INR,23,HIGH,Source code uses a placeholder '( __ )' for the finish suffix; AB/SS/BM substituted here.
Yale,Essential Series,Mortise Eternal Lever Handle Comboset,YE-1102-5P-BL-SS,"YE-1102 - Lever handle with 5"" backplate with baby latch",Satin Steel,2640,INR,23,HIGH,Source code uses a placeholder '( __ )' for the finish suffix; AB/SS/BM substituted here.
Yale,Essential Series,Mortise Eternal Lever Handle Comboset,YE-1102-5P-BL-BM,"YE-1102 - Lever handle with 5"" backplate with baby latch",Black Matt,2900,INR,23,HIGH,Source code uses a placeholder '( __ )' for the finish suffix; AB/SS/BM substituted here.
Yale,Essential Series,Mortise Eternal Lever Handle Comboset,YE-1102-OR-TT-AB,YE-1102 - Lever handle with Rose & Escutcheons with thumbturn cylinder and lockbody,Antique Brass,4100,INR,23,HIGH,Source code uses a placeholder '( __ )' for the finish suffix; AB/SS/BM substituted here.
Yale,Essential Series,Mortise Eternal Lever Handle Comboset,YE-1102-OR-TT-SS,YE-1102 - Lever handle with Rose & Escutcheons with thumbturn cylinder and lockbody,Satin Steel,4100,INR,23,HIGH,Source code uses a placeholder '( __ )' for the finish suffix; AB/SS/BM substituted here.
Yale,Essential Series,Mortise Eternal Lever Handle Comboset,YE-1102-OR-TT-BM,YE-1102 - Lever handle with Rose & Escutcheons with thumbturn cylinder and lockbody,Black Matt,4440,INR,23,HIGH,Source code uses a placeholder '( __ )' for the finish suffix; AB/SS/BM substituted here.
Yale,Essential Series,Mortise Eternal Lever Handle Comboset,YE-1102-OR-DC-AB,YE-1102 - Lever handle with Rose & Escutcheons with double cylinder and lockbody,Antique Brass,4100,INR,23,HIGH,Source code uses a placeholder '( __ )' for the finish suffix; AB/SS/BM substituted here.
Yale,Essential Series,Mortise Eternal Lever Handle Comboset,YE-1102-OR-DC-SS,YE-1102 - Lever handle with Rose & Escutcheons with double cylinder and lockbody,Satin Steel,4100,INR,23,HIGH,Source code uses a placeholder '( __ )' for the finish suffix; AB/SS/BM substituted here.
Yale,Essential Series,Mortise Eternal Lever Handle Comboset,YE-1102-OR-DC-BM,YE-1102 - Lever handle with Rose & Escutcheons with double cylinder and lockbody,Black Matt,4440,INR,23,HIGH,Source code uses a placeholder '( __ )' for the finish suffix; AB/SS/BM substituted here.
Yale,Essential Series,Mortise Eternal Lever Handle Comboset,YE-1102-OR-BK-AB,YE-1102 - Lever handle with Rose & Escutcheons with privacy cylinder and lockbody,Antique Brass,4100,INR,23,HIGH,Source code uses a placeholder '( __ )' for the finish suffix; AB/SS/BM substituted here.
Yale,Essential Series,Mortise Eternal Lever Handle Comboset,YE-1102-OR-BK-SS,YE-1102 - Lever handle with Rose & Escutcheons with privacy cylinder and lockbody,Satin Steel,4100,INR,23,HIGH,Source code uses a placeholder '( __ )' for the finish suffix; AB/SS/BM substituted here.
Yale,Essential Series,Mortise Eternal Lever Handle Comboset,YE-1102-OR-BK-BM,YE-1102 - Lever handle with Rose & Escutcheons with privacy cylinder and lockbody,Black Matt,4440,INR,23,HIGH,Source code uses a placeholder '( __ )' for the finish suffix; AB/SS/BM substituted here.
Yale,Essential Series,Mortise Eternal Lever Handle Comboset,YE-1102-OR-BL-AB,YE-1102 - Lever handle on Rose with Baby Latch,Antique Brass,2640,INR,23,HIGH,Source code uses a placeholder '( __ )' for the finish suffix; AB/SS/BM substituted here.
Yale,Essential Series,Mortise Eternal Lever Handle Comboset,YE-1102-OR-BL-SS,YE-1102 - Lever handle on Rose with Baby Latch,Satin Steel,2640,INR,23,HIGH,Source code uses a placeholder '( __ )' for the finish suffix; AB/SS/BM substituted here.
Yale,Essential Series,Mortise Eternal Lever Handle Comboset,YE-1102-OR-BL-BM,YE-1102 - Lever handle on Rose with Baby Latch,Black Matt,2900,INR,23,HIGH,Source code uses a placeholder '( __ )' for the finish suffix; AB/SS/BM substituted here.
Yale,Essential Series,Mortise Eternal Lever Handle Comboset,YE-1102-8P-6L-AB,"YE-1102 - Lever Handle on 8"" Plate - Six Lever Mortise Body",Antique Brass,2640,INR,23,HIGH,Source code uses a placeholder '( __ )' for the finish suffix; AB/SS/BM substituted here.
Yale,Essential Series,Mortise Eternal Lever Handle Comboset,YE-1102-8P-6L-SS,"YE-1102 - Lever Handle on 8"" Plate - Six Lever Mortise Body",Satin Steel,2640,INR,23,HIGH,Source code uses a placeholder '( __ )' for the finish suffix; AB/SS/BM substituted here.
Yale,Essential Series,Mortise Eternal Lever Handle Comboset,YE-1102-8P-6L-BM,"YE-1102 - Lever Handle on 8"" Plate - Six Lever Mortise Body",Black Matt,2900,INR,23,HIGH,Source code uses a placeholder '( __ )' for the finish suffix; AB/SS/BM substituted here.
Yale,Essential Series,Mortise Eternal Lever Handle Comboset,YE-1103-10P-TT-AB,"YE-1103 - Lever handle with 10"" backplate thumbturn cylinder and lockbody",Antique Brass,4100,INR,23,HIGH,Source code uses a placeholder '( __ )' for the finish suffix; AB/SS/BM substituted here.
Yale,Essential Series,Mortise Eternal Lever Handle Comboset,YE-1103-10P-TT-SS,"YE-1103 - Lever handle with 10"" backplate thumbturn cylinder and lockbody",Satin Steel,4100,INR,23,HIGH,Source code uses a placeholder '( __ )' for the finish suffix; AB/SS/BM substituted here.
Yale,Essential Series,Mortise Eternal Lever Handle Comboset,YE-1103-10P-TT-BM,"YE-1103 - Lever handle with 10"" backplate thumbturn cylinder and lockbody",Black Matt,4440,INR,23,HIGH,Source code uses a placeholder '( __ )' for the finish suffix; AB/SS/BM substituted here.
Yale,Essential Series,Mortise Eternal Lever Handle Comboset,YE-1103-10P-DC-AB,"YE-1103 - Lever handle with 10"" backplate double cylinder and lockbody",Antique Brass,4100,INR,23,HIGH,Source code uses a placeholder '( __ )' for the finish suffix; AB/SS/BM substituted here.
Yale,Essential Series,Mortise Eternal Lever Handle Comboset,YE-1103-10P-DC-SS,"YE-1103 - Lever handle with 10"" backplate double cylinder and lockbody",Satin Steel,4100,INR,23,HIGH,Source code uses a placeholder '( __ )' for the finish suffix; AB/SS/BM substituted here.
Yale,Essential Series,Mortise Eternal Lever Handle Comboset,YE-1103-10P-DC-BM,"YE-1103 - Lever handle with 10"" backplate double cylinder and lockbody",Black Matt,4440,INR,23,HIGH,Source code uses a placeholder '( __ )' for the finish suffix; AB/SS/BM substituted here.
Yale,Essential Series,Mortise Eternal Lever Handle Comboset,YE-1103-8P-TT-AB,"YE-1103 - Lever handle with 8"" backplate thumbturn cylinder and lockbody",Antique Brass,3900,INR,23,HIGH,Source code uses a placeholder '( __ )' for the finish suffix; AB/SS/BM substituted here.
Yale,Essential Series,Mortise Eternal Lever Handle Comboset,YE-1103-8P-TT-SS,"YE-1103 - Lever handle with 8"" backplate thumbturn cylinder and lockbody",Satin Steel,3900,INR,23,HIGH,Source code uses a placeholder '( __ )' for the finish suffix; AB/SS/BM substituted here.
Yale,Essential Series,Mortise Eternal Lever Handle Comboset,YE-1103-8P-TT-BM,"YE-1103 - Lever handle with 8"" backplate thumbturn cylinder and lockbody",Black Matt,4280,INR,23,HIGH,Source code uses a placeholder '( __ )' for the finish suffix; AB/SS/BM substituted here.
Yale,Essential Series,Mortise Eternal Lever Handle Comboset,YE-1103-8P-DC-AB,"YE-1103 - Lever handle with 8"" backplate double cylinder and lockbody",Antique Brass,3900,INR,23,HIGH,Source code uses a placeholder '( __ )' for the finish suffix; AB/SS/BM substituted here.
Yale,Essential Series,Mortise Eternal Lever Handle Comboset,YE-1103-8P-DC-SS,"YE-1103 - Lever handle with 8"" backplate double cylinder and lockbody",Satin Steel,3900,INR,23,HIGH,Source code uses a placeholder '( __ )' for the finish suffix; AB/SS/BM substituted here.
Yale,Essential Series,Mortise Eternal Lever Handle Comboset,YE-1103-8P-DC-BM,"YE-1103 - Lever handle with 8"" backplate double cylinder and lockbody",Black Matt,4280,INR,23,HIGH,Source code uses a placeholder '( __ )' for the finish suffix; AB/SS/BM substituted here.
Yale,Essential Series,Mortise Eternal Lever Handle Comboset,YE-1103-8P-BK-AB,"YE-1103 - Lever handle with 8"" backplate privacy cylinder & lockbody",Antique Brass,3900,INR,23,HIGH,Source code uses a placeholder '( __ )' for the finish suffix; AB/SS/BM substituted here.
Yale,Essential Series,Mortise Eternal Lever Handle Comboset,YE-1103-8P-BK-SS,"YE-1103 - Lever handle with 8"" backplate privacy cylinder & lockbody",Satin Steel,3900,INR,23,HIGH,Source code uses a placeholder '( __ )' for the finish suffix; AB/SS/BM substituted here.
Yale,Essential Series,Mortise Eternal Lever Handle Comboset,YE-1103-8P-BK-BM,"YE-1103 - Lever handle with 8"" backplate privacy cylinder & lockbody",Black Matt,4280,INR,23,HIGH,Source code uses a placeholder '( __ )' for the finish suffix; AB/SS/BM substituted here.
Yale,Essential Series,Mortise Eternal Lever Handle Comboset,YE-1103-5P-BL-AB,"YE-1103 - Lever handle with 5"" backplate with baby latch",Antique Brass,2640,INR,23,HIGH,Source code uses a placeholder '( __ )' for the finish suffix; AB/SS/BM substituted here.
Yale,Essential Series,Mortise Eternal Lever Handle Comboset,YE-1103-5P-BL-SS,"YE-1103 - Lever handle with 5"" backplate with baby latch",Satin Steel,2640,INR,23,HIGH,Source code uses a placeholder '( __ )' for the finish suffix; AB/SS/BM substituted here.
Yale,Essential Series,Mortise Eternal Lever Handle Comboset,YE-1103-5P-BL-BM,"YE-1103 - Lever handle with 5"" backplate with baby latch",Black Matt,2900,INR,23,HIGH,Source code uses a placeholder '( __ )' for the finish suffix; AB/SS/BM substituted here.
Yale,Essential Series,Mortise Eternal Lever Handle Comboset,YE-1103-OR-TT-AB,YE-1103 - Lever handle with Rose & Escutcheons with thumbturn cylinder and lockbody,Antique Brass,4100,INR,23,HIGH,Source code uses a placeholder '( __ )' for the finish suffix; AB/SS/BM substituted here.
Yale,Essential Series,Mortise Eternal Lever Handle Comboset,YE-1103-OR-TT-SS,YE-1103 - Lever handle with Rose & Escutcheons with thumbturn cylinder and lockbody,Satin Steel,4100,INR,23,HIGH,Source code uses a placeholder '( __ )' for the finish suffix; AB/SS/BM substituted here.
Yale,Essential Series,Mortise Eternal Lever Handle Comboset,YE-1103-OR-TT-BM,YE-1103 - Lever handle with Rose & Escutcheons with thumbturn cylinder and lockbody,Black Matt,4440,INR,23,HIGH,Source code uses a placeholder '( __ )' for the finish suffix; AB/SS/BM substituted here.
Yale,Essential Series,Mortise Eternal Lever Handle Comboset,YE-1103-OR-DC-AB,YE-1103 - Lever handle with Rose & Escutcheons with double cylinder and lockbody,Antique Brass,4100,INR,23,HIGH,Source code uses a placeholder '( __ )' for the finish suffix; AB/SS/BM substituted here.
Yale,Essential Series,Mortise Eternal Lever Handle Comboset,YE-1103-OR-DC-SS,YE-1103 - Lever handle with Rose & Escutcheons with double cylinder and lockbody,Satin Steel,4100,INR,23,HIGH,Source code uses a placeholder '( __ )' for the finish suffix; AB/SS/BM substituted here.
Yale,Essential Series,Mortise Eternal Lever Handle Comboset,YE-1103-OR-DC-BM,YE-1103 - Lever handle with Rose & Escutcheons with double cylinder and lockbody,Black Matt,4440,INR,23,HIGH,Source code uses a placeholder '( __ )' for the finish suffix; AB/SS/BM substituted here.
Yale,Essential Series,Mortise Eternal Lever Handle Comboset,YE-1103-OR-BK-AB,YE-1103 - Lever handle with Rose & Escutcheons with privacy cylinder and lockbody,Antique Brass,4100,INR,23,HIGH,Source code uses a placeholder '( __ )' for the finish suffix; AB/SS/BM substituted here.
Yale,Essential Series,Mortise Eternal Lever Handle Comboset,YE-1103-OR-BK-SS,YE-1103 - Lever handle with Rose & Escutcheons with privacy cylinder and lockbody,Satin Steel,4100,INR,23,HIGH,Source code uses a placeholder '( __ )' for the finish suffix; AB/SS/BM substituted here.
Yale,Essential Series,Mortise Eternal Lever Handle Comboset,YE-1103-OR-BK-BM,YE-1103 - Lever handle with Rose & Escutcheons with privacy cylinder and lockbody,Black Matt,4440,INR,23,HIGH,Source code uses a placeholder '( __ )' for the finish suffix; AB/SS/BM substituted here.
Yale,Essential Series,Mortise Eternal Lever Handle Comboset,YE-1103-OR-BL-AB,YE-1103 - Lever handle on Rose with Baby Latch,Antique Brass,2640,INR,23,HIGH,Source code uses a placeholder '( __ )' for the finish suffix; AB/SS/BM substituted here.
Yale,Essential Series,Mortise Eternal Lever Handle Comboset,YE-1103-OR-BL-SS,YE-1103 - Lever handle on Rose with Baby Latch,Satin Steel,2640,INR,23,HIGH,Source code uses a placeholder '( __ )' for the finish suffix; AB/SS/BM substituted here.
Yale,Essential Series,Mortise Eternal Lever Handle Comboset,YE-1103-OR-BL-BM,YE-1103 - Lever handle on Rose with Baby Latch,Black Matt,2900,INR,23,HIGH,Source code uses a placeholder '( __ )' for the finish suffix; AB/SS/BM substituted here.
Yale,Essential Series,Mortise Eternal Lever Handle Comboset,YE-1103-8P-6L-AB,"YE-1103 - Lever Handle on 8"" Plate - Six Lever Mortise Body",Antique Brass,2640,INR,23,HIGH,Source code uses a placeholder '( __ )' for the finish suffix; AB/SS/BM substituted here.
Yale,Essential Series,Mortise Eternal Lever Handle Comboset,YE-1103-8P-6L-SS,"YE-1103 - Lever Handle on 8"" Plate - Six Lever Mortise Body",Satin Steel,2640,INR,23,HIGH,Source code uses a placeholder '( __ )' for the finish suffix; AB/SS/BM substituted here.
Yale,Essential Series,Mortise Eternal Lever Handle Comboset,YE-1103-8P-6L-BM,"YE-1103 - Lever Handle on 8"" Plate - Six Lever Mortise Body",Black Matt,2900,INR,23,HIGH,Source code uses a placeholder '( __ )' for the finish suffix; AB/SS/BM substituted here.
Yale,Essential Series,Mortise Eternal Lever Handle Comboset,YE-1104-10P-TT-AB,"YE-1104 - Lever handle with 10"" backplate thumbturn cylinder and lockbody",Antique Brass,4100,INR,24,HIGH,Source code uses a placeholder '( __ )' for the finish suffix; AB/SS/BM substituted here.
Yale,Essential Series,Mortise Eternal Lever Handle Comboset,YE-1104-10P-TT-SS,"YE-1104 - Lever handle with 10"" backplate thumbturn cylinder and lockbody",Satin Steel,4100,INR,24,HIGH,Source code uses a placeholder '( __ )' for the finish suffix; AB/SS/BM substituted here.
Yale,Essential Series,Mortise Eternal Lever Handle Comboset,YE-1104-10P-TT-BM,"YE-1104 - Lever handle with 10"" backplate thumbturn cylinder and lockbody",Black Matt,4440,INR,24,HIGH,Source code uses a placeholder '( __ )' for the finish suffix; AB/SS/BM substituted here.
Yale,Essential Series,Mortise Eternal Lever Handle Comboset,YE-1104-10P-DC-AB,"YE-1104 - Lever handle with 10"" backplate double cylinder and lockbody",Antique Brass,4100,INR,24,HIGH,Source code uses a placeholder '( __ )' for the finish suffix; AB/SS/BM substituted here.
Yale,Essential Series,Mortise Eternal Lever Handle Comboset,YE-1104-10P-DC-SS,"YE-1104 - Lever handle with 10"" backplate double cylinder and lockbody",Satin Steel,4100,INR,24,HIGH,Source code uses a placeholder '( __ )' for the finish suffix; AB/SS/BM substituted here.
Yale,Essential Series,Mortise Eternal Lever Handle Comboset,YE-1104-10P-DC-BM,"YE-1104 - Lever handle with 10"" backplate double cylinder and lockbody",Black Matt,4440,INR,24,HIGH,Source code uses a placeholder '( __ )' for the finish suffix; AB/SS/BM substituted here.
Yale,Essential Series,Mortise Eternal Lever Handle Comboset,YE-1104-8P-TT-AB,"YE-1104 - Lever handle with 8"" backplate thumbturn cylinder and lockbody",Antique Brass,3900,INR,24,HIGH,Source code uses a placeholder '( __ )' for the finish suffix; AB/SS/BM substituted here.
Yale,Essential Series,Mortise Eternal Lever Handle Comboset,YE-1104-8P-TT-SS,"YE-1104 - Lever handle with 8"" backplate thumbturn cylinder and lockbody",Satin Steel,3900,INR,24,HIGH,Source code uses a placeholder '( __ )' for the finish suffix; AB/SS/BM substituted here.
Yale,Essential Series,Mortise Eternal Lever Handle Comboset,YE-1104-8P-TT-BM,"YE-1104 - Lever handle with 8"" backplate thumbturn cylinder and lockbody",Black Matt,4280,INR,24,HIGH,Source code uses a placeholder '( __ )' for the finish suffix; AB/SS/BM substituted here.
Yale,Essential Series,Mortise Eternal Lever Handle Comboset,YE-1104-8P-DC-AB,"YE-1104 - Lever handle with 8"" backplate double cylinder and lockbody",Antique Brass,3900,INR,24,HIGH,Source code uses a placeholder '( __ )' for the finish suffix; AB/SS/BM substituted here.
Yale,Essential Series,Mortise Eternal Lever Handle Comboset,YE-1104-8P-DC-SS,"YE-1104 - Lever handle with 8"" backplate double cylinder and lockbody",Satin Steel,3900,INR,24,HIGH,Source code uses a placeholder '( __ )' for the finish suffix; AB/SS/BM substituted here.
Yale,Essential Series,Mortise Eternal Lever Handle Comboset,YE-1104-8P-DC-BM,"YE-1104 - Lever handle with 8"" backplate double cylinder and lockbody",Black Matt,4280,INR,24,HIGH,Source code uses a placeholder '( __ )' for the finish suffix; AB/SS/BM substituted here.
Yale,Essential Series,Mortise Eternal Lever Handle Comboset,YE-1104-8P-BK-AB,"YE-1104 - Lever handle with 8"" backplate privacy cylinder & lockbody",Antique Brass,3900,INR,24,HIGH,Source code uses a placeholder '( __ )' for the finish suffix; AB/SS/BM substituted here.
Yale,Essential Series,Mortise Eternal Lever Handle Comboset,YE-1104-8P-BK-SS,"YE-1104 - Lever handle with 8"" backplate privacy cylinder & lockbody",Satin Steel,3900,INR,24,HIGH,Source code uses a placeholder '( __ )' for the finish suffix; AB/SS/BM substituted here.
Yale,Essential Series,Mortise Eternal Lever Handle Comboset,YE-1104-8P-BK-BM,"YE-1104 - Lever handle with 8"" backplate privacy cylinder & lockbody",Black Matt,4280,INR,24,HIGH,Source code uses a placeholder '( __ )' for the finish suffix; AB/SS/BM substituted here.
Yale,Essential Series,Mortise Eternal Lever Handle Comboset,YE-1104-5P-BL-AB,"YE-1104 - Lever handle with 5"" backplate with baby latch",Antique Brass,2640,INR,24,HIGH,Source code uses a placeholder '( __ )' for the finish suffix; AB/SS/BM substituted here.
Yale,Essential Series,Mortise Eternal Lever Handle Comboset,YE-1104-5P-BL-SS,"YE-1104 - Lever handle with 5"" backplate with baby latch",Satin Steel,2640,INR,24,HIGH,Source code uses a placeholder '( __ )' for the finish suffix; AB/SS/BM substituted here.
Yale,Essential Series,Mortise Eternal Lever Handle Comboset,YE-1104-5P-BL-BM,"YE-1104 - Lever handle with 5"" backplate with baby latch",Black Matt,2900,INR,24,HIGH,Source code uses a placeholder '( __ )' for the finish suffix; AB/SS/BM substituted here.
Yale,Essential Series,Mortise Eternal Lever Handle Comboset,YE-1104-OR-TT-AB,YE-1104 - Lever handle with Rose & Escutcheons with thumbturn cylinder and lockbody,Antique Brass,4100,INR,24,HIGH,Source code uses a placeholder '( __ )' for the finish suffix; AB/SS/BM substituted here.
Yale,Essential Series,Mortise Eternal Lever Handle Comboset,YE-1104-OR-TT-SS,YE-1104 - Lever handle with Rose & Escutcheons with thumbturn cylinder and lockbody,Satin Steel,4100,INR,24,HIGH,Source code uses a placeholder '( __ )' for the finish suffix; AB/SS/BM substituted here.
Yale,Essential Series,Mortise Eternal Lever Handle Comboset,YE-1104-OR-TT-BM,YE-1104 - Lever handle with Rose & Escutcheons with thumbturn cylinder and lockbody,Black Matt,4440,INR,24,HIGH,Source code uses a placeholder '( __ )' for the finish suffix; AB/SS/BM substituted here.
Yale,Essential Series,Mortise Eternal Lever Handle Comboset,YE-1104-OR-DC-AB,YE-1104 - Lever handle with Rose & Escutcheons with double cylinder and lockbody,Antique Brass,4100,INR,24,HIGH,Source code uses a placeholder '( __ )' for the finish suffix; AB/SS/BM substituted here.
Yale,Essential Series,Mortise Eternal Lever Handle Comboset,YE-1104-OR-DC-SS,YE-1104 - Lever handle with Rose & Escutcheons with double cylinder and lockbody,Satin Steel,4100,INR,24,HIGH,Source code uses a placeholder '( __ )' for the finish suffix; AB/SS/BM substituted here.
Yale,Essential Series,Mortise Eternal Lever Handle Comboset,YE-1104-OR-DC-BM,YE-1104 - Lever handle with Rose & Escutcheons with double cylinder and lockbody,Black Matt,4440,INR,24,HIGH,Source code uses a placeholder '( __ )' for the finish suffix; AB/SS/BM substituted here.
Yale,Essential Series,Mortise Eternal Lever Handle Comboset,YE-1104-OR-BK-AB,YE-1104 - Lever handle with Rose & Escutcheons with privacy cylinder and lockbody,Antique Brass,4100,INR,24,HIGH,Source code uses a placeholder '( __ )' for the finish suffix; AB/SS/BM substituted here.
Yale,Essential Series,Mortise Eternal Lever Handle Comboset,YE-1104-OR-BK-SS,YE-1104 - Lever handle with Rose & Escutcheons with privacy cylinder and lockbody,Satin Steel,4100,INR,24,HIGH,Source code uses a placeholder '( __ )' for the finish suffix; AB/SS/BM substituted here.
Yale,Essential Series,Mortise Eternal Lever Handle Comboset,YE-1104-OR-BK-BM,YE-1104 - Lever handle with Rose & Escutcheons with privacy cylinder and lockbody,Black Matt,4440,INR,24,HIGH,Source code uses a placeholder '( __ )' for the finish suffix; AB/SS/BM substituted here.
Yale,Essential Series,Mortise Eternal Lever Handle Comboset,YE-1104-OR-BL-AB,YE-1104 - Lever handle on Rose with Baby Latch,Antique Brass,2640,INR,24,HIGH,Source code uses a placeholder '( __ )' for the finish suffix; AB/SS/BM substituted here.
Yale,Essential Series,Mortise Eternal Lever Handle Comboset,YE-1104-OR-BL-SS,YE-1104 - Lever handle on Rose with Baby Latch,Satin Steel,2640,INR,24,HIGH,Source code uses a placeholder '( __ )' for the finish suffix; AB/SS/BM substituted here.
Yale,Essential Series,Mortise Eternal Lever Handle Comboset,YE-1104-OR-BL-BM,YE-1104 - Lever handle on Rose with Baby Latch,Black Matt,2900,INR,24,HIGH,Source code uses a placeholder '( __ )' for the finish suffix; AB/SS/BM substituted here.
Yale,Essential Series,Mortise Eternal Lever Handle Comboset,YE-1104-8P-6L-AB,"YE-1104 - Lever Handle on 8"" Plate - Six Lever Mortise Body",Antique Brass,2640,INR,24,HIGH,Source code uses a placeholder '( __ )' for the finish suffix; AB/SS/BM substituted here.
Yale,Essential Series,Mortise Eternal Lever Handle Comboset,YE-1104-8P-6L-SS,"YE-1104 - Lever Handle on 8"" Plate - Six Lever Mortise Body",Satin Steel,2640,INR,24,HIGH,Source code uses a placeholder '( __ )' for the finish suffix; AB/SS/BM substituted here.
Yale,Essential Series,Mortise Eternal Lever Handle Comboset,YE-1104-8P-6L-BM,"YE-1104 - Lever Handle on 8"" Plate - Six Lever Mortise Body",Black Matt,2900,INR,24,HIGH,Source code uses a placeholder '( __ )' for the finish suffix; AB/SS/BM substituted here.
Yale,Essential Series,Mortise Eternal Lever Handle Comboset,YE-1105-10P-TT-AB,"YE-1105 - Lever handle with 10"" backplate thumbturn cylinder and lockbody",Antique Brass,4100,INR,24,HIGH,Source code uses a placeholder '( __ )' for the finish suffix; AB/SS/BM substituted here.
Yale,Essential Series,Mortise Eternal Lever Handle Comboset,YE-1105-10P-TT-SS,"YE-1105 - Lever handle with 10"" backplate thumbturn cylinder and lockbody",Satin Steel,4100,INR,24,HIGH,Source code uses a placeholder '( __ )' for the finish suffix; AB/SS/BM substituted here.
Yale,Essential Series,Mortise Eternal Lever Handle Comboset,YE-1105-10P-TT-BM,"YE-1105 - Lever handle with 10"" backplate thumbturn cylinder and lockbody",Black Matt,4440,INR,24,HIGH,Source code uses a placeholder '( __ )' for the finish suffix; AB/SS/BM substituted here.
Yale,Essential Series,Mortise Eternal Lever Handle Comboset,YE-1105-10P-DC-AB,"YE-1105 - Lever handle with 10"" backplate double cylinder and lockbody",Antique Brass,4100,INR,24,HIGH,Source code uses a placeholder '( __ )' for the finish suffix; AB/SS/BM substituted here.
Yale,Essential Series,Mortise Eternal Lever Handle Comboset,YE-1105-10P-DC-SS,"YE-1105 - Lever handle with 10"" backplate double cylinder and lockbody",Satin Steel,4100,INR,24,HIGH,Source code uses a placeholder '( __ )' for the finish suffix; AB/SS/BM substituted here.
Yale,Essential Series,Mortise Eternal Lever Handle Comboset,YE-1105-10P-DC-BM,"YE-1105 - Lever handle with 10"" backplate double cylinder and lockbody",Black Matt,4440,INR,24,HIGH,Source code uses a placeholder '( __ )' for the finish suffix; AB/SS/BM substituted here.
Yale,Essential Series,Mortise Eternal Lever Handle Comboset,YE-1105-8P-TT-AB,"YE-1105 - Lever handle with 8"" backplate thumbturn cylinder and lockbody",Antique Brass,3900,INR,24,HIGH,Source code uses a placeholder '( __ )' for the finish suffix; AB/SS/BM substituted here.
Yale,Essential Series,Mortise Eternal Lever Handle Comboset,YE-1105-8P-TT-SS,"YE-1105 - Lever handle with 8"" backplate thumbturn cylinder and lockbody",Satin Steel,3900,INR,24,HIGH,Source code uses a placeholder '( __ )' for the finish suffix; AB/SS/BM substituted here.
Yale,Essential Series,Mortise Eternal Lever Handle Comboset,YE-1105-8P-TT-BM,"YE-1105 - Lever handle with 8"" backplate thumbturn cylinder and lockbody",Black Matt,4280,INR,24,HIGH,Source code uses a placeholder '( __ )' for the finish suffix; AB/SS/BM substituted here.
Yale,Essential Series,Mortise Eternal Lever Handle Comboset,YE-1105-8P-DC-AB,"YE-1105 - Lever handle with 8"" backplate double cylinder and lockbody",Antique Brass,3900,INR,24,HIGH,Source code uses a placeholder '( __ )' for the finish suffix; AB/SS/BM substituted here.
Yale,Essential Series,Mortise Eternal Lever Handle Comboset,YE-1105-8P-DC-SS,"YE-1105 - Lever handle with 8"" backplate double cylinder and lockbody",Satin Steel,3900,INR,24,HIGH,Source code uses a placeholder '( __ )' for the finish suffix; AB/SS/BM substituted here.
Yale,Essential Series,Mortise Eternal Lever Handle Comboset,YE-1105-8P-DC-BM,"YE-1105 - Lever handle with 8"" backplate double cylinder and lockbody",Black Matt,4280,INR,24,HIGH,Source code uses a placeholder '( __ )' for the finish suffix; AB/SS/BM substituted here.
Yale,Essential Series,Mortise Eternal Lever Handle Comboset,YE-1105-8P-BK-AB,"YE-1105 - Lever handle with 8"" backplate privacy cylinder & lockbody",Antique Brass,3900,INR,24,HIGH,Source code uses a placeholder '( __ )' for the finish suffix; AB/SS/BM substituted here.
Yale,Essential Series,Mortise Eternal Lever Handle Comboset,YE-1105-8P-BK-SS,"YE-1105 - Lever handle with 8"" backplate privacy cylinder & lockbody",Satin Steel,3900,INR,24,HIGH,Source code uses a placeholder '( __ )' for the finish suffix; AB/SS/BM substituted here.
Yale,Essential Series,Mortise Eternal Lever Handle Comboset,YE-1105-8P-BK-BM,"YE-1105 - Lever handle with 8"" backplate privacy cylinder & lockbody",Black Matt,4280,INR,24,HIGH,Source code uses a placeholder '( __ )' for the finish suffix; AB/SS/BM substituted here.
Yale,Essential Series,Mortise Eternal Lever Handle Comboset,YE-1105-5P-BL-AB,"YE-1105 - Lever handle with 5"" backplate with baby latch",Antique Brass,2640,INR,24,HIGH,Source code uses a placeholder '( __ )' for the finish suffix; AB/SS/BM substituted here.
Yale,Essential Series,Mortise Eternal Lever Handle Comboset,YE-1105-5P-BL-SS,"YE-1105 - Lever handle with 5"" backplate with baby latch",Satin Steel,2640,INR,24,HIGH,Source code uses a placeholder '( __ )' for the finish suffix; AB/SS/BM substituted here.
Yale,Essential Series,Mortise Eternal Lever Handle Comboset,YE-1105-5P-BL-BM,"YE-1105 - Lever handle with 5"" backplate with baby latch",Black Matt,2900,INR,24,HIGH,Source code uses a placeholder '( __ )' for the finish suffix; AB/SS/BM substituted here.
Yale,Essential Series,Mortise Eternal Lever Handle Comboset,YE-1105-OR-TT-AB,YE-1105 - Lever handle with Rose & Escutcheons with thumbturn cylinder and lockbody,Antique Brass,4100,INR,24,HIGH,Source code uses a placeholder '( __ )' for the finish suffix; AB/SS/BM substituted here.
Yale,Essential Series,Mortise Eternal Lever Handle Comboset,YE-1105-OR-TT-SS,YE-1105 - Lever handle with Rose & Escutcheons with thumbturn cylinder and lockbody,Satin Steel,4100,INR,24,HIGH,Source code uses a placeholder '( __ )' for the finish suffix; AB/SS/BM substituted here.
Yale,Essential Series,Mortise Eternal Lever Handle Comboset,YE-1105-OR-TT-BM,YE-1105 - Lever handle with Rose & Escutcheons with thumbturn cylinder and lockbody,Black Matt,4440,INR,24,HIGH,Source code uses a placeholder '( __ )' for the finish suffix; AB/SS/BM substituted here.
Yale,Essential Series,Mortise Eternal Lever Handle Comboset,YE-1105-OR-DC-AB,YE-1105 - Lever handle with Rose & Escutcheons with double cylinder and lockbody,Antique Brass,4100,INR,24,HIGH,Source code uses a placeholder '( __ )' for the finish suffix; AB/SS/BM substituted here.
Yale,Essential Series,Mortise Eternal Lever Handle Comboset,YE-1105-OR-DC-SS,YE-1105 - Lever handle with Rose & Escutcheons with double cylinder and lockbody,Satin Steel,4100,INR,24,HIGH,Source code uses a placeholder '( __ )' for the finish suffix; AB/SS/BM substituted here.
Yale,Essential Series,Mortise Eternal Lever Handle Comboset,YE-1105-OR-DC-BM,YE-1105 - Lever handle with Rose & Escutcheons with double cylinder and lockbody,Black Matt,4440,INR,24,HIGH,Source code uses a placeholder '( __ )' for the finish suffix; AB/SS/BM substituted here.
Yale,Essential Series,Mortise Eternal Lever Handle Comboset,YE-1105-OR-BK-AB,YE-1105 - Lever handle with Rose & Escutcheons with privacy cylinder and lockbody,Antique Brass,4100,INR,24,HIGH,Source code uses a placeholder '( __ )' for the finish suffix; AB/SS/BM substituted here.
Yale,Essential Series,Mortise Eternal Lever Handle Comboset,YE-1105-OR-BK-SS,YE-1105 - Lever handle with Rose & Escutcheons with privacy cylinder and lockbody,Satin Steel,4100,INR,24,HIGH,Source code uses a placeholder '( __ )' for the finish suffix; AB/SS/BM substituted here.
Yale,Essential Series,Mortise Eternal Lever Handle Comboset,YE-1105-OR-BK-BM,YE-1105 - Lever handle with Rose & Escutcheons with privacy cylinder and lockbody,Black Matt,4440,INR,24,HIGH,Source code uses a placeholder '( __ )' for the finish suffix; AB/SS/BM substituted here.
Yale,Essential Series,Mortise Eternal Lever Handle Comboset,YE-1105-OR-BL-AB,YE-1105 - Lever handle on Rose with Baby Latch,Antique Brass,2640,INR,24,HIGH,Source code uses a placeholder '( __ )' for the finish suffix; AB/SS/BM substituted here.
Yale,Essential Series,Mortise Eternal Lever Handle Comboset,YE-1105-OR-BL-SS,YE-1105 - Lever handle on Rose with Baby Latch,Satin Steel,2640,INR,24,HIGH,Source code uses a placeholder '( __ )' for the finish suffix; AB/SS/BM substituted here.
Yale,Essential Series,Mortise Eternal Lever Handle Comboset,YE-1105-OR-BL-BM,YE-1105 - Lever handle on Rose with Baby Latch,Black Matt,2900,INR,24,HIGH,Source code uses a placeholder '( __ )' for the finish suffix; AB/SS/BM substituted here.
Yale,Essential Series,Mortise Eternal Lever Handle Comboset,YE-1105-8P-6L-AB,"YE-1105 - Lever Handle on 8"" Plate - Six Lever Mortise Body",Antique Brass,2640,INR,24,HIGH,Source code uses a placeholder '( __ )' for the finish suffix; AB/SS/BM substituted here.
Yale,Essential Series,Mortise Eternal Lever Handle Comboset,YE-1105-8P-6L-SS,"YE-1105 - Lever Handle on 8"" Plate - Six Lever Mortise Body",Satin Steel,2640,INR,24,HIGH,Source code uses a placeholder '( __ )' for the finish suffix; AB/SS/BM substituted here.
Yale,Essential Series,Mortise Eternal Lever Handle Comboset,YE-1105-8P-6L-BM,"YE-1105 - Lever Handle on 8"" Plate - Six Lever Mortise Body",Black Matt,2900,INR,24,HIGH,Source code uses a placeholder '( __ )' for the finish suffix; AB/SS/BM substituted here.
Yale,Essential Series,Mortise Eternal Lever Handle Comboset,YE-1107-10P-TT-AB,"YE-1107 - Lever handle with 10"" backplate thumbturn cylinder and lockbody",Antique Brass,4100,INR,25,HIGH,Source code uses a placeholder '( __ )' for the finish suffix; AB/SS/BM substituted here.
Yale,Essential Series,Mortise Eternal Lever Handle Comboset,YE-1107-10P-TT-SS,"YE-1107 - Lever handle with 10"" backplate thumbturn cylinder and lockbody",Satin Steel,4100,INR,25,HIGH,Source code uses a placeholder '( __ )' for the finish suffix; AB/SS/BM substituted here.
Yale,Essential Series,Mortise Eternal Lever Handle Comboset,YE-1107-10P-TT-BM,"YE-1107 - Lever handle with 10"" backplate thumbturn cylinder and lockbody",Black Matt,4440,INR,25,HIGH,Source code uses a placeholder '( __ )' for the finish suffix; AB/SS/BM substituted here.
Yale,Essential Series,Mortise Eternal Lever Handle Comboset,YE-1107-10P-DC-AB,"YE-1107 - Lever handle with 10"" backplate double cylinder and lockbody",Antique Brass,4100,INR,25,HIGH,Source code uses a placeholder '( __ )' for the finish suffix; AB/SS/BM substituted here.
Yale,Essential Series,Mortise Eternal Lever Handle Comboset,YE-1107-10P-DC-SS,"YE-1107 - Lever handle with 10"" backplate double cylinder and lockbody",Satin Steel,4100,INR,25,HIGH,Source code uses a placeholder '( __ )' for the finish suffix; AB/SS/BM substituted here.
Yale,Essential Series,Mortise Eternal Lever Handle Comboset,YE-1107-10P-DC-BM,"YE-1107 - Lever handle with 10"" backplate double cylinder and lockbody",Black Matt,4440,INR,25,HIGH,Source code uses a placeholder '( __ )' for the finish suffix; AB/SS/BM substituted here.
Yale,Essential Series,Mortise Eternal Lever Handle Comboset,YE-1107-8P-TT-AB,"YE-1107 - Lever handle with 8"" backplate thumbturn cylinder and lockbody",Antique Brass,3900,INR,25,HIGH,Source code uses a placeholder '( __ )' for the finish suffix; AB/SS/BM substituted here.
Yale,Essential Series,Mortise Eternal Lever Handle Comboset,YE-1107-8P-TT-SS,"YE-1107 - Lever handle with 8"" backplate thumbturn cylinder and lockbody",Satin Steel,3900,INR,25,HIGH,Source code uses a placeholder '( __ )' for the finish suffix; AB/SS/BM substituted here.
Yale,Essential Series,Mortise Eternal Lever Handle Comboset,YE-1107-8P-TT-BM,"YE-1107 - Lever handle with 8"" backplate thumbturn cylinder and lockbody",Black Matt,4280,INR,25,HIGH,Source code uses a placeholder '( __ )' for the finish suffix; AB/SS/BM substituted here.
Yale,Essential Series,Mortise Eternal Lever Handle Comboset,YE-1107-8P-DC-AB,"YE-1107 - Lever handle with 8"" backplate double cylinder and lockbody",Antique Brass,3900,INR,25,HIGH,Source code uses a placeholder '( __ )' for the finish suffix; AB/SS/BM substituted here.
Yale,Essential Series,Mortise Eternal Lever Handle Comboset,YE-1107-8P-DC-SS,"YE-1107 - Lever handle with 8"" backplate double cylinder and lockbody",Satin Steel,3900,INR,25,HIGH,Source code uses a placeholder '( __ )' for the finish suffix; AB/SS/BM substituted here.
Yale,Essential Series,Mortise Eternal Lever Handle Comboset,YE-1107-8P-DC-BM,"YE-1107 - Lever handle with 8"" backplate double cylinder and lockbody",Black Matt,4280,INR,25,HIGH,Source code uses a placeholder '( __ )' for the finish suffix; AB/SS/BM substituted here.
Yale,Essential Series,Mortise Eternal Lever Handle Comboset,YE-1107-8P-BK-AB,"YE-1107 - Lever handle with 8"" backplate privacy cylinder & lockbody",Antique Brass,3900,INR,25,HIGH,Source code uses a placeholder '( __ )' for the finish suffix; AB/SS/BM substituted here.
Yale,Essential Series,Mortise Eternal Lever Handle Comboset,YE-1107-8P-BK-SS,"YE-1107 - Lever handle with 8"" backplate privacy cylinder & lockbody",Satin Steel,3900,INR,25,HIGH,Source code uses a placeholder '( __ )' for the finish suffix; AB/SS/BM substituted here.
Yale,Essential Series,Mortise Eternal Lever Handle Comboset,YE-1107-8P-BK-BM,"YE-1107 - Lever handle with 8"" backplate privacy cylinder & lockbody",Black Matt,4280,INR,25,HIGH,Source code uses a placeholder '( __ )' for the finish suffix; AB/SS/BM substituted here.
Yale,Essential Series,Mortise Eternal Lever Handle Comboset,YE-1107-5P-BL-AB,"YE-1107 - Lever handle with 5"" backplate with baby latch",Antique Brass,2640,INR,25,HIGH,Source code uses a placeholder '( __ )' for the finish suffix; AB/SS/BM substituted here.
Yale,Essential Series,Mortise Eternal Lever Handle Comboset,YE-1107-5P-BL-SS,"YE-1107 - Lever handle with 5"" backplate with baby latch",Satin Steel,2640,INR,25,HIGH,Source code uses a placeholder '( __ )' for the finish suffix; AB/SS/BM substituted here.
Yale,Essential Series,Mortise Eternal Lever Handle Comboset,YE-1107-5P-BL-BM,"YE-1107 - Lever handle with 5"" backplate with baby latch",Black Matt,2900,INR,25,HIGH,Source code uses a placeholder '( __ )' for the finish suffix; AB/SS/BM substituted here.
Yale,Essential Series,Mortise Eternal Lever Handle Comboset,YE-1107-OR-TT-AB,YE-1107 - Lever handle with Rose & Escutcheons with thumbturn cylinder and lockbody,Antique Brass,4100,INR,25,HIGH,Source code uses a placeholder '( __ )' for the finish suffix; AB/SS/BM substituted here.
Yale,Essential Series,Mortise Eternal Lever Handle Comboset,YE-1107-OR-TT-SS,YE-1107 - Lever handle with Rose & Escutcheons with thumbturn cylinder and lockbody,Satin Steel,4100,INR,25,HIGH,Source code uses a placeholder '( __ )' for the finish suffix; AB/SS/BM substituted here.
Yale,Essential Series,Mortise Eternal Lever Handle Comboset,YE-1107-OR-TT-BM,YE-1107 - Lever handle with Rose & Escutcheons with thumbturn cylinder and lockbody,Black Matt,4440,INR,25,HIGH,Source code uses a placeholder '( __ )' for the finish suffix; AB/SS/BM substituted here.
Yale,Essential Series,Mortise Eternal Lever Handle Comboset,YE-1107-OR-DC-AB,YE-1107 - Lever handle with Rose & Escutcheons with double cylinder and lockbody,Antique Brass,4100,INR,25,HIGH,Source code uses a placeholder '( __ )' for the finish suffix; AB/SS/BM substituted here.
Yale,Essential Series,Mortise Eternal Lever Handle Comboset,YE-1107-OR-DC-SS,YE-1107 - Lever handle with Rose & Escutcheons with double cylinder and lockbody,Satin Steel,4100,INR,25,HIGH,Source code uses a placeholder '( __ )' for the finish suffix; AB/SS/BM substituted here.
Yale,Essential Series,Mortise Eternal Lever Handle Comboset,YE-1107-OR-DC-BM,YE-1107 - Lever handle with Rose & Escutcheons with double cylinder and lockbody,Black Matt,4440,INR,25,HIGH,Source code uses a placeholder '( __ )' for the finish suffix; AB/SS/BM substituted here.
Yale,Essential Series,Mortise Eternal Lever Handle Comboset,YE-1107-OR-BK-AB,YE-1107 - Lever handle with Rose & Escutcheons with privacy cylinder and lockbody,Antique Brass,4100,INR,25,HIGH,Source code uses a placeholder '( __ )' for the finish suffix; AB/SS/BM substituted here.
Yale,Essential Series,Mortise Eternal Lever Handle Comboset,YE-1107-OR-BK-SS,YE-1107 - Lever handle with Rose & Escutcheons with privacy cylinder and lockbody,Satin Steel,4100,INR,25,HIGH,Source code uses a placeholder '( __ )' for the finish suffix; AB/SS/BM substituted here.
Yale,Essential Series,Mortise Eternal Lever Handle Comboset,YE-1107-OR-BK-BM,YE-1107 - Lever handle with Rose & Escutcheons with privacy cylinder and lockbody,Black Matt,4440,INR,25,HIGH,Source code uses a placeholder '( __ )' for the finish suffix; AB/SS/BM substituted here.
Yale,Essential Series,Mortise Eternal Lever Handle Comboset,YE-1107-OR-BL-AB,YE-1107 - Lever handle on Rose with Baby Latch,Antique Brass,2640,INR,25,HIGH,Source code uses a placeholder '( __ )' for the finish suffix; AB/SS/BM substituted here.
Yale,Essential Series,Mortise Eternal Lever Handle Comboset,YE-1107-OR-BL-SS,YE-1107 - Lever handle on Rose with Baby Latch,Satin Steel,2640,INR,25,HIGH,Source code uses a placeholder '( __ )' for the finish suffix; AB/SS/BM substituted here.
Yale,Essential Series,Mortise Eternal Lever Handle Comboset,YE-1107-OR-BL-BM,YE-1107 - Lever handle on Rose with Baby Latch,Black Matt,2900,INR,25,HIGH,Source code uses a placeholder '( __ )' for the finish suffix; AB/SS/BM substituted here.
Yale,Essential Series,Mortise Eternal Lever Handle Comboset,YE-1107-8P-6L-AB,"YE-1107 - Lever Handle on 8"" Plate - Six Lever Mortise Body",Antique Brass,2640,INR,25,HIGH,Source code uses a placeholder '( __ )' for the finish suffix; AB/SS/BM substituted here.
Yale,Essential Series,Mortise Eternal Lever Handle Comboset,YE-1107-8P-6L-SS,"YE-1107 - Lever Handle on 8"" Plate - Six Lever Mortise Body",Satin Steel,2640,INR,25,HIGH,Source code uses a placeholder '( __ )' for the finish suffix; AB/SS/BM substituted here.
Yale,Essential Series,Mortise Eternal Lever Handle Comboset,YE-1107-8P-6L-BM,"YE-1107 - Lever Handle on 8"" Plate - Six Lever Mortise Body",Black Matt,2900,INR,25,HIGH,Source code uses a placeholder '( __ )' for the finish suffix; AB/SS/BM substituted here.
Yale,Essential Series,Mortise Eternal Lever Handle Comboset,YE-1108-10P-TT-AB,"YE-1108 - Lever handle with 10"" backplate thumbturn cylinder and lockbody",Antique Brass,4100,INR,25,HIGH,Source code uses a placeholder '( __ )' for the finish suffix; AB/SS/BM substituted here.
Yale,Essential Series,Mortise Eternal Lever Handle Comboset,YE-1108-10P-TT-SS,"YE-1108 - Lever handle with 10"" backplate thumbturn cylinder and lockbody",Satin Steel,4100,INR,25,HIGH,Source code uses a placeholder '( __ )' for the finish suffix; AB/SS/BM substituted here.
Yale,Essential Series,Mortise Eternal Lever Handle Comboset,YE-1108-10P-TT-BM,"YE-1108 - Lever handle with 10"" backplate thumbturn cylinder and lockbody",Black Matt,4440,INR,25,HIGH,Source code uses a placeholder '( __ )' for the finish suffix; AB/SS/BM substituted here.
Yale,Essential Series,Mortise Eternal Lever Handle Comboset,YE-1108-10P-DC-AB,"YE-1108 - Lever handle with 10"" backplate double cylinder and lockbody",Antique Brass,4100,INR,25,HIGH,Source code uses a placeholder '( __ )' for the finish suffix; AB/SS/BM substituted here.
Yale,Essential Series,Mortise Eternal Lever Handle Comboset,YE-1108-10P-DC-SS,"YE-1108 - Lever handle with 10"" backplate double cylinder and lockbody",Satin Steel,4100,INR,25,HIGH,Source code uses a placeholder '( __ )' for the finish suffix; AB/SS/BM substituted here.
Yale,Essential Series,Mortise Eternal Lever Handle Comboset,YE-1108-10P-DC-BM,"YE-1108 - Lever handle with 10"" backplate double cylinder and lockbody",Black Matt,4440,INR,25,HIGH,Source code uses a placeholder '( __ )' for the finish suffix; AB/SS/BM substituted here.
Yale,Essential Series,Mortise Eternal Lever Handle Comboset,YE-1108-8P-TT-AB,"YE-1108 - Lever handle with 8"" backplate thumbturn cylinder and lockbody",Antique Brass,3900,INR,25,HIGH,Source code uses a placeholder '( __ )' for the finish suffix; AB/SS/BM substituted here.
Yale,Essential Series,Mortise Eternal Lever Handle Comboset,YE-1108-8P-TT-SS,"YE-1108 - Lever handle with 8"" backplate thumbturn cylinder and lockbody",Satin Steel,3900,INR,25,HIGH,Source code uses a placeholder '( __ )' for the finish suffix; AB/SS/BM substituted here.
Yale,Essential Series,Mortise Eternal Lever Handle Comboset,YE-1108-8P-TT-BM,"YE-1108 - Lever handle with 8"" backplate thumbturn cylinder and lockbody",Black Matt,4280,INR,25,HIGH,Source code uses a placeholder '( __ )' for the finish suffix; AB/SS/BM substituted here.
Yale,Essential Series,Mortise Eternal Lever Handle Comboset,YE-1108-8P-DC-AB,"YE-1108 - Lever handle with 8"" backplate double cylinder and lockbody",Antique Brass,3900,INR,25,HIGH,Source code uses a placeholder '( __ )' for the finish suffix; AB/SS/BM substituted here.
Yale,Essential Series,Mortise Eternal Lever Handle Comboset,YE-1108-8P-DC-SS,"YE-1108 - Lever handle with 8"" backplate double cylinder and lockbody",Satin Steel,3900,INR,25,HIGH,Source code uses a placeholder '( __ )' for the finish suffix; AB/SS/BM substituted here.
Yale,Essential Series,Mortise Eternal Lever Handle Comboset,YE-1108-8P-DC-BM,"YE-1108 - Lever handle with 8"" backplate double cylinder and lockbody",Black Matt,4280,INR,25,HIGH,Source code uses a placeholder '( __ )' for the finish suffix; AB/SS/BM substituted here.
Yale,Essential Series,Mortise Eternal Lever Handle Comboset,YE-1108-8P-BK-AB,"YE-1108 - Lever handle with 8"" backplate privacy cylinder & lockbody",Antique Brass,3900,INR,25,HIGH,Source code uses a placeholder '( __ )' for the finish suffix; AB/SS/BM substituted here.
Yale,Essential Series,Mortise Eternal Lever Handle Comboset,YE-1108-8P-BK-SS,"YE-1108 - Lever handle with 8"" backplate privacy cylinder & lockbody",Satin Steel,3900,INR,25,HIGH,Source code uses a placeholder '( __ )' for the finish suffix; AB/SS/BM substituted here.
Yale,Essential Series,Mortise Eternal Lever Handle Comboset,YE-1108-8P-BK-BM,"YE-1108 - Lever handle with 8"" backplate privacy cylinder & lockbody",Black Matt,4280,INR,25,HIGH,Source code uses a placeholder '( __ )' for the finish suffix; AB/SS/BM substituted here.
Yale,Essential Series,Mortise Eternal Lever Handle Comboset,YE-1108-5P-BL-AB,"YE-1108 - Lever handle with 5"" backplate with baby latch",Antique Brass,2640,INR,25,HIGH,Source code uses a placeholder '( __ )' for the finish suffix; AB/SS/BM substituted here.
Yale,Essential Series,Mortise Eternal Lever Handle Comboset,YE-1108-5P-BL-SS,"YE-1108 - Lever handle with 5"" backplate with baby latch",Satin Steel,2640,INR,25,HIGH,Source code uses a placeholder '( __ )' for the finish suffix; AB/SS/BM substituted here.
Yale,Essential Series,Mortise Eternal Lever Handle Comboset,YE-1108-5P-BL-BM,"YE-1108 - Lever handle with 5"" backplate with baby latch",Black Matt,2900,INR,25,HIGH,Source code uses a placeholder '( __ )' for the finish suffix; AB/SS/BM substituted here.
Yale,Essential Series,Mortise Eternal Lever Handle Comboset,YE-1108-OR-TT-AB,YE-1108 - Lever handle with Rose & Escutcheons with thumbturn cylinder and lockbody,Antique Brass,4100,INR,25,HIGH,Source code uses a placeholder '( __ )' for the finish suffix; AB/SS/BM substituted here.
Yale,Essential Series,Mortise Eternal Lever Handle Comboset,YE-1108-OR-TT-SS,YE-1108 - Lever handle with Rose & Escutcheons with thumbturn cylinder and lockbody,Satin Steel,4100,INR,25,HIGH,Source code uses a placeholder '( __ )' for the finish suffix; AB/SS/BM substituted here.
Yale,Essential Series,Mortise Eternal Lever Handle Comboset,YE-1108-OR-TT-BM,YE-1108 - Lever handle with Rose & Escutcheons with thumbturn cylinder and lockbody,Black Matt,4440,INR,25,HIGH,Source code uses a placeholder '( __ )' for the finish suffix; AB/SS/BM substituted here.
Yale,Essential Series,Mortise Eternal Lever Handle Comboset,YE-1108-OR-DC-AB,YE-1108 - Lever handle with Rose & Escutcheons with double cylinder and lockbody,Antique Brass,4100,INR,25,HIGH,Source code uses a placeholder '( __ )' for the finish suffix; AB/SS/BM substituted here.
Yale,Essential Series,Mortise Eternal Lever Handle Comboset,YE-1108-OR-DC-SS,YE-1108 - Lever handle with Rose & Escutcheons with double cylinder and lockbody,Satin Steel,4100,INR,25,HIGH,Source code uses a placeholder '( __ )' for the finish suffix; AB/SS/BM substituted here.
Yale,Essential Series,Mortise Eternal Lever Handle Comboset,YE-1108-OR-DC-BM,YE-1108 - Lever handle with Rose & Escutcheons with double cylinder and lockbody,Black Matt,4440,INR,25,HIGH,Source code uses a placeholder '( __ )' for the finish suffix; AB/SS/BM substituted here.
Yale,Essential Series,Mortise Eternal Lever Handle Comboset,YE-1108-OR-BK-AB,YE-1108 - Lever handle with Rose & Escutcheons with privacy cylinder and lockbody,Antique Brass,4100,INR,25,HIGH,Source code uses a placeholder '( __ )' for the finish suffix; AB/SS/BM substituted here.
Yale,Essential Series,Mortise Eternal Lever Handle Comboset,YE-1108-OR-BK-SS,YE-1108 - Lever handle with Rose & Escutcheons with privacy cylinder and lockbody,Satin Steel,4100,INR,25,HIGH,Source code uses a placeholder '( __ )' for the finish suffix; AB/SS/BM substituted here.
Yale,Essential Series,Mortise Eternal Lever Handle Comboset,YE-1108-OR-BK-BM,YE-1108 - Lever handle with Rose & Escutcheons with privacy cylinder and lockbody,Black Matt,4440,INR,25,HIGH,Source code uses a placeholder '( __ )' for the finish suffix; AB/SS/BM substituted here.
Yale,Essential Series,Mortise Eternal Lever Handle Comboset,YE-1108-OR-BL-AB,YE-1108 - Lever handle on Rose with Baby Latch,Antique Brass,2640,INR,25,HIGH,Source code uses a placeholder '( __ )' for the finish suffix; AB/SS/BM substituted here.
Yale,Essential Series,Mortise Eternal Lever Handle Comboset,YE-1108-OR-BL-SS,YE-1108 - Lever handle on Rose with Baby Latch,Satin Steel,2640,INR,25,HIGH,Source code uses a placeholder '( __ )' for the finish suffix; AB/SS/BM substituted here.
Yale,Essential Series,Mortise Eternal Lever Handle Comboset,YE-1108-OR-BL-BM,YE-1108 - Lever handle on Rose with Baby Latch,Black Matt,2900,INR,25,HIGH,Source code uses a placeholder '( __ )' for the finish suffix; AB/SS/BM substituted here.
Yale,Essential Series,Mortise Eternal Lever Handle Comboset,YE-1108-8P-6L-AB,"YE-1108 - Lever Handle on 8"" Plate - Six Lever Mortise Body",Antique Brass,2640,INR,25,HIGH,Source code uses a placeholder '( __ )' for the finish suffix; AB/SS/BM substituted here.
Yale,Essential Series,Mortise Eternal Lever Handle Comboset,YE-1108-8P-6L-SS,"YE-1108 - Lever Handle on 8"" Plate - Six Lever Mortise Body",Satin Steel,2640,INR,25,HIGH,Source code uses a placeholder '( __ )' for the finish suffix; AB/SS/BM substituted here.
Yale,Essential Series,Mortise Eternal Lever Handle Comboset,YE-1108-8P-6L-BM,"YE-1108 - Lever Handle on 8"" Plate - Six Lever Mortise Body",Black Matt,2900,INR,25,HIGH,Source code uses a placeholder '( __ )' for the finish suffix; AB/SS/BM substituted here.
Yale,Essential Series,Mortise Eternal Lever Handle Comboset,YE-1109-10P-TT-AB,"YE-1109 - Lever handle with 10"" backplate thumbturn cylinder and lockbody",Antique Brass,4100,INR,26,HIGH,Source code uses a placeholder '( __ )' for the finish suffix; AB/SS/BM substituted here.
Yale,Essential Series,Mortise Eternal Lever Handle Comboset,YE-1109-10P-TT-SS,"YE-1109 - Lever handle with 10"" backplate thumbturn cylinder and lockbody",Satin Steel,4100,INR,26,HIGH,Source code uses a placeholder '( __ )' for the finish suffix; AB/SS/BM substituted here.
Yale,Essential Series,Mortise Eternal Lever Handle Comboset,YE-1109-10P-TT-BM,"YE-1109 - Lever handle with 10"" backplate thumbturn cylinder and lockbody",Black Matt,4440,INR,26,HIGH,Source code uses a placeholder '( __ )' for the finish suffix; AB/SS/BM substituted here.
Yale,Essential Series,Mortise Eternal Lever Handle Comboset,YE-1109-10P-DC-AB,"YE-1109 - Lever handle with 10"" backplate double cylinder and lockbody",Antique Brass,4100,INR,26,HIGH,Source code uses a placeholder '( __ )' for the finish suffix; AB/SS/BM substituted here.
Yale,Essential Series,Mortise Eternal Lever Handle Comboset,YE-1109-10P-DC-SS,"YE-1109 - Lever handle with 10"" backplate double cylinder and lockbody",Satin Steel,4100,INR,26,HIGH,Source code uses a placeholder '( __ )' for the finish suffix; AB/SS/BM substituted here.
Yale,Essential Series,Mortise Eternal Lever Handle Comboset,YE-1109-10P-DC-BM,"YE-1109 - Lever handle with 10"" backplate double cylinder and lockbody",Black Matt,4440,INR,26,HIGH,Source code uses a placeholder '( __ )' for the finish suffix; AB/SS/BM substituted here.
Yale,Essential Series,Mortise Eternal Lever Handle Comboset,YE-1109-8P-TT-AB,"YE-1109 - Lever handle with 8"" backplate thumbturn cylinder and lockbody",Antique Brass,3900,INR,26,HIGH,Source code uses a placeholder '( __ )' for the finish suffix; AB/SS/BM substituted here.
Yale,Essential Series,Mortise Eternal Lever Handle Comboset,YE-1109-8P-TT-SS,"YE-1109 - Lever handle with 8"" backplate thumbturn cylinder and lockbody",Satin Steel,3900,INR,26,HIGH,Source code uses a placeholder '( __ )' for the finish suffix; AB/SS/BM substituted here.
Yale,Essential Series,Mortise Eternal Lever Handle Comboset,YE-1109-8P-TT-BM,"YE-1109 - Lever handle with 8"" backplate thumbturn cylinder and lockbody",Black Matt,4280,INR,26,HIGH,Source code uses a placeholder '( __ )' for the finish suffix; AB/SS/BM substituted here.
Yale,Essential Series,Mortise Eternal Lever Handle Comboset,YE-1109-8P-DC-AB,"YE-1109 - Lever handle with 8"" backplate double cylinder and lockbody",Antique Brass,3900,INR,26,HIGH,Source code uses a placeholder '( __ )' for the finish suffix; AB/SS/BM substituted here.
Yale,Essential Series,Mortise Eternal Lever Handle Comboset,YE-1109-8P-DC-SS,"YE-1109 - Lever handle with 8"" backplate double cylinder and lockbody",Satin Steel,3900,INR,26,HIGH,Source code uses a placeholder '( __ )' for the finish suffix; AB/SS/BM substituted here.
Yale,Essential Series,Mortise Eternal Lever Handle Comboset,YE-1109-8P-DC-BM,"YE-1109 - Lever handle with 8"" backplate double cylinder and lockbody",Black Matt,4280,INR,26,HIGH,Source code uses a placeholder '( __ )' for the finish suffix; AB/SS/BM substituted here.
Yale,Essential Series,Mortise Eternal Lever Handle Comboset,YE-1109-8P-BK-AB,"YE-1109 - Lever handle with 8"" backplate privacy cylinder & lockbody",Antique Brass,3900,INR,26,HIGH,Source code uses a placeholder '( __ )' for the finish suffix; AB/SS/BM substituted here.
Yale,Essential Series,Mortise Eternal Lever Handle Comboset,YE-1109-8P-BK-SS,"YE-1109 - Lever handle with 8"" backplate privacy cylinder & lockbody",Satin Steel,3900,INR,26,HIGH,Source code uses a placeholder '( __ )' for the finish suffix; AB/SS/BM substituted here.
Yale,Essential Series,Mortise Eternal Lever Handle Comboset,YE-1109-8P-BK-BM,"YE-1109 - Lever handle with 8"" backplate privacy cylinder & lockbody",Black Matt,4280,INR,26,HIGH,Source code uses a placeholder '( __ )' for the finish suffix; AB/SS/BM substituted here.
Yale,Essential Series,Mortise Eternal Lever Handle Comboset,YE-1109-5P-BL-AB,"YE-1109 - Lever handle with 5"" backplate with baby latch",Antique Brass,2640,INR,26,HIGH,Source code uses a placeholder '( __ )' for the finish suffix; AB/SS/BM substituted here.
Yale,Essential Series,Mortise Eternal Lever Handle Comboset,YE-1109-5P-BL-SS,"YE-1109 - Lever handle with 5"" backplate with baby latch",Satin Steel,2640,INR,26,HIGH,Source code uses a placeholder '( __ )' for the finish suffix; AB/SS/BM substituted here.
Yale,Essential Series,Mortise Eternal Lever Handle Comboset,YE-1109-5P-BL-BM,"YE-1109 - Lever handle with 5"" backplate with baby latch",Black Matt,2900,INR,26,HIGH,Source code uses a placeholder '( __ )' for the finish suffix; AB/SS/BM substituted here.
Yale,Essential Series,Mortise Eternal Lever Handle Comboset,YE-1109-OR-TT-AB,YE-1109 - Lever handle with Rose & Escutcheons with thumbturn cylinder and lockbody,Antique Brass,4100,INR,26,HIGH,Source code uses a placeholder '( __ )' for the finish suffix; AB/SS/BM substituted here.
Yale,Essential Series,Mortise Eternal Lever Handle Comboset,YE-1109-OR-TT-SS,YE-1109 - Lever handle with Rose & Escutcheons with thumbturn cylinder and lockbody,Satin Steel,4100,INR,26,HIGH,Source code uses a placeholder '( __ )' for the finish suffix; AB/SS/BM substituted here.
Yale,Essential Series,Mortise Eternal Lever Handle Comboset,YE-1109-OR-TT-BM,YE-1109 - Lever handle with Rose & Escutcheons with thumbturn cylinder and lockbody,Black Matt,4440,INR,26,HIGH,Source code uses a placeholder '( __ )' for the finish suffix; AB/SS/BM substituted here.
Yale,Essential Series,Mortise Eternal Lever Handle Comboset,YE-1109-OR-DC-AB,YE-1109 - Lever handle with Rose & Escutcheons with double cylinder and lockbody,Antique Brass,4100,INR,26,HIGH,Source code uses a placeholder '( __ )' for the finish suffix; AB/SS/BM substituted here.
Yale,Essential Series,Mortise Eternal Lever Handle Comboset,YE-1109-OR-DC-SS,YE-1109 - Lever handle with Rose & Escutcheons with double cylinder and lockbody,Satin Steel,4100,INR,26,HIGH,Source code uses a placeholder '( __ )' for the finish suffix; AB/SS/BM substituted here.
Yale,Essential Series,Mortise Eternal Lever Handle Comboset,YE-1109-OR-DC-BM,YE-1109 - Lever handle with Rose & Escutcheons with double cylinder and lockbody,Black Matt,4440,INR,26,HIGH,Source code uses a placeholder '( __ )' for the finish suffix; AB/SS/BM substituted here.
Yale,Essential Series,Mortise Eternal Lever Handle Comboset,YE-1109-OR-BK-AB,YE-1109 - Lever handle with Rose & Escutcheons with privacy cylinder and lockbody,Antique Brass,4100,INR,26,HIGH,Source code uses a placeholder '( __ )' for the finish suffix; AB/SS/BM substituted here.
Yale,Essential Series,Mortise Eternal Lever Handle Comboset,YE-1109-OR-BK-SS,YE-1109 - Lever handle with Rose & Escutcheons with privacy cylinder and lockbody,Satin Steel,4100,INR,26,HIGH,Source code uses a placeholder '( __ )' for the finish suffix; AB/SS/BM substituted here.
Yale,Essential Series,Mortise Eternal Lever Handle Comboset,YE-1109-OR-BK-BM,YE-1109 - Lever handle with Rose & Escutcheons with privacy cylinder and lockbody,Black Matt,4440,INR,26,HIGH,Source code uses a placeholder '( __ )' for the finish suffix; AB/SS/BM substituted here.
Yale,Essential Series,Mortise Eternal Lever Handle Comboset,YE-1109-OR-BL-AB,YE-1109 - Lever handle on Rose with Baby Latch,Antique Brass,2640,INR,26,HIGH,Source code uses a placeholder '( __ )' for the finish suffix; AB/SS/BM substituted here.
Yale,Essential Series,Mortise Eternal Lever Handle Comboset,YE-1109-OR-BL-SS,YE-1109 - Lever handle on Rose with Baby Latch,Satin Steel,2640,INR,26,HIGH,Source code uses a placeholder '( __ )' for the finish suffix; AB/SS/BM substituted here.
Yale,Essential Series,Mortise Eternal Lever Handle Comboset,YE-1109-OR-BL-BM,YE-1109 - Lever handle on Rose with Baby Latch,Black Matt,2900,INR,26,HIGH,Source code uses a placeholder '( __ )' for the finish suffix; AB/SS/BM substituted here.
Yale,Essential Series,Mortise Eternal Lever Handle Comboset,YE-1109-8P-6L-AB,"YE-1109 - Lever Handle on 8"" Plate - Six Lever Mortise Body",Antique Brass,2640,INR,26,HIGH,Source code uses a placeholder '( __ )' for the finish suffix; AB/SS/BM substituted here.
Yale,Essential Series,Mortise Eternal Lever Handle Comboset,YE-1109-8P-6L-SS,"YE-1109 - Lever Handle on 8"" Plate - Six Lever Mortise Body",Satin Steel,2640,INR,26,HIGH,Source code uses a placeholder '( __ )' for the finish suffix; AB/SS/BM substituted here.
Yale,Essential Series,Mortise Eternal Lever Handle Comboset,YE-1109-8P-6L-BM,"YE-1109 - Lever Handle on 8"" Plate - Six Lever Mortise Body",Black Matt,2900,INR,26,HIGH,Source code uses a placeholder '( __ )' for the finish suffix; AB/SS/BM substituted here.
Yale,Essential Series,Mortise Eternal Lever Handle Comboset,YE-1110-10P-TT-AB,"YE-1110 - Lever handle with 10"" backplate thumbturn cylinder and lockbody",Antique Brass,5000,INR,26,HIGH,Source code uses a placeholder '( __ )' for the finish suffix; AB/SS/BM substituted here.
Yale,Essential Series,Mortise Eternal Lever Handle Comboset,YE-1110-10P-TT-SS,"YE-1110 - Lever handle with 10"" backplate thumbturn cylinder and lockbody",Satin Steel,5000,INR,26,HIGH,Source code uses a placeholder '( __ )' for the finish suffix; AB/SS/BM substituted here.
Yale,Essential Series,Mortise Eternal Lever Handle Comboset,YE-1110-10P-TT-BM,"YE-1110 - Lever handle with 10"" backplate thumbturn cylinder and lockbody",Black Matt,5400,INR,26,HIGH,Source code uses a placeholder '( __ )' for the finish suffix; AB/SS/BM substituted here.
Yale,Essential Series,Mortise Eternal Lever Handle Comboset,YE-1110-10P-DC-AB,"YE-1110 - Lever handle with 10"" backplate double cylinder and lockbody",Antique Brass,5000,INR,26,HIGH,Source code uses a placeholder '( __ )' for the finish suffix; AB/SS/BM substituted here.
Yale,Essential Series,Mortise Eternal Lever Handle Comboset,YE-1110-10P-DC-SS,"YE-1110 - Lever handle with 10"" backplate double cylinder and lockbody",Satin Steel,5000,INR,26,HIGH,Source code uses a placeholder '( __ )' for the finish suffix; AB/SS/BM substituted here.
Yale,Essential Series,Mortise Eternal Lever Handle Comboset,YE-1110-10P-DC-BM,"YE-1110 - Lever handle with 10"" backplate double cylinder and lockbody",Black Matt,5400,INR,26,HIGH,Source code uses a placeholder '( __ )' for the finish suffix; AB/SS/BM substituted here.
Yale,Essential Series,Mortise Eternal Lever Handle Comboset,YE-1110-8P-TT-AB,"YE-1110 - Lever handle with 8"" backplate thumbturn cylinder and lockbody",Antique Brass,4760,INR,26,HIGH,Source code uses a placeholder '( __ )' for the finish suffix; AB/SS/BM substituted here.
Yale,Essential Series,Mortise Eternal Lever Handle Comboset,YE-1110-8P-TT-SS,"YE-1110 - Lever handle with 8"" backplate thumbturn cylinder and lockbody",Satin Steel,4760,INR,26,HIGH,Source code uses a placeholder '( __ )' for the finish suffix; AB/SS/BM substituted here.
Yale,Essential Series,Mortise Eternal Lever Handle Comboset,YE-1110-8P-TT-BM,"YE-1110 - Lever handle with 8"" backplate thumbturn cylinder and lockbody",Black Matt,5220,INR,26,HIGH,Source code uses a placeholder '( __ )' for the finish suffix; AB/SS/BM substituted here.
Yale,Essential Series,Mortise Eternal Lever Handle Comboset,YE-1110-8P-DC-AB,"YE-1110 - Lever handle with 8"" backplate double cylinder and lockbody",Antique Brass,4760,INR,26,HIGH,Source code uses a placeholder '( __ )' for the finish suffix; AB/SS/BM substituted here.
Yale,Essential Series,Mortise Eternal Lever Handle Comboset,YE-1110-8P-DC-SS,"YE-1110 - Lever handle with 8"" backplate double cylinder and lockbody",Satin Steel,4760,INR,26,HIGH,Source code uses a placeholder '( __ )' for the finish suffix; AB/SS/BM substituted here.
Yale,Essential Series,Mortise Eternal Lever Handle Comboset,YE-1110-8P-DC-BM,"YE-1110 - Lever handle with 8"" backplate double cylinder and lockbody",Black Matt,5220,INR,26,HIGH,Source code uses a placeholder '( __ )' for the finish suffix; AB/SS/BM substituted here.
Yale,Essential Series,Mortise Eternal Lever Handle Comboset,YE-1110-8P-BK-AB,"YE-1110 - Lever handle with 8"" backplate privacy cylinder & lockbody",Antique Brass,4760,INR,26,HIGH,Source code uses a placeholder '( __ )' for the finish suffix; AB/SS/BM substituted here.
Yale,Essential Series,Mortise Eternal Lever Handle Comboset,YE-1110-8P-BK-SS,"YE-1110 - Lever handle with 8"" backplate privacy cylinder & lockbody",Satin Steel,4760,INR,26,HIGH,Source code uses a placeholder '( __ )' for the finish suffix; AB/SS/BM substituted here.
Yale,Essential Series,Mortise Eternal Lever Handle Comboset,YE-1110-8P-BK-BM,"YE-1110 - Lever handle with 8"" backplate privacy cylinder & lockbody",Black Matt,5220,INR,26,HIGH,Source code uses a placeholder '( __ )' for the finish suffix; AB/SS/BM substituted here.
Yale,Essential Series,Mortise Eternal Lever Handle Comboset,YE-1110-5P-BL-AB,"YE-1110 - Lever handle with 5"" backplate with baby latch",Antique Brass,3240,INR,26,HIGH,Source code uses a placeholder '( __ )' for the finish suffix; AB/SS/BM substituted here.
Yale,Essential Series,Mortise Eternal Lever Handle Comboset,YE-1110-5P-BL-SS,"YE-1110 - Lever handle with 5"" backplate with baby latch",Satin Steel,3240,INR,26,HIGH,Source code uses a placeholder '( __ )' for the finish suffix; AB/SS/BM substituted here.
Yale,Essential Series,Mortise Eternal Lever Handle Comboset,YE-1110-5P-BL-BM,"YE-1110 - Lever handle with 5"" backplate with baby latch",Black Matt,3540,INR,26,HIGH,Source code uses a placeholder '( __ )' for the finish suffix; AB/SS/BM substituted here.
Yale,Essential Series,Mortise Eternal Lever Handle Comboset,YE-1110-OR-TT-AB,YE-1110 - Lever handle with Rose & Escutcheons with thumbturn cylinder and lockbody,Antique Brass,5000,INR,26,HIGH,Source code uses a placeholder '( __ )' for the finish suffix; AB/SS/BM substituted here.
Yale,Essential Series,Mortise Eternal Lever Handle Comboset,YE-1110-OR-TT-SS,YE-1110 - Lever handle with Rose & Escutcheons with thumbturn cylinder and lockbody,Satin Steel,5000,INR,26,HIGH,Source code uses a placeholder '( __ )' for the finish suffix; AB/SS/BM substituted here.
Yale,Essential Series,Mortise Eternal Lever Handle Comboset,YE-1110-OR-TT-BM,YE-1110 - Lever handle with Rose & Escutcheons with thumbturn cylinder and lockbody,Black Matt,5400,INR,26,HIGH,Source code uses a placeholder '( __ )' for the finish suffix; AB/SS/BM substituted here.
Yale,Essential Series,Mortise Eternal Lever Handle Comboset,YE-1110-OR-DC-AB,YE-1110 - Lever handle with Rose & Escutcheons with double cylinder and lockbody,Antique Brass,5000,INR,26,HIGH,Source code uses a placeholder '( __ )' for the finish suffix; AB/SS/BM substituted here.
Yale,Essential Series,Mortise Eternal Lever Handle Comboset,YE-1110-OR-DC-SS,YE-1110 - Lever handle with Rose & Escutcheons with double cylinder and lockbody,Satin Steel,5000,INR,26,HIGH,Source code uses a placeholder '( __ )' for the finish suffix; AB/SS/BM substituted here.
Yale,Essential Series,Mortise Eternal Lever Handle Comboset,YE-1110-OR-DC-BM,YE-1110 - Lever handle with Rose & Escutcheons with double cylinder and lockbody,Black Matt,5400,INR,26,HIGH,Source code uses a placeholder '( __ )' for the finish suffix; AB/SS/BM substituted here.
Yale,Essential Series,Mortise Eternal Lever Handle Comboset,YE-1110-OR-BK-AB,YE-1110 - Lever handle with Rose & Escutcheons with privacy cylinder and lockbody,Antique Brass,5000,INR,26,HIGH,Source code uses a placeholder '( __ )' for the finish suffix; AB/SS/BM substituted here.
Yale,Essential Series,Mortise Eternal Lever Handle Comboset,YE-1110-OR-BK-SS,YE-1110 - Lever handle with Rose & Escutcheons with privacy cylinder and lockbody,Satin Steel,5000,INR,26,HIGH,Source code uses a placeholder '( __ )' for the finish suffix; AB/SS/BM substituted here.
Yale,Essential Series,Mortise Eternal Lever Handle Comboset,YE-1110-OR-BK-BM,YE-1110 - Lever handle with Rose & Escutcheons with privacy cylinder and lockbody,Black Matt,5400,INR,26,HIGH,Source code uses a placeholder '( __ )' for the finish suffix; AB/SS/BM substituted here.
Yale,Essential Series,Mortise Eternal Lever Handle Comboset,YE-1110-OR-BL-AB,YE-1110 - Lever handle on Rose with Baby Latch,Antique Brass,3240,INR,26,HIGH,Source code uses a placeholder '( __ )' for the finish suffix; AB/SS/BM substituted here.
Yale,Essential Series,Mortise Eternal Lever Handle Comboset,YE-1110-OR-BL-SS,YE-1110 - Lever handle on Rose with Baby Latch,Satin Steel,3240,INR,26,HIGH,Source code uses a placeholder '( __ )' for the finish suffix; AB/SS/BM substituted here.
Yale,Essential Series,Mortise Eternal Lever Handle Comboset,YE-1110-OR-BL-BM,YE-1110 - Lever handle on Rose with Baby Latch,Black Matt,3540,INR,26,HIGH,Source code uses a placeholder '( __ )' for the finish suffix; AB/SS/BM substituted here.
Yale,Essential Series,Mortise Eternal Lever Handle Comboset,YE-1110-8P-6L-AB,"YE-1110 - Lever Handle on 8"" Plate - Six Lever Mortise Body",Antique Brass,3240,INR,26,HIGH,Source code uses a placeholder '( __ )' for the finish suffix; AB/SS/BM substituted here.
Yale,Essential Series,Mortise Eternal Lever Handle Comboset,YE-1110-8P-6L-SS,"YE-1110 - Lever Handle on 8"" Plate - Six Lever Mortise Body",Satin Steel,3240,INR,26,HIGH,Source code uses a placeholder '( __ )' for the finish suffix; AB/SS/BM substituted here.
Yale,Essential Series,Mortise Eternal Lever Handle Comboset,YE-1110-8P-6L-BM,"YE-1110 - Lever Handle on 8"" Plate - Six Lever Mortise Body",Black Matt,3540,INR,26,HIGH,Source code uses a placeholder '( __ )' for the finish suffix; AB/SS/BM substituted here.
Yale,Essential Series,Mortise Eternal Lever Handle Comboset,YE-1201-10P-TT-AB,"YE-1201 - Lever handle with 10"" backplate thumbturn cylinder and lockbody",Antique Brass,4140,INR,27,HIGH,Source code uses a placeholder '( __ )' for the finish suffix; AB/SS/BM substituted here.
Yale,Essential Series,Mortise Eternal Lever Handle Comboset,YE-1201-10P-TT-SS,"YE-1201 - Lever handle with 10"" backplate thumbturn cylinder and lockbody",Satin Steel,4140,INR,27,HIGH,Source code uses a placeholder '( __ )' for the finish suffix; AB/SS/BM substituted here.
Yale,Essential Series,Mortise Eternal Lever Handle Comboset,YE-1201-10P-TT-BM,"YE-1201 - Lever handle with 10"" backplate thumbturn cylinder and lockbody",Black Matt,4480,INR,27,HIGH,Source code uses a placeholder '( __ )' for the finish suffix; AB/SS/BM substituted here.
Yale,Essential Series,Mortise Eternal Lever Handle Comboset,YE-1201-10P-DC-AB,"YE-1201 - Lever handle with 10"" backplate double cylinder and lockbody",Antique Brass,4140,INR,27,HIGH,Source code uses a placeholder '( __ )' for the finish suffix; AB/SS/BM substituted here.
Yale,Essential Series,Mortise Eternal Lever Handle Comboset,YE-1201-10P-DC-SS,"YE-1201 - Lever handle with 10"" backplate double cylinder and lockbody",Satin Steel,4140,INR,27,HIGH,Source code uses a placeholder '( __ )' for the finish suffix; AB/SS/BM substituted here.
Yale,Essential Series,Mortise Eternal Lever Handle Comboset,YE-1201-10P-DC-BM,"YE-1201 - Lever handle with 10"" backplate double cylinder and lockbody",Black Matt,4480,INR,27,HIGH,Source code uses a placeholder '( __ )' for the finish suffix; AB/SS/BM substituted here.
Yale,Essential Series,Mortise Eternal Lever Handle Comboset,YE-1201-8P-TT-AB,"YE-1201 - Lever handle with 8"" backplate thumbturn cylinder and lockbody",Antique Brass,3960,INR,27,HIGH,Source code uses a placeholder '( __ )' for the finish suffix; AB/SS/BM substituted here.
Yale,Essential Series,Mortise Eternal Lever Handle Comboset,YE-1201-8P-TT-SS,"YE-1201 - Lever handle with 8"" backplate thumbturn cylinder and lockbody",Satin Steel,3960,INR,27,HIGH,Source code uses a placeholder '( __ )' for the finish suffix; AB/SS/BM substituted here.
Yale,Essential Series,Mortise Eternal Lever Handle Comboset,YE-1201-8P-TT-BM,"YE-1201 - Lever handle with 8"" backplate thumbturn cylinder and lockbody",Black Matt,4340,INR,27,HIGH,Source code uses a placeholder '( __ )' for the finish suffix; AB/SS/BM substituted here.
Yale,Essential Series,Mortise Eternal Lever Handle Comboset,YE-1201-8P-DC-AB,"YE-1201 - Lever handle with 8"" backplate double cylinder and lockbody",Antique Brass,3960,INR,27,HIGH,Source code uses a placeholder '( __ )' for the finish suffix; AB/SS/BM substituted here.
Yale,Essential Series,Mortise Eternal Lever Handle Comboset,YE-1201-8P-DC-SS,"YE-1201 - Lever handle with 8"" backplate double cylinder and lockbody",Satin Steel,3960,INR,27,HIGH,Source code uses a placeholder '( __ )' for the finish suffix; AB/SS/BM substituted here.
Yale,Essential Series,Mortise Eternal Lever Handle Comboset,YE-1201-8P-DC-BM,"YE-1201 - Lever handle with 8"" backplate double cylinder and lockbody",Black Matt,4340,INR,27,HIGH,Source code uses a placeholder '( __ )' for the finish suffix; AB/SS/BM substituted here.
Yale,Essential Series,Mortise Eternal Lever Handle Comboset,YE-1201-8P-BK-AB,"YE-1201 - Lever handle with 8"" backplate privacy cylinder & lockbody",Antique Brass,3960,INR,27,HIGH,Source code uses a placeholder '( __ )' for the finish suffix; AB/SS/BM substituted here.
Yale,Essential Series,Mortise Eternal Lever Handle Comboset,YE-1201-8P-BK-SS,"YE-1201 - Lever handle with 8"" backplate privacy cylinder & lockbody",Satin Steel,3960,INR,27,HIGH,Source code uses a placeholder '( __ )' for the finish suffix; AB/SS/BM substituted here.
Yale,Essential Series,Mortise Eternal Lever Handle Comboset,YE-1201-8P-BK-BM,"YE-1201 - Lever handle with 8"" backplate privacy cylinder & lockbody",Black Matt,4340,INR,27,HIGH,Source code uses a placeholder '( __ )' for the finish suffix; AB/SS/BM substituted here.
Yale,Essential Series,Mortise Eternal Lever Handle Comboset,YE-1201-5P-BL-AB,"YE-1201 - Lever handle with 5"" backplate with baby latch",Antique Brass,2660,INR,27,HIGH,Source code uses a placeholder '( __ )' for the finish suffix; AB/SS/BM substituted here.
Yale,Essential Series,Mortise Eternal Lever Handle Comboset,YE-1201-5P-BL-SS,"YE-1201 - Lever handle with 5"" backplate with baby latch",Satin Steel,2660,INR,27,HIGH,Source code uses a placeholder '( __ )' for the finish suffix; AB/SS/BM substituted here.
Yale,Essential Series,Mortise Eternal Lever Handle Comboset,YE-1201-5P-BL-BM,"YE-1201 - Lever handle with 5"" backplate with baby latch",Black Matt,2920,INR,27,HIGH,Source code uses a placeholder '( __ )' for the finish suffix; AB/SS/BM substituted here.
Yale,Essential Series,Mortise Eternal Lever Handle Comboset,YE-1201-OR-TT-AB,YE-1201 - Lever handle with Rose & Escutcheons with thumbturn cylinder and lockbody,Antique Brass,4140,INR,27,HIGH,Source code uses a placeholder '( __ )' for the finish suffix; AB/SS/BM substituted here.
Yale,Essential Series,Mortise Eternal Lever Handle Comboset,YE-1201-OR-TT-SS,YE-1201 - Lever handle with Rose & Escutcheons with thumbturn cylinder and lockbody,Satin Steel,4140,INR,27,HIGH,Source code uses a placeholder '( __ )' for the finish suffix; AB/SS/BM substituted here.
Yale,Essential Series,Mortise Eternal Lever Handle Comboset,YE-1201-OR-TT-BM,YE-1201 - Lever handle with Rose & Escutcheons with thumbturn cylinder and lockbody,Black Matt,4480,INR,27,HIGH,Source code uses a placeholder '( __ )' for the finish suffix; AB/SS/BM substituted here.
Yale,Essential Series,Mortise Eternal Lever Handle Comboset,YE-1201-OR-DC-AB,YE-1201 - Lever handle with Rose & Escutcheons with double cylinder and lockbody,Antique Brass,4140,INR,27,HIGH,Source code uses a placeholder '( __ )' for the finish suffix; AB/SS/BM substituted here.
Yale,Essential Series,Mortise Eternal Lever Handle Comboset,YE-1201-OR-DC-SS,YE-1201 - Lever handle with Rose & Escutcheons with double cylinder and lockbody,Satin Steel,4140,INR,27,HIGH,Source code uses a placeholder '( __ )' for the finish suffix; AB/SS/BM substituted here.
Yale,Essential Series,Mortise Eternal Lever Handle Comboset,YE-1201-OR-DC-BM,YE-1201 - Lever handle with Rose & Escutcheons with double cylinder and lockbody,Black Matt,4480,INR,27,HIGH,Source code uses a placeholder '( __ )' for the finish suffix; AB/SS/BM substituted here.
Yale,Essential Series,Mortise Eternal Lever Handle Comboset,YE-1201-OR-BK-AB,YE-1201 - Lever handle with Rose & Escutcheons with privacy cylinder and lockbody,Antique Brass,4140,INR,27,HIGH,Source code uses a placeholder '( __ )' for the finish suffix; AB/SS/BM substituted here.
Yale,Essential Series,Mortise Eternal Lever Handle Comboset,YE-1201-OR-BK-SS,YE-1201 - Lever handle with Rose & Escutcheons with privacy cylinder and lockbody,Satin Steel,4140,INR,27,HIGH,Source code uses a placeholder '( __ )' for the finish suffix; AB/SS/BM substituted here.
Yale,Essential Series,Mortise Eternal Lever Handle Comboset,YE-1201-OR-BK-BM,YE-1201 - Lever handle with Rose & Escutcheons with privacy cylinder and lockbody,Black Matt,4480,INR,27,HIGH,Source code uses a placeholder '( __ )' for the finish suffix; AB/SS/BM substituted here.
Yale,Essential Series,Mortise Eternal Lever Handle Comboset,YE-1201-OR-BL-AB,YE-1201 - Lever handle on Rose with Baby Latch,Antique Brass,2660,INR,27,HIGH,Source code uses a placeholder '( __ )' for the finish suffix; AB/SS/BM substituted here.
Yale,Essential Series,Mortise Eternal Lever Handle Comboset,YE-1201-OR-BL-SS,YE-1201 - Lever handle on Rose with Baby Latch,Satin Steel,2660,INR,27,HIGH,Source code uses a placeholder '( __ )' for the finish suffix; AB/SS/BM substituted here.
Yale,Essential Series,Mortise Eternal Lever Handle Comboset,YE-1201-OR-BL-BM,YE-1201 - Lever handle on Rose with Baby Latch,Black Matt,2920,INR,27,HIGH,Source code uses a placeholder '( __ )' for the finish suffix; AB/SS/BM substituted here.
Yale,Essential Series,Mortise Eternal Lever Handle Comboset,YE-1201-8P-6L-AB,"YE-1201 - Lever Handle on 8"" Plate - Six Lever Mortise Body",Antique Brass,2660,INR,27,HIGH,Source code uses a placeholder '( __ )' for the finish suffix; AB/SS/BM substituted here.
Yale,Essential Series,Mortise Eternal Lever Handle Comboset,YE-1201-8P-6L-SS,"YE-1201 - Lever Handle on 8"" Plate - Six Lever Mortise Body",Satin Steel,2660,INR,27,HIGH,Source code uses a placeholder '( __ )' for the finish suffix; AB/SS/BM substituted here.
Yale,Essential Series,Mortise Eternal Lever Handle Comboset,YE-1201-8P-6L-BM,"YE-1201 - Lever Handle on 8"" Plate - Six Lever Mortise Body",Black Matt,2920,INR,27,HIGH,Source code uses a placeholder '( __ )' for the finish suffix; AB/SS/BM substituted here.
Yale,Essential Series,Mortise Eternal Lever Handle Comboset,YE-1202-10P-TT-AB,"YE-1202 - Lever handle with 10"" backplate thumbturn cylinder and lockbody",Antique Brass,4300,INR,27,HIGH,Source code uses a placeholder '( __ )' for the finish suffix; AB/SS/BM substituted here.
Yale,Essential Series,Mortise Eternal Lever Handle Comboset,YE-1202-10P-TT-SS,"YE-1202 - Lever handle with 10"" backplate thumbturn cylinder and lockbody",Satin Steel,4300,INR,27,HIGH,Source code uses a placeholder '( __ )' for the finish suffix; AB/SS/BM substituted here.
Yale,Essential Series,Mortise Eternal Lever Handle Comboset,YE-1202-10P-TT-BM,"YE-1202 - Lever handle with 10"" backplate thumbturn cylinder and lockbody",Black Matt,4640,INR,27,HIGH,Source code uses a placeholder '( __ )' for the finish suffix; AB/SS/BM substituted here.
Yale,Essential Series,Mortise Eternal Lever Handle Comboset,YE-1202-10P-DC-AB,"YE-1202 - Lever handle with 10"" backplate double cylinder and lockbody",Antique Brass,4300,INR,27,HIGH,Source code uses a placeholder '( __ )' for the finish suffix; AB/SS/BM substituted here.
Yale,Essential Series,Mortise Eternal Lever Handle Comboset,YE-1202-10P-DC-SS,"YE-1202 - Lever handle with 10"" backplate double cylinder and lockbody",Satin Steel,4300,INR,27,HIGH,Source code uses a placeholder '( __ )' for the finish suffix; AB/SS/BM substituted here.
Yale,Essential Series,Mortise Eternal Lever Handle Comboset,YE-1202-10P-DC-BM,"YE-1202 - Lever handle with 10"" backplate double cylinder and lockbody",Black Matt,4640,INR,27,HIGH,Source code uses a placeholder '( __ )' for the finish suffix; AB/SS/BM substituted here.
Yale,Essential Series,Mortise Eternal Lever Handle Comboset,YE-1202-8P-TT-AB,"YE-1202 - Lever handle with 8"" backplate thumbturn cylinder and lockbody",Antique Brass,4140,INR,27,HIGH,Source code uses a placeholder '( __ )' for the finish suffix; AB/SS/BM substituted here.
Yale,Essential Series,Mortise Eternal Lever Handle Comboset,YE-1202-8P-TT-SS,"YE-1202 - Lever handle with 8"" backplate thumbturn cylinder and lockbody",Satin Steel,4140,INR,27,HIGH,Source code uses a placeholder '( __ )' for the finish suffix; AB/SS/BM substituted here.
Yale,Essential Series,Mortise Eternal Lever Handle Comboset,YE-1202-8P-TT-BM,"YE-1202 - Lever handle with 8"" backplate thumbturn cylinder and lockbody",Black Matt,4520,INR,27,HIGH,Source code uses a placeholder '( __ )' for the finish suffix; AB/SS/BM substituted here.
Yale,Essential Series,Mortise Eternal Lever Handle Comboset,YE-1202-8P-DC-AB,"YE-1202 - Lever handle with 8"" backplate double cylinder and lockbody",Antique Brass,4140,INR,27,HIGH,Source code uses a placeholder '( __ )' for the finish suffix; AB/SS/BM substituted here.
Yale,Essential Series,Mortise Eternal Lever Handle Comboset,YE-1202-8P-DC-SS,"YE-1202 - Lever handle with 8"" backplate double cylinder and lockbody",Satin Steel,4140,INR,27,HIGH,Source code uses a placeholder '( __ )' for the finish suffix; AB/SS/BM substituted here.
Yale,Essential Series,Mortise Eternal Lever Handle Comboset,YE-1202-8P-DC-BM,"YE-1202 - Lever handle with 8"" backplate double cylinder and lockbody",Black Matt,4520,INR,27,HIGH,Source code uses a placeholder '( __ )' for the finish suffix; AB/SS/BM substituted here.
Yale,Essential Series,Mortise Eternal Lever Handle Comboset,YE-1202-8P-BK-AB,"YE-1202 - Lever handle with 8"" backplate privacy cylinder & lockbody",Antique Brass,4140,INR,27,HIGH,Source code uses a placeholder '( __ )' for the finish suffix; AB/SS/BM substituted here.
Yale,Essential Series,Mortise Eternal Lever Handle Comboset,YE-1202-8P-BK-SS,"YE-1202 - Lever handle with 8"" backplate privacy cylinder & lockbody",Satin Steel,4140,INR,27,HIGH,Source code uses a placeholder '( __ )' for the finish suffix; AB/SS/BM substituted here.
Yale,Essential Series,Mortise Eternal Lever Handle Comboset,YE-1202-8P-BK-BM,"YE-1202 - Lever handle with 8"" backplate privacy cylinder & lockbody",Black Matt,4520,INR,27,HIGH,Source code uses a placeholder '( __ )' for the finish suffix; AB/SS/BM substituted here.
Yale,Essential Series,Mortise Eternal Lever Handle Comboset,YE-1202-5P-BL-AB,"YE-1202 - Lever handle with 5"" backplate with baby latch",Antique Brass,2800,INR,27,HIGH,Source code uses a placeholder '( __ )' for the finish suffix; AB/SS/BM substituted here.
Yale,Essential Series,Mortise Eternal Lever Handle Comboset,YE-1202-5P-BL-SS,"YE-1202 - Lever handle with 5"" backplate with baby latch",Satin Steel,2800,INR,27,HIGH,Source code uses a placeholder '( __ )' for the finish suffix; AB/SS/BM substituted here.
Yale,Essential Series,Mortise Eternal Lever Handle Comboset,YE-1202-5P-BL-BM,"YE-1202 - Lever handle with 5"" backplate with baby latch",Black Matt,3020,INR,27,HIGH,Source code uses a placeholder '( __ )' for the finish suffix; AB/SS/BM substituted here.
Yale,Essential Series,Mortise Eternal Lever Handle Comboset,YE-1202-OR-TT-AB,YE-1202 - Lever handle with Rose & Escutcheons with thumbturn cylinder and lockbody,Antique Brass,4300,INR,27,HIGH,Source code uses a placeholder '( __ )' for the finish suffix; AB/SS/BM substituted here.
Yale,Essential Series,Mortise Eternal Lever Handle Comboset,YE-1202-OR-TT-SS,YE-1202 - Lever handle with Rose & Escutcheons with thumbturn cylinder and lockbody,Satin Steel,4300,INR,27,HIGH,Source code uses a placeholder '( __ )' for the finish suffix; AB/SS/BM substituted here.
Yale,Essential Series,Mortise Eternal Lever Handle Comboset,YE-1202-OR-TT-BM,YE-1202 - Lever handle with Rose & Escutcheons with thumbturn cylinder and lockbody,Black Matt,4640,INR,27,HIGH,Source code uses a placeholder '( __ )' for the finish suffix; AB/SS/BM substituted here.
Yale,Essential Series,Mortise Eternal Lever Handle Comboset,YE-1202-OR-DC-AB,YE-1202 - Lever handle with Rose & Escutcheons with double cylinder and lockbody,Antique Brass,4300,INR,27,HIGH,Source code uses a placeholder '( __ )' for the finish suffix; AB/SS/BM substituted here.
Yale,Essential Series,Mortise Eternal Lever Handle Comboset,YE-1202-OR-DC-SS,YE-1202 - Lever handle with Rose & Escutcheons with double cylinder and lockbody,Satin Steel,4300,INR,27,HIGH,Source code uses a placeholder '( __ )' for the finish suffix; AB/SS/BM substituted here.
Yale,Essential Series,Mortise Eternal Lever Handle Comboset,YE-1202-OR-DC-BM,YE-1202 - Lever handle with Rose & Escutcheons with double cylinder and lockbody,Black Matt,4640,INR,27,HIGH,Source code uses a placeholder '( __ )' for the finish suffix; AB/SS/BM substituted here.
Yale,Essential Series,Mortise Eternal Lever Handle Comboset,YE-1202-OR-BK-AB,YE-1202 - Lever handle with Rose & Escutcheons with privacy cylinder and lockbody,Antique Brass,4300,INR,27,HIGH,Source code uses a placeholder '( __ )' for the finish suffix; AB/SS/BM substituted here.
Yale,Essential Series,Mortise Eternal Lever Handle Comboset,YE-1202-OR-BK-SS,YE-1202 - Lever handle with Rose & Escutcheons with privacy cylinder and lockbody,Satin Steel,4300,INR,27,HIGH,Source code uses a placeholder '( __ )' for the finish suffix; AB/SS/BM substituted here.
Yale,Essential Series,Mortise Eternal Lever Handle Comboset,YE-1202-OR-BK-BM,YE-1202 - Lever handle with Rose & Escutcheons with privacy cylinder and lockbody,Black Matt,4640,INR,27,HIGH,Source code uses a placeholder '( __ )' for the finish suffix; AB/SS/BM substituted here.
Yale,Essential Series,Mortise Eternal Lever Handle Comboset,YE-1202-OR-BL-AB,YE-1202 - Lever handle on Rose with Baby Latch,Antique Brass,2800,INR,27,HIGH,Source code uses a placeholder '( __ )' for the finish suffix; AB/SS/BM substituted here.
Yale,Essential Series,Mortise Eternal Lever Handle Comboset,YE-1202-OR-BL-SS,YE-1202 - Lever handle on Rose with Baby Latch,Satin Steel,2800,INR,27,HIGH,Source code uses a placeholder '( __ )' for the finish suffix; AB/SS/BM substituted here.
Yale,Essential Series,Mortise Eternal Lever Handle Comboset,YE-1202-OR-BL-BM,YE-1202 - Lever handle on Rose with Baby Latch,Black Matt,3020,INR,27,HIGH,Source code uses a placeholder '( __ )' for the finish suffix; AB/SS/BM substituted here.
Yale,Essential Series,Mortise Eternal Lever Handle Comboset,YE-1202-8P-6L-AB,"YE-1202 - Lever Handle on 8"" Plate - Six Lever Mortise Body",Antique Brass,2800,INR,27,HIGH,Source code uses a placeholder '( __ )' for the finish suffix; AB/SS/BM substituted here.
Yale,Essential Series,Mortise Eternal Lever Handle Comboset,YE-1202-8P-6L-SS,"YE-1202 - Lever Handle on 8"" Plate - Six Lever Mortise Body",Satin Steel,2800,INR,27,HIGH,Source code uses a placeholder '( __ )' for the finish suffix; AB/SS/BM substituted here.
Yale,Essential Series,Mortise Eternal Lever Handle Comboset,YE-1202-8P-6L-BM,"YE-1202 - Lever Handle on 8"" Plate - Six Lever Mortise Body",Black Matt,3020,INR,27,HIGH,Source code uses a placeholder '( __ )' for the finish suffix; AB/SS/BM substituted here.
Yale,Essential Series,Mortise Eternal Lever Handle Comboset,YE-1203-10P-TT-AB,"YE-1203 - Lever handle with 10"" backplate thumbturn cylinder and lockbody",Antique Brass,4300,INR,28,HIGH,Source code uses a placeholder '( __ )' for the finish suffix; AB/SS/BM substituted here.
Yale,Essential Series,Mortise Eternal Lever Handle Comboset,YE-1203-10P-TT-SS,"YE-1203 - Lever handle with 10"" backplate thumbturn cylinder and lockbody",Satin Steel,4300,INR,28,HIGH,Source code uses a placeholder '( __ )' for the finish suffix; AB/SS/BM substituted here.
Yale,Essential Series,Mortise Eternal Lever Handle Comboset,YE-1203-10P-TT-BM,"YE-1203 - Lever handle with 10"" backplate thumbturn cylinder and lockbody",Black Matt,4640,INR,28,HIGH,Source code uses a placeholder '( __ )' for the finish suffix; AB/SS/BM substituted here.
Yale,Essential Series,Mortise Eternal Lever Handle Comboset,YE-1203-10P-DC-AB,"YE-1203 - Lever handle with 10"" backplate double cylinder and lockbody",Antique Brass,4300,INR,28,HIGH,Source code uses a placeholder '( __ )' for the finish suffix; AB/SS/BM substituted here.
Yale,Essential Series,Mortise Eternal Lever Handle Comboset,YE-1203-10P-DC-SS,"YE-1203 - Lever handle with 10"" backplate double cylinder and lockbody",Satin Steel,4300,INR,28,HIGH,Source code uses a placeholder '( __ )' for the finish suffix; AB/SS/BM substituted here.
Yale,Essential Series,Mortise Eternal Lever Handle Comboset,YE-1203-10P-DC-BM,"YE-1203 - Lever handle with 10"" backplate double cylinder and lockbody",Black Matt,4640,INR,28,HIGH,Source code uses a placeholder '( __ )' for the finish suffix; AB/SS/BM substituted here.
Yale,Essential Series,Mortise Eternal Lever Handle Comboset,YE-1203-8P-TT-AB,"YE-1203 - Lever handle with 8"" backplate thumbturn cylinder and lockbody",Antique Brass,4140,INR,28,HIGH,Source code uses a placeholder '( __ )' for the finish suffix; AB/SS/BM substituted here.
Yale,Essential Series,Mortise Eternal Lever Handle Comboset,YE-1203-8P-TT-SS,"YE-1203 - Lever handle with 8"" backplate thumbturn cylinder and lockbody",Satin Steel,4140,INR,28,HIGH,Source code uses a placeholder '( __ )' for the finish suffix; AB/SS/BM substituted here.
Yale,Essential Series,Mortise Eternal Lever Handle Comboset,YE-1203-8P-TT-BM,"YE-1203 - Lever handle with 8"" backplate thumbturn cylinder and lockbody",Black Matt,4520,INR,28,HIGH,Source code uses a placeholder '( __ )' for the finish suffix; AB/SS/BM substituted here.
Yale,Essential Series,Mortise Eternal Lever Handle Comboset,YE-1203-8P-DC-AB,"YE-1203 - Lever handle with 8"" backplate double cylinder and lockbody",Antique Brass,4140,INR,28,HIGH,Source code uses a placeholder '( __ )' for the finish suffix; AB/SS/BM substituted here.
Yale,Essential Series,Mortise Eternal Lever Handle Comboset,YE-1203-8P-DC-SS,"YE-1203 - Lever handle with 8"" backplate double cylinder and lockbody",Satin Steel,4140,INR,28,HIGH,Source code uses a placeholder '( __ )' for the finish suffix; AB/SS/BM substituted here.
Yale,Essential Series,Mortise Eternal Lever Handle Comboset,YE-1203-8P-DC-BM,"YE-1203 - Lever handle with 8"" backplate double cylinder and lockbody",Black Matt,4520,INR,28,HIGH,Source code uses a placeholder '( __ )' for the finish suffix; AB/SS/BM substituted here.
Yale,Essential Series,Mortise Eternal Lever Handle Comboset,YE-1203-8P-BK-AB,"YE-1203 - Lever handle with 8"" backplate privacy cylinder & lockbody",Antique Brass,4140,INR,28,HIGH,Source code uses a placeholder '( __ )' for the finish suffix; AB/SS/BM substituted here.
Yale,Essential Series,Mortise Eternal Lever Handle Comboset,YE-1203-8P-BK-SS,"YE-1203 - Lever handle with 8"" backplate privacy cylinder & lockbody",Satin Steel,4140,INR,28,HIGH,Source code uses a placeholder '( __ )' for the finish suffix; AB/SS/BM substituted here.
Yale,Essential Series,Mortise Eternal Lever Handle Comboset,YE-1203-8P-BK-BM,"YE-1203 - Lever handle with 8"" backplate privacy cylinder & lockbody",Black Matt,4520,INR,28,HIGH,Source code uses a placeholder '( __ )' for the finish suffix; AB/SS/BM substituted here.
Yale,Essential Series,Mortise Eternal Lever Handle Comboset,YE-1203-5P-BL-AB,"YE-1203 - Lever handle with 5"" backplate with baby latch",Antique Brass,2800,INR,28,HIGH,Source code uses a placeholder '( __ )' for the finish suffix; AB/SS/BM substituted here.
Yale,Essential Series,Mortise Eternal Lever Handle Comboset,YE-1203-5P-BL-SS,"YE-1203 - Lever handle with 5"" backplate with baby latch",Satin Steel,2800,INR,28,HIGH,Source code uses a placeholder '( __ )' for the finish suffix; AB/SS/BM substituted here.
Yale,Essential Series,Mortise Eternal Lever Handle Comboset,YE-1203-5P-BL-BM,"YE-1203 - Lever handle with 5"" backplate with baby latch",Black Matt,3020,INR,28,HIGH,Source code uses a placeholder '( __ )' for the finish suffix; AB/SS/BM substituted here.
Yale,Essential Series,Mortise Eternal Lever Handle Comboset,YE-1203-OR-TT-AB,YE-1203 - Lever handle with Rose & Escutcheons with thumbturn cylinder and lockbody,Antique Brass,4300,INR,28,HIGH,Source code uses a placeholder '( __ )' for the finish suffix; AB/SS/BM substituted here.
Yale,Essential Series,Mortise Eternal Lever Handle Comboset,YE-1203-OR-TT-SS,YE-1203 - Lever handle with Rose & Escutcheons with thumbturn cylinder and lockbody,Satin Steel,4300,INR,28,HIGH,Source code uses a placeholder '( __ )' for the finish suffix; AB/SS/BM substituted here.
Yale,Essential Series,Mortise Eternal Lever Handle Comboset,YE-1203-OR-TT-BM,YE-1203 - Lever handle with Rose & Escutcheons with thumbturn cylinder and lockbody,Black Matt,4640,INR,28,HIGH,Source code uses a placeholder '( __ )' for the finish suffix; AB/SS/BM substituted here.
Yale,Essential Series,Mortise Eternal Lever Handle Comboset,YE-1203-OR-DC-AB,YE-1203 - Lever handle with Rose & Escutcheons with double cylinder and lockbody,Antique Brass,4300,INR,28,HIGH,Source code uses a placeholder '( __ )' for the finish suffix; AB/SS/BM substituted here.
Yale,Essential Series,Mortise Eternal Lever Handle Comboset,YE-1203-OR-DC-SS,YE-1203 - Lever handle with Rose & Escutcheons with double cylinder and lockbody,Satin Steel,4300,INR,28,HIGH,Source code uses a placeholder '( __ )' for the finish suffix; AB/SS/BM substituted here.
Yale,Essential Series,Mortise Eternal Lever Handle Comboset,YE-1203-OR-DC-BM,YE-1203 - Lever handle with Rose & Escutcheons with double cylinder and lockbody,Black Matt,4640,INR,28,HIGH,Source code uses a placeholder '( __ )' for the finish suffix; AB/SS/BM substituted here.
Yale,Essential Series,Mortise Eternal Lever Handle Comboset,YE-1203-OR-BK-AB,YE-1203 - Lever handle with Rose & Escutcheons with privacy cylinder and lockbody,Antique Brass,4300,INR,28,HIGH,Source code uses a placeholder '( __ )' for the finish suffix; AB/SS/BM substituted here.
Yale,Essential Series,Mortise Eternal Lever Handle Comboset,YE-1203-OR-BK-SS,YE-1203 - Lever handle with Rose & Escutcheons with privacy cylinder and lockbody,Satin Steel,4300,INR,28,HIGH,Source code uses a placeholder '( __ )' for the finish suffix; AB/SS/BM substituted here.
Yale,Essential Series,Mortise Eternal Lever Handle Comboset,YE-1203-OR-BK-BM,YE-1203 - Lever handle with Rose & Escutcheons with privacy cylinder and lockbody,Black Matt,4640,INR,28,HIGH,Source code uses a placeholder '( __ )' for the finish suffix; AB/SS/BM substituted here.
Yale,Essential Series,Mortise Eternal Lever Handle Comboset,YE-1203-OR-BL-AB,YE-1203 - Lever handle on Rose with Baby Latch,Antique Brass,2800,INR,28,HIGH,Source code uses a placeholder '( __ )' for the finish suffix; AB/SS/BM substituted here.
Yale,Essential Series,Mortise Eternal Lever Handle Comboset,YE-1203-OR-BL-SS,YE-1203 - Lever handle on Rose with Baby Latch,Satin Steel,2800,INR,28,HIGH,Source code uses a placeholder '( __ )' for the finish suffix; AB/SS/BM substituted here.
Yale,Essential Series,Mortise Eternal Lever Handle Comboset,YE-1203-OR-BL-BM,YE-1203 - Lever handle on Rose with Baby Latch,Black Matt,3020,INR,28,HIGH,Source code uses a placeholder '( __ )' for the finish suffix; AB/SS/BM substituted here.
Yale,Essential Series,Mortise Eternal Lever Handle Comboset,YE-1203-8P-6L-AB,"YE-1203 - Lever Handle on 8"" Plate - Six Lever Mortise Body",Antique Brass,2800,INR,28,HIGH,Source code uses a placeholder '( __ )' for the finish suffix; AB/SS/BM substituted here.
Yale,Essential Series,Mortise Eternal Lever Handle Comboset,YE-1203-8P-6L-SS,"YE-1203 - Lever Handle on 8"" Plate - Six Lever Mortise Body",Satin Steel,2800,INR,28,HIGH,Source code uses a placeholder '( __ )' for the finish suffix; AB/SS/BM substituted here.
Yale,Essential Series,Mortise Eternal Lever Handle Comboset,YE-1203-8P-6L-BM,"YE-1203 - Lever Handle on 8"" Plate - Six Lever Mortise Body",Black Matt,3020,INR,28,HIGH,Source code uses a placeholder '( __ )' for the finish suffix; AB/SS/BM substituted here.
Yale,Euro Profile Cylinders,Double Cylinders (Computerised Keys),60MM-SN-DK-S,Euro Profile Double Cylinder 60MM (Computerised Keys),Satin Nickel,1400,INR,28,HIGH,Source prints one code with a placeholder ('(XX)'/'(YY)') substituted by a finish-column code; substituted code/finish reconstructed here from the printed legend.
Yale,Euro Profile Cylinders,Double Cylinders (Computerised Keys),60MM-AB-DK-S,Euro Profile Double Cylinder 60MM (Computerised Keys),Antique Brass,1480,INR,28,HIGH,Source prints one code with a placeholder ('(XX)'/'(YY)') substituted by a finish-column code; substituted code/finish reconstructed here from the printed legend.
Yale,Euro Profile Cylinders,Double Cylinders (Computerised Keys),60MM-PBM-DK-S,Euro Profile Double Cylinder 60MM (Computerised Keys),Black Matt PVD,1900,INR,28,HIGH,Source prints one code with a placeholder ('(XX)'/'(YY)') substituted by a finish-column code; substituted code/finish reconstructed here from the printed legend.
Yale,Euro Profile Cylinders,Double Cylinders (Computerised Keys),60MM-PRG-DK-S,Euro Profile Double Cylinder 60MM (Computerised Keys),Rose Gold PVD,1980,INR,28,HIGH,Source prints one code with a placeholder ('(XX)'/'(YY)') substituted by a finish-column code; substituted code/finish reconstructed here from the printed legend.
Yale,Euro Profile Cylinders,Double Cylinders (Computerised Keys),70MM-SN-DK-S,Euro Profile Double Cylinder 70MM (Computerised Keys),Satin Nickel,1560,INR,28,HIGH,Source prints one code with a placeholder ('(XX)'/'(YY)') substituted by a finish-column code; substituted code/finish reconstructed here from the printed legend.
Yale,Euro Profile Cylinders,Double Cylinders (Computerised Keys),70MM-AB-DK-S,Euro Profile Double Cylinder 70MM (Computerised Keys),Antique Brass,1580,INR,28,HIGH,Source prints one code with a placeholder ('(XX)'/'(YY)') substituted by a finish-column code; substituted code/finish reconstructed here from the printed legend.
Yale,Euro Profile Cylinders,Double Cylinders (Computerised Keys),70MM-PBM-DK-S,Euro Profile Double Cylinder 70MM (Computerised Keys),Black Matt PVD,2080,INR,28,HIGH,Source prints one code with a placeholder ('(XX)'/'(YY)') substituted by a finish-column code; substituted code/finish reconstructed here from the printed legend.
Yale,Euro Profile Cylinders,Double Cylinders (Computerised Keys),70MM-PRG-DK-S,Euro Profile Double Cylinder 70MM (Computerised Keys),Rose Gold PVD,2080,INR,28,HIGH,Source prints one code with a placeholder ('(XX)'/'(YY)') substituted by a finish-column code; substituted code/finish reconstructed here from the printed legend.
Yale,Euro Profile Cylinders,Double Cylinders (Computerised Keys),80MM-SN-DK-S,Euro Profile Double Cylinder 80MM (Computerised Keys),Satin Nickel,1740,INR,28,HIGH,Source prints one code with a placeholder ('(XX)'/'(YY)') substituted by a finish-column code; substituted code/finish reconstructed here from the printed legend.
Yale,Euro Profile Cylinders,Double Cylinders (Computerised Keys),80MM-AB-DK-S,Euro Profile Double Cylinder 80MM (Computerised Keys),Antique Brass,1940,INR,28,HIGH,Source prints one code with a placeholder ('(XX)'/'(YY)') substituted by a finish-column code; substituted code/finish reconstructed here from the printed legend.
Yale,Euro Profile Cylinders,Double Cylinders (Computerised Keys),80MM-PBM-DK-S,Euro Profile Double Cylinder 80MM (Computerised Keys),Black Matt PVD,2240,INR,28,HIGH,Source prints one code with a placeholder ('(XX)'/'(YY)') substituted by a finish-column code; substituted code/finish reconstructed here from the printed legend.
Yale,Euro Profile Cylinders,Double Cylinders (Computerised Keys),80MM-PRG-DK-S,Euro Profile Double Cylinder 80MM (Computerised Keys),Rose Gold PVD,2240,INR,28,HIGH,Source prints one code with a placeholder ('(XX)'/'(YY)') substituted by a finish-column code; substituted code/finish reconstructed here from the printed legend.
Yale,Euro Profile Cylinders,Double Cylinders (Computerised Keys),90MM-SN-DK-S,Euro Profile Double Cylinder 90MM (Computerised Keys),Satin Nickel,1920,INR,28,HIGH,Source prints one code with a placeholder ('(XX)'/'(YY)') substituted by a finish-column code; substituted code/finish reconstructed here from the printed legend.
Yale,Euro Profile Cylinders,Double Cylinders (Computerised Keys),90MM-AB-DK-S,Euro Profile Double Cylinder 90MM (Computerised Keys),Antique Brass,2060,INR,28,HIGH,Source prints one code with a placeholder ('(XX)'/'(YY)') substituted by a finish-column code; substituted code/finish reconstructed here from the printed legend.
Yale,Euro Profile Cylinders,Double Cylinders (Computerised Keys),90MM-PBM-DK-S,Euro Profile Double Cylinder 90MM (Computerised Keys),Black Matt PVD,2480,INR,28,HIGH,Source prints one code with a placeholder ('(XX)'/'(YY)') substituted by a finish-column code; substituted code/finish reconstructed here from the printed legend.
Yale,Euro Profile Cylinders,Double Cylinders (Computerised Keys),90MM-PRG-DK-S,Euro Profile Double Cylinder 90MM (Computerised Keys),Rose Gold PVD,2480,INR,28,HIGH,Source prints one code with a placeholder ('(XX)'/'(YY)') substituted by a finish-column code; substituted code/finish reconstructed here from the printed legend.
Yale,Euro Profile Cylinders,Thumbturn with Key (Computerised Keys),60MM-TT-SN-DK-S,Euro Profile Cylinder 60MM Thumbturn with Key (Computerised Keys),Satin Nickel,1660,INR,28,HIGH,Source prints one code with a placeholder ('(XX)'/'(YY)') substituted by a finish-column code; substituted code/finish reconstructed here from the printed legend.
Yale,Euro Profile Cylinders,Thumbturn with Key (Computerised Keys),60MM-TT-AB-DK-S,Euro Profile Cylinder 60MM Thumbturn with Key (Computerised Keys),Antique Brass,1740,INR,28,HIGH,Source prints one code with a placeholder ('(XX)'/'(YY)') substituted by a finish-column code; substituted code/finish reconstructed here from the printed legend.
Yale,Euro Profile Cylinders,Thumbturn with Key (Computerised Keys),60MM-TT-PBM-DK-S,Euro Profile Cylinder 60MM Thumbturn with Key (Computerised Keys),Black Matt PVD,2120,INR,28,HIGH,Source prints one code with a placeholder ('(XX)'/'(YY)') substituted by a finish-column code; substituted code/finish reconstructed here from the printed legend.
Yale,Euro Profile Cylinders,Thumbturn with Key (Computerised Keys),60MM-TT-PRG-DK-S,Euro Profile Cylinder 60MM Thumbturn with Key (Computerised Keys),Rose Gold PVD,2120,INR,28,HIGH,Source prints one code with a placeholder ('(XX)'/'(YY)') substituted by a finish-column code; substituted code/finish reconstructed here from the printed legend.
Yale,Euro Profile Cylinders,Thumbturn with Key (Computerised Keys),70MM-TT-SN-DK-S,Euro Profile Cylinder 70MM Thumbturn with Key (Computerised Keys),Satin Nickel,1700,INR,28,HIGH,Source prints one code with a placeholder ('(XX)'/'(YY)') substituted by a finish-column code; substituted code/finish reconstructed here from the printed legend.
Yale,Euro Profile Cylinders,Thumbturn with Key (Computerised Keys),70MM-TT-AB-DK-S,Euro Profile Cylinder 70MM Thumbturn with Key (Computerised Keys),Antique Brass,1740,INR,28,HIGH,Source prints one code with a placeholder ('(XX)'/'(YY)') substituted by a finish-column code; substituted code/finish reconstructed here from the printed legend.
Yale,Euro Profile Cylinders,Thumbturn with Key (Computerised Keys),70MM-TT-PBM-DK-S,Euro Profile Cylinder 70MM Thumbturn with Key (Computerised Keys),Black Matt PVD,2100,INR,28,HIGH,Source prints one code with a placeholder ('(XX)'/'(YY)') substituted by a finish-column code; substituted code/finish reconstructed here from the printed legend.
Yale,Euro Profile Cylinders,Thumbturn with Key (Computerised Keys),70MM-TT-PRG-DK-S,Euro Profile Cylinder 70MM Thumbturn with Key (Computerised Keys),Rose Gold PVD,2240,INR,28,HIGH,Source prints one code with a placeholder ('(XX)'/'(YY)') substituted by a finish-column code; substituted code/finish reconstructed here from the printed legend.
Yale,Euro Profile Cylinders,Thumbturn with Key (Computerised Keys),80MM-TT-SN-DK-S,Euro Profile Cylinder 80MM Thumbturn with Key (Computerised Keys),Satin Nickel,1860,INR,28,HIGH,Source prints one code with a placeholder ('(XX)'/'(YY)') substituted by a finish-column code; substituted code/finish reconstructed here from the printed legend.
Yale,Euro Profile Cylinders,Thumbturn with Key (Computerised Keys),80MM-TT-AB-DK-S,Euro Profile Cylinder 80MM Thumbturn with Key (Computerised Keys),Antique Brass,1860,INR,28,HIGH,Source prints one code with a placeholder ('(XX)'/'(YY)') substituted by a finish-column code; substituted code/finish reconstructed here from the printed legend.
Yale,Euro Profile Cylinders,Thumbturn with Key (Computerised Keys),80MM-TT-PBM-DK-S,Euro Profile Cylinder 80MM Thumbturn with Key (Computerised Keys),Black Matt PVD,2320,INR,28,HIGH,Source prints one code with a placeholder ('(XX)'/'(YY)') substituted by a finish-column code; substituted code/finish reconstructed here from the printed legend.
Yale,Euro Profile Cylinders,Thumbturn with Key (Computerised Keys),80MM-TT-PRG-DK-S,Euro Profile Cylinder 80MM Thumbturn with Key (Computerised Keys),Rose Gold PVD,2440,INR,28,HIGH,Source prints one code with a placeholder ('(XX)'/'(YY)') substituted by a finish-column code; substituted code/finish reconstructed here from the printed legend.
Yale,Euro Profile Cylinders,Thumbturn with Key (Computerised Keys),90MM-TT-SN-DK-S,Euro Profile Cylinder 90MM Thumbturn with Key (Computerised Keys),Satin Nickel,2040,INR,28,HIGH,Source prints one code with a placeholder ('(XX)'/'(YY)') substituted by a finish-column code; substituted code/finish reconstructed here from the printed legend.
Yale,Euro Profile Cylinders,Thumbturn with Key (Computerised Keys),90MM-TT-AB-DK-S,Euro Profile Cylinder 90MM Thumbturn with Key (Computerised Keys),Antique Brass,2040,INR,28,HIGH,Source prints one code with a placeholder ('(XX)'/'(YY)') substituted by a finish-column code; substituted code/finish reconstructed here from the printed legend.
Yale,Euro Profile Cylinders,Thumbturn with Key (Computerised Keys),90MM-TT-PBM-DK-S,Euro Profile Cylinder 90MM Thumbturn with Key (Computerised Keys),Black Matt PVD,2540,INR,28,HIGH,Source prints one code with a placeholder ('(XX)'/'(YY)') substituted by a finish-column code; substituted code/finish reconstructed here from the printed legend.
Yale,Euro Profile Cylinders,Thumbturn with Key (Computerised Keys),90MM-TT-PRG-DK-S,Euro Profile Cylinder 90MM Thumbturn with Key (Computerised Keys),Rose Gold PVD,2540,INR,28,HIGH,Source prints one code with a placeholder ('(XX)'/'(YY)') substituted by a finish-column code; substituted code/finish reconstructed here from the printed legend.
Yale,Euro Profile Cylinders,Thumbturn with Key (Computerised Keys),100MM-TT-SN-DK-S,Euro Profile Cylinder 100MM Thumbturn with Key (Computerised Keys),Satin Nickel,2460,INR,28,HIGH,Source prints one code with a placeholder ('(XX)'/'(YY)') substituted by a finish-column code; substituted code/finish reconstructed here from the printed legend.
Yale,Euro Profile Cylinders,Thumbturn with Key (Computerised Keys),100MM-TT-AB-DK-S,Euro Profile Cylinder 100MM Thumbturn with Key (Computerised Keys),Antique Brass,2480,INR,28,HIGH,Source prints one code with a placeholder ('(XX)'/'(YY)') substituted by a finish-column code; substituted code/finish reconstructed here from the printed legend.
Yale,Euro Profile Cylinders,Thumbturn with Key (Computerised Keys),100MM-TT-PBM-DK-S,Euro Profile Cylinder 100MM Thumbturn with Key (Computerised Keys),Black Matt PVD,2840,INR,28,HIGH,Source prints one code with a placeholder ('(XX)'/'(YY)') substituted by a finish-column code; substituted code/finish reconstructed here from the printed legend.
Yale,Euro Profile Cylinders,Thumbturn with Key (Computerised Keys),100MM-TT-PRG-DK-S,Euro Profile Cylinder 100MM Thumbturn with Key (Computerised Keys),Rose Gold PVD,2900,INR,28,HIGH,Source prints one code with a placeholder ('(XX)'/'(YY)') substituted by a finish-column code; substituted code/finish reconstructed here from the printed legend.
Yale,Euro Profile Cylinders,Bathroom Cylinders (Computerised Keys),60MM-SN-BK-S,Euro Profile Bathroom Cylinder 60MM (Computerised Keys),Satin Nickel,1120,INR,28,HIGH,Source prints one code with a placeholder ('(XX)'/'(YY)') substituted by a finish-column code; substituted code/finish reconstructed here from the printed legend.
Yale,Euro Profile Cylinders,Bathroom Cylinders (Computerised Keys),60MM-AB-BK-S,Euro Profile Bathroom Cylinder 60MM (Computerised Keys),Antique Brass,1240,INR,28,HIGH,Source prints one code with a placeholder ('(XX)'/'(YY)') substituted by a finish-column code; substituted code/finish reconstructed here from the printed legend.
Yale,Euro Profile Cylinders,Bathroom Cylinders (Computerised Keys),60MM-PBM-BK-S,Euro Profile Bathroom Cylinder 60MM (Computerised Keys),Black Matt PVD,1800,INR,28,HIGH,Source prints one code with a placeholder ('(XX)'/'(YY)') substituted by a finish-column code; substituted code/finish reconstructed here from the printed legend.
Yale,Euro Profile Cylinders,Bathroom Cylinders (Computerised Keys),60MM-PRG-BK-S,Euro Profile Bathroom Cylinder 60MM (Computerised Keys),Rose Gold PVD,1820,INR,28,HIGH,Source prints one code with a placeholder ('(XX)'/'(YY)') substituted by a finish-column code; substituted code/finish reconstructed here from the printed legend.
Yale,Euro Profile Cylinders,Bathroom Cylinders (Computerised Keys),70MM-SN-BK-S,Euro Profile Bathroom Cylinder 70MM (Computerised Keys),Satin Nickel,1220,INR,28,HIGH,Source prints one code with a placeholder ('(XX)'/'(YY)') substituted by a finish-column code; substituted code/finish reconstructed here from the printed legend.
Yale,Euro Profile Cylinders,Bathroom Cylinders (Computerised Keys),70MM-AB-BK-S,Euro Profile Bathroom Cylinder 70MM (Computerised Keys),Antique Brass,1420,INR,28,HIGH,Source prints one code with a placeholder ('(XX)'/'(YY)') substituted by a finish-column code; substituted code/finish reconstructed here from the printed legend.
Yale,Euro Profile Cylinders,Bathroom Cylinders (Computerised Keys),70MM-PBM-BK-S,Euro Profile Bathroom Cylinder 70MM (Computerised Keys),Black Matt PVD,1860,INR,28,HIGH,Source prints one code with a placeholder ('(XX)'/'(YY)') substituted by a finish-column code; substituted code/finish reconstructed here from the printed legend.
Yale,Euro Profile Cylinders,Bathroom Cylinders (Computerised Keys),70MM-PRG-BK-S,Euro Profile Bathroom Cylinder 70MM (Computerised Keys),Rose Gold PVD,1940,INR,28,HIGH,Source prints one code with a placeholder ('(XX)'/'(YY)') substituted by a finish-column code; substituted code/finish reconstructed here from the printed legend.
Yale,Euro Profile Cylinders,Bathroom Cylinders (Computerised Keys),80MM-SN-BK-S,Euro Profile Bathroom Cylinder 80MM (Computerised Keys),Satin Nickel,1420,INR,28,HIGH,Source prints one code with a placeholder ('(XX)'/'(YY)') substituted by a finish-column code; substituted code/finish reconstructed here from the printed legend.
Yale,Euro Profile Cylinders,Bathroom Cylinders (Computerised Keys),80MM-AB-BK-S,Euro Profile Bathroom Cylinder 80MM (Computerised Keys),Antique Brass,1660,INR,28,HIGH,Source prints one code with a placeholder ('(XX)'/'(YY)') substituted by a finish-column code; substituted code/finish reconstructed here from the printed legend.
Yale,Euro Profile Cylinders,Bathroom Cylinders (Computerised Keys),80MM-PBM-BK-S,Euro Profile Bathroom Cylinder 80MM (Computerised Keys),Black Matt PVD,2100,INR,28,HIGH,Source prints one code with a placeholder ('(XX)'/'(YY)') substituted by a finish-column code; substituted code/finish reconstructed here from the printed legend.
Yale,Euro Profile Cylinders,Bathroom Cylinders (Computerised Keys),80MM-PRG-BK-S,Euro Profile Bathroom Cylinder 80MM (Computerised Keys),Rose Gold PVD,2140,INR,28,HIGH,Source prints one code with a placeholder ('(XX)'/'(YY)') substituted by a finish-column code; substituted code/finish reconstructed here from the printed legend.
Yale,Euro Profile Cylinders,Essential Double Cylinders (Regular Keys),60MM-SN-DC-Z,Essential Euro Profile Double Cylinder 60MM (Regular Keys),Satin Nickel,960,INR,29,HIGH,Source prints one code with a placeholder ('(XX)'/'(YY)') substituted by a finish-column code; substituted code/finish reconstructed here from the printed legend.
Yale,Euro Profile Cylinders,Essential Double Cylinders (Regular Keys),60MM-AB-DC-Z,Essential Euro Profile Double Cylinder 60MM (Regular Keys),Antique Brass,960,INR,29,HIGH,Source prints one code with a placeholder ('(XX)'/'(YY)') substituted by a finish-column code; substituted code/finish reconstructed here from the printed legend.
Yale,Euro Profile Cylinders,Essential Double Cylinders (Regular Keys),60MM-BM-DC-Z,Essential Euro Profile Double Cylinder 60MM (Regular Keys),Black Matt,1000,INR,29,HIGH,Source prints one code with a placeholder ('(XX)'/'(YY)') substituted by a finish-column code; substituted code/finish reconstructed here from the printed legend.
Yale,Euro Profile Cylinders,Essential Double Cylinders (Regular Keys),60MM-RG-DC-Z,Essential Euro Profile Double Cylinder 60MM (Regular Keys),Rose Gold,1100,INR,29,HIGH,Source prints one code with a placeholder ('(XX)'/'(YY)') substituted by a finish-column code; substituted code/finish reconstructed here from the printed legend.
Yale,Euro Profile Cylinders,Essential Double Cylinders (Regular Keys),60MM-RGM-DC-Z,Essential Euro Profile Double Cylinder 60MM (Regular Keys),Rose Gold Matt,1160,INR,29,HIGH,Source prints one code with a placeholder ('(XX)'/'(YY)') substituted by a finish-column code; substituted code/finish reconstructed here from the printed legend.
Yale,Euro Profile Cylinders,Essential Double Cylinders (Regular Keys),70MM-SN-DC-Z,Essential Euro Profile Double Cylinder 70MM (Regular Keys),Satin Nickel,1000,INR,29,HIGH,Source prints one code with a placeholder ('(XX)'/'(YY)') substituted by a finish-column code; substituted code/finish reconstructed here from the printed legend.
Yale,Euro Profile Cylinders,Essential Double Cylinders (Regular Keys),70MM-AB-DC-Z,Essential Euro Profile Double Cylinder 70MM (Regular Keys),Antique Brass,1000,INR,29,HIGH,Source prints one code with a placeholder ('(XX)'/'(YY)') substituted by a finish-column code; substituted code/finish reconstructed here from the printed legend.
Yale,Euro Profile Cylinders,Essential Double Cylinders (Regular Keys),70MM-BM-DC-Z,Essential Euro Profile Double Cylinder 70MM (Regular Keys),Black Matt,1080,INR,29,HIGH,Source prints one code with a placeholder ('(XX)'/'(YY)') substituted by a finish-column code; substituted code/finish reconstructed here from the printed legend.
Yale,Euro Profile Cylinders,Essential Double Cylinders (Regular Keys),70MM-RG-DC-Z,Essential Euro Profile Double Cylinder 70MM (Regular Keys),Rose Gold,1160,INR,29,HIGH,Source prints one code with a placeholder ('(XX)'/'(YY)') substituted by a finish-column code; substituted code/finish reconstructed here from the printed legend.
Yale,Euro Profile Cylinders,Essential Double Cylinders (Regular Keys),70MM-RGM-DC-Z,Essential Euro Profile Double Cylinder 70MM (Regular Keys),Rose Gold Matt,1200,INR,29,HIGH,Source prints one code with a placeholder ('(XX)'/'(YY)') substituted by a finish-column code; substituted code/finish reconstructed here from the printed legend.
Yale,Euro Profile Cylinders,Essential Double Cylinders (Regular Keys),80MM-SN-DC-Z,Essential Euro Profile Double Cylinder 80MM (Regular Keys),Satin Nickel,1120,INR,29,HIGH,Source prints one code with a placeholder ('(XX)'/'(YY)') substituted by a finish-column code; substituted code/finish reconstructed here from the printed legend.
Yale,Euro Profile Cylinders,Essential Double Cylinders (Regular Keys),80MM-AB-DC-Z,Essential Euro Profile Double Cylinder 80MM (Regular Keys),Antique Brass,1120,INR,29,HIGH,Source prints one code with a placeholder ('(XX)'/'(YY)') substituted by a finish-column code; substituted code/finish reconstructed here from the printed legend.
Yale,Euro Profile Cylinders,Essential Double Cylinders (Regular Keys),80MM-BM-DC-Z,Essential Euro Profile Double Cylinder 80MM (Regular Keys),Black Matt,1180,INR,29,HIGH,Source prints one code with a placeholder ('(XX)'/'(YY)') substituted by a finish-column code; substituted code/finish reconstructed here from the printed legend.
Yale,Euro Profile Cylinders,Essential Double Cylinders (Regular Keys),80MM-RG-DC-Z,Essential Euro Profile Double Cylinder 80MM (Regular Keys),Rose Gold,1240,INR,29,HIGH,Source prints one code with a placeholder ('(XX)'/'(YY)') substituted by a finish-column code; substituted code/finish reconstructed here from the printed legend.
Yale,Euro Profile Cylinders,Essential Thumbturn with Key (Regular Keys),60MM-SN-TT-Z,Essential Euro Profile Cylinder 60MM Thumbturn with Key (Regular Keys),Satin Nickel,980,INR,29,HIGH,Source prints one code with a placeholder ('(XX)'/'(YY)') substituted by a finish-column code; substituted code/finish reconstructed here from the printed legend.
Yale,Euro Profile Cylinders,Essential Thumbturn with Key (Regular Keys),60MM-AB-TT-Z,Essential Euro Profile Cylinder 60MM Thumbturn with Key (Regular Keys),Antique Brass,980,INR,29,HIGH,Source prints one code with a placeholder ('(XX)'/'(YY)') substituted by a finish-column code; substituted code/finish reconstructed here from the printed legend.
Yale,Euro Profile Cylinders,Essential Thumbturn with Key (Regular Keys),60MM-BM-TT-Z,Essential Euro Profile Cylinder 60MM Thumbturn with Key (Regular Keys),Black Matt,1060,INR,29,HIGH,Source prints one code with a placeholder ('(XX)'/'(YY)') substituted by a finish-column code; substituted code/finish reconstructed here from the printed legend.
Yale,Euro Profile Cylinders,Essential Thumbturn with Key (Regular Keys),60MM-RG-TT-Z,Essential Euro Profile Cylinder 60MM Thumbturn with Key (Regular Keys),Rose Gold,1140,INR,29,HIGH,Source prints one code with a placeholder ('(XX)'/'(YY)') substituted by a finish-column code; substituted code/finish reconstructed here from the printed legend.
Yale,Euro Profile Cylinders,Essential Thumbturn with Key (Regular Keys),60MM-RGM-TT-Z,Essential Euro Profile Cylinder 60MM Thumbturn with Key (Regular Keys),Rose Gold Matt,1180,INR,29,HIGH,Source prints one code with a placeholder ('(XX)'/'(YY)') substituted by a finish-column code; substituted code/finish reconstructed here from the printed legend.
Yale,Euro Profile Cylinders,Essential Thumbturn with Key (Regular Keys),70MM-SN-TT-Z,Essential Euro Profile Cylinder 70MM Thumbturn with Key (Regular Keys),Satin Nickel,1080,INR,29,HIGH,Source prints one code with a placeholder ('(XX)'/'(YY)') substituted by a finish-column code; substituted code/finish reconstructed here from the printed legend.
Yale,Euro Profile Cylinders,Essential Thumbturn with Key (Regular Keys),70MM-AB-TT-Z,Essential Euro Profile Cylinder 70MM Thumbturn with Key (Regular Keys),Antique Brass,1080,INR,29,HIGH,Source prints one code with a placeholder ('(XX)'/'(YY)') substituted by a finish-column code; substituted code/finish reconstructed here from the printed legend.
Yale,Euro Profile Cylinders,Essential Thumbturn with Key (Regular Keys),70MM-BM-TT-Z,Essential Euro Profile Cylinder 70MM Thumbturn with Key (Regular Keys),Black Matt,1120,INR,29,HIGH,Source prints one code with a placeholder ('(XX)'/'(YY)') substituted by a finish-column code; substituted code/finish reconstructed here from the printed legend.
Yale,Euro Profile Cylinders,Essential Thumbturn with Key (Regular Keys),70MM-RG-TT-Z,Essential Euro Profile Cylinder 70MM Thumbturn with Key (Regular Keys),Rose Gold,1200,INR,29,HIGH,Source prints one code with a placeholder ('(XX)'/'(YY)') substituted by a finish-column code; substituted code/finish reconstructed here from the printed legend.
Yale,Euro Profile Cylinders,Essential Thumbturn with Key (Regular Keys),70MM-RGM-TT-Z,Essential Euro Profile Cylinder 70MM Thumbturn with Key (Regular Keys),Rose Gold Matt,1240,INR,29,HIGH,Source prints one code with a placeholder ('(XX)'/'(YY)') substituted by a finish-column code; substituted code/finish reconstructed here from the printed legend.
Yale,Euro Profile Cylinders,Essential Thumbturn with Key (Regular Keys),80MM-SN-TT-Z,Essential Euro Profile Cylinder 80MM Thumbturn with Key (Regular Keys),Satin Nickel,1160,INR,29,HIGH,Source prints one code with a placeholder ('(XX)'/'(YY)') substituted by a finish-column code; substituted code/finish reconstructed here from the printed legend.
Yale,Euro Profile Cylinders,Essential Thumbturn with Key (Regular Keys),80MM-AB-TT-Z,Essential Euro Profile Cylinder 80MM Thumbturn with Key (Regular Keys),Antique Brass,1160,INR,29,HIGH,Source prints one code with a placeholder ('(XX)'/'(YY)') substituted by a finish-column code; substituted code/finish reconstructed here from the printed legend.
Yale,Euro Profile Cylinders,Essential Thumbturn with Key (Regular Keys),80MM-BM-TT-Z,Essential Euro Profile Cylinder 80MM Thumbturn with Key (Regular Keys),Black Matt,1220,INR,29,HIGH,Source prints one code with a placeholder ('(XX)'/'(YY)') substituted by a finish-column code; substituted code/finish reconstructed here from the printed legend.
Yale,Euro Profile Cylinders,Essential Thumbturn with Key (Regular Keys),80MM-RG-TT-Z,Essential Euro Profile Cylinder 80MM Thumbturn with Key (Regular Keys),Rose Gold,1280,INR,29,HIGH,Source prints one code with a placeholder ('(XX)'/'(YY)') substituted by a finish-column code; substituted code/finish reconstructed here from the printed legend.
Yale,Euro Profile Cylinders,Essential Bathroom Cylinders (Regular Keys),60MM-SN-BK-Z,Essential Euro Profile Bathroom Cylinder 60MM (Regular Keys),Satin Nickel,900,INR,29,HIGH,Source prints one code with a placeholder ('(XX)'/'(YY)') substituted by a finish-column code; substituted code/finish reconstructed here from the printed legend.
Yale,Euro Profile Cylinders,Essential Bathroom Cylinders (Regular Keys),60MM-AB-BK-Z,Essential Euro Profile Bathroom Cylinder 60MM (Regular Keys),Antique Brass,900,INR,29,HIGH,Source prints one code with a placeholder ('(XX)'/'(YY)') substituted by a finish-column code; substituted code/finish reconstructed here from the printed legend.
Yale,Euro Profile Cylinders,Essential Bathroom Cylinders (Regular Keys),60MM-BM-BK-Z,Essential Euro Profile Bathroom Cylinder 60MM (Regular Keys),Black Matt,960,INR,29,HIGH,Source prints one code with a placeholder ('(XX)'/'(YY)') substituted by a finish-column code; substituted code/finish reconstructed here from the printed legend.
Yale,Euro Profile Cylinders,Essential Bathroom Cylinders (Regular Keys),60MM-RG-BK-Z,Essential Euro Profile Bathroom Cylinder 60MM (Regular Keys),Rose Gold,1020,INR,29,HIGH,Source prints one code with a placeholder ('(XX)'/'(YY)') substituted by a finish-column code; substituted code/finish reconstructed here from the printed legend.
Yale,Euro Profile Cylinders,Essential Bathroom Cylinders (Regular Keys),70MM-SN-BK-Z,Essential Euro Profile Bathroom Cylinder 70MM (Regular Keys),Satin Nickel,960,INR,29,HIGH,Source prints one code with a placeholder ('(XX)'/'(YY)') substituted by a finish-column code; substituted code/finish reconstructed here from the printed legend.
Yale,Euro Profile Cylinders,Essential Bathroom Cylinders (Regular Keys),70MM-AB-BK-Z,Essential Euro Profile Bathroom Cylinder 70MM (Regular Keys),Antique Brass,960,INR,29,HIGH,Source prints one code with a placeholder ('(XX)'/'(YY)') substituted by a finish-column code; substituted code/finish reconstructed here from the printed legend.
Yale,Euro Profile Cylinders,Essential Bathroom Cylinders (Regular Keys),70MM-BM-BK-Z,Essential Euro Profile Bathroom Cylinder 70MM (Regular Keys),Black Matt,1000,INR,29,HIGH,Source prints one code with a placeholder ('(XX)'/'(YY)') substituted by a finish-column code; substituted code/finish reconstructed here from the printed legend.
Yale,Euro Profile Cylinders,Essential Bathroom Cylinders (Regular Keys),70MM-RG-BK-Z,Essential Euro Profile Bathroom Cylinder 70MM (Regular Keys),Rose Gold,1100,INR,29,HIGH,Source prints one code with a placeholder ('(XX)'/'(YY)') substituted by a finish-column code; substituted code/finish reconstructed here from the printed legend.
Yale,Euro Profile Cylinders,Essential Bathroom Cylinders (Regular Keys),80MM-SN-BK-Z,Essential Euro Profile Bathroom Cylinder 80MM (Regular Keys),Satin Nickel,1060,INR,29,HIGH,Source prints one code with a placeholder ('(XX)'/'(YY)') substituted by a finish-column code; substituted code/finish reconstructed here from the printed legend.
Yale,Euro Profile Cylinders,Essential Bathroom Cylinders (Regular Keys),80MM-AB-BK-Z,Essential Euro Profile Bathroom Cylinder 80MM (Regular Keys),Antique Brass,1060,INR,29,HIGH,Source prints one code with a placeholder ('(XX)'/'(YY)') substituted by a finish-column code; substituted code/finish reconstructed here from the printed legend.
Yale,Euro Profile Cylinders,Essential Bathroom Cylinders (Regular Keys),80MM-BM-BK-Z,Essential Euro Profile Bathroom Cylinder 80MM (Regular Keys),Black Matt,1120,INR,29,HIGH,Source prints one code with a placeholder ('(XX)'/'(YY)') substituted by a finish-column code; substituted code/finish reconstructed here from the printed legend.
Yale,Euro Profile Cylinders,Essential Bathroom Cylinders (Regular Keys),80MM-RG-BK-Z,Essential Euro Profile Bathroom Cylinder 80MM (Regular Keys),Rose Gold,1180,INR,29,HIGH,Source prints one code with a placeholder ('(XX)'/'(YY)') substituted by a finish-column code; substituted code/finish reconstructed here from the printed legend.
Yale,Euro Profile Cylinders,Half Cylinders (Single Cylinders),40MM-HALF-SN-S,Euro Profile Half Cylinder 40MM,Satin Nickel,1080,INR,29,HIGH,Source prints one code with a placeholder ('(XX)'/'(YY)') substituted by a finish-column code; substituted code/finish reconstructed here from the printed legend.
Yale,Euro Profile Cylinders,Half Cylinders (Single Cylinders),40MM-HALF-AB-S,Euro Profile Half Cylinder 40MM,Antique Brass,1140,INR,29,HIGH,Source prints one code with a placeholder ('(XX)'/'(YY)') substituted by a finish-column code; substituted code/finish reconstructed here from the printed legend.
Yale,Euro Profile Cylinders,Half Cylinders (Single Cylinders),40MM-HALF-BM-S,Euro Profile Half Cylinder 40MM,Black Matt,1220,INR,29,HIGH,Source prints one code with a placeholder ('(XX)'/'(YY)') substituted by a finish-column code; substituted code/finish reconstructed here from the printed legend.
Yale,Euro Profile Cylinders,Half Cylinders (Single Cylinders),40MM-HALF-RG-S,Euro Profile Half Cylinder 40MM,Rose Gold,1220,INR,29,HIGH,Source prints one code with a placeholder ('(XX)'/'(YY)') substituted by a finish-column code; substituted code/finish reconstructed here from the printed legend.
Yale,Euro Profile Cylinders,Half Cylinders (Single Cylinders),45MM-HALF-SN-S,Euro Profile Half Cylinder 45MM,Satin Nickel,1160,INR,29,HIGH,Source prints one code with a placeholder ('(XX)'/'(YY)') substituted by a finish-column code; substituted code/finish reconstructed here from the printed legend.
Yale,Euro Profile Cylinders,Half Cylinders (Single Cylinders),50MM-HALF-SN-S,Euro Profile Half Cylinder 50MM,Satin Nickel,1300,INR,29,HIGH,Source prints one code with a placeholder ('(XX)'/'(YY)') substituted by a finish-column code; substituted code/finish reconstructed here from the printed legend.
Yale,Euro Profile Cylinders,Half Cylinders (Single Cylinders),40MM-TT-HALF-SN-S,"Euro Profile Half Cylinder 40MM, Thumbturn",Satin Nickel,1080,INR,29,HIGH,Source prints one code with a placeholder ('(XX)'/'(YY)') substituted by a finish-column code; substituted code/finish reconstructed here from the printed legend.
Yale,Euro Profile Cylinders,Half Cylinders (Single Cylinders),40MM-TT-HALF-AB-S,"Euro Profile Half Cylinder 40MM, Thumbturn",Antique Brass,1140,INR,29,HIGH,Source prints one code with a placeholder ('(XX)'/'(YY)') substituted by a finish-column code; substituted code/finish reconstructed here from the printed legend.
Yale,Euro Profile Cylinders,Half Cylinders (Single Cylinders),40MM-TT-HALF-BM-S,"Euro Profile Half Cylinder 40MM, Thumbturn",Black Matt,1220,INR,29,HIGH,Source prints one code with a placeholder ('(XX)'/'(YY)') substituted by a finish-column code; substituted code/finish reconstructed here from the printed legend.
Yale,Euro Profile Cylinders,Half Cylinders (Single Cylinders),40MM-TT-HALF-RG-S,"Euro Profile Half Cylinder 40MM, Thumbturn",Rose Gold,1220,INR,29,HIGH,Source prints one code with a placeholder ('(XX)'/'(YY)') substituted by a finish-column code; substituted code/finish reconstructed here from the printed legend.
Yale,Euro Profile Cylinders,Half Cylinders (Single Cylinders),45MM-TT-HALF-SN-S,"Euro Profile Half Cylinder 45MM, Thumbturn",Satin Nickel,1160,INR,29,HIGH,Source prints one code with a placeholder ('(XX)'/'(YY)') substituted by a finish-column code; substituted code/finish reconstructed here from the printed legend.
Yale,Euro Profile Cylinders,Half Cylinders (Single Cylinders),50MM-TT-HALF-SN-S,"Euro Profile Half Cylinder 50MM, Thumbturn",Satin Nickel,1300,INR,29,HIGH,Source prints one code with a placeholder ('(XX)'/'(YY)') substituted by a finish-column code; substituted code/finish reconstructed here from the printed legend.
Yale,Mortise Locks,Secura Mortise Lockbody with Cylinder,YSMC-8545/60MMTTDK-SN,"Secura Mortise Lockbody Cylinder, 85 C2C 45mm B/S, Latch & Deadbolt, 60MM TT DK",Satin Nickel,1960,INR,29,HIGH,Source prints one code with a placeholder ('(XX)'/'(YY)') substituted by a finish-column code; substituted code/finish reconstructed here from the printed legend.
Yale,Mortise Locks,Secura Mortise Lockbody with Cylinder,YSMC-8545/60MMTTDK-AB,"Secura Mortise Lockbody Cylinder, 85 C2C 45mm B/S, Latch & Deadbolt, 60MM TT DK",Antique Brass,1980,INR,29,HIGH,Source prints one code with a placeholder ('(XX)'/'(YY)') substituted by a finish-column code; substituted code/finish reconstructed here from the printed legend.
Yale,Mortise Locks,Secura Mortise Lockbody with Cylinder,YSMC-8545/60MMTTDK-BM,"Secura Mortise Lockbody Cylinder, 85 C2C 45mm B/S, Latch & Deadbolt, 60MM TT DK",Black Matt,2200,INR,29,HIGH,Source prints one code with a placeholder ('(XX)'/'(YY)') substituted by a finish-column code; substituted code/finish reconstructed here from the printed legend.
Yale,Mortise Locks,Secura Mortise Lockbody with Cylinder,YSMC-8545/60MMTTDK-RG,"Secura Mortise Lockbody Cylinder, 85 C2C 45mm B/S, Latch & Deadbolt, 60MM TT DK",Rose Gold,2200,INR,29,HIGH,Source prints one code with a placeholder ('(XX)'/'(YY)') substituted by a finish-column code; substituted code/finish reconstructed here from the printed legend.
Yale,Mortise Locks,Secura Mortise Lockbody with Cylinder,YSMC-8545/60MMDCDK-SN,"Secura Mortise Lockbody Cylinder, 85 C2C 45mm B/S, Latch & Deadbolt, 60MM DC DK",Satin Nickel,1960,INR,29,HIGH,Source prints one code with a placeholder ('(XX)'/'(YY)') substituted by a finish-column code; substituted code/finish reconstructed here from the printed legend.
Yale,Mortise Locks,Secura Mortise Lockbody with Cylinder,YSMC-8545/60MMDCDK-AB,"Secura Mortise Lockbody Cylinder, 85 C2C 45mm B/S, Latch & Deadbolt, 60MM DC DK",Antique Brass,1980,INR,29,HIGH,Source prints one code with a placeholder ('(XX)'/'(YY)') substituted by a finish-column code; substituted code/finish reconstructed here from the printed legend.
Yale,Mortise Locks,Secura Mortise Lockbody with Cylinder,YSMC-8545/60MMDCDK-BM,"Secura Mortise Lockbody Cylinder, 85 C2C 45mm B/S, Latch & Deadbolt, 60MM DC DK",Black Matt,2200,INR,29,HIGH,Source prints one code with a placeholder ('(XX)'/'(YY)') substituted by a finish-column code; substituted code/finish reconstructed here from the printed legend.
Yale,Mortise Locks,Secura Mortise Lockbody with Cylinder,YSMC-8545/60MMDCDK-RG,"Secura Mortise Lockbody Cylinder, 85 C2C 45mm B/S, Latch & Deadbolt, 60MM DC DK",Rose Gold,2200,INR,29,HIGH,Source prints one code with a placeholder ('(XX)'/'(YY)') substituted by a finish-column code; substituted code/finish reconstructed here from the printed legend.
Yale,Mortise Locks,Secura Mortise Lockbody with Cylinder,YSMC-8545/60MMBK-SN,"Secura Mortise Lockbody Cylinder, 85 C2C 45mm B/S, Latch & Deadbolt, 60MM Privacy",Satin Nickel,1820,INR,29,HIGH,Source prints one code with a placeholder ('(XX)'/'(YY)') substituted by a finish-column code; substituted code/finish reconstructed here from the printed legend.
Yale,Mortise Locks,Secura Mortise Lockbody with Cylinder,YSMC-8545/60MMBK-AB,"Secura Mortise Lockbody Cylinder, 85 C2C 45mm B/S, Latch & Deadbolt, 60MM Privacy",Antique Brass,1840,INR,29,HIGH,Source prints one code with a placeholder ('(XX)'/'(YY)') substituted by a finish-column code; substituted code/finish reconstructed here from the printed legend.
Yale,Mortise Locks,Secura Mortise Lockbody with Cylinder,YSMC-8545/60MMBK-BM,"Secura Mortise Lockbody Cylinder, 85 C2C 45mm B/S, Latch & Deadbolt, 60MM Privacy",Black Matt,2080,INR,29,HIGH,Source prints one code with a placeholder ('(XX)'/'(YY)') substituted by a finish-column code; substituted code/finish reconstructed here from the printed legend.
Yale,Mortise Locks,Secura Mortise Lockbody with Cylinder,YSMC-8545/60MMBK-RG,"Secura Mortise Lockbody Cylinder, 85 C2C 45mm B/S, Latch & Deadbolt, 60MM Privacy",Rose Gold,2080,INR,29,HIGH,Source prints one code with a placeholder ('(XX)'/'(YY)') substituted by a finish-column code; substituted code/finish reconstructed here from the printed legend.
Yale,Mortise Locks,Secura Mortise Lockbody with Cylinder,YSMC-8545/70MMTTDK-SN,"Secura Mortise Lockbody Cylinder, 85 C2C 45mm B/S, Latch & Deadbolt, 70MM TT DK",Satin Nickel,2060,INR,29,HIGH,Source prints one code with a placeholder ('(XX)'/'(YY)') substituted by a finish-column code; substituted code/finish reconstructed here from the printed legend.
Yale,Mortise Locks,Secura Mortise Lockbody with Cylinder,YSMC-8545/70MMTTDK-AB,"Secura Mortise Lockbody Cylinder, 85 C2C 45mm B/S, Latch & Deadbolt, 70MM TT DK",Antique Brass,2080,INR,29,HIGH,Source prints one code with a placeholder ('(XX)'/'(YY)') substituted by a finish-column code; substituted code/finish reconstructed here from the printed legend.
Yale,Mortise Locks,Secura Mortise Lockbody with Cylinder,YSMC-8545/70MMTTDK-BM,"Secura Mortise Lockbody Cylinder, 85 C2C 45mm B/S, Latch & Deadbolt, 70MM TT DK",Black Matt,2320,INR,29,HIGH,Source prints one code with a placeholder ('(XX)'/'(YY)') substituted by a finish-column code; substituted code/finish reconstructed here from the printed legend.
Yale,Mortise Locks,Secura Mortise Lockbody with Cylinder,YSMC-8545/70MMTTDK-RG,"Secura Mortise Lockbody Cylinder, 85 C2C 45mm B/S, Latch & Deadbolt, 70MM TT DK",Rose Gold,2320,INR,29,HIGH,Source prints one code with a placeholder ('(XX)'/'(YY)') substituted by a finish-column code; substituted code/finish reconstructed here from the printed legend.
Yale,Mortise Locks,Secura Mortise Lockbody with Cylinder,YSMC-8545/70MMDCDK-SN,"Secura Mortise Lockbody Cylinder, 85 C2C 45mm B/S, Latch & Deadbolt, 70MM DC DK",Satin Nickel,2060,INR,29,HIGH,Source prints one code with a placeholder ('(XX)'/'(YY)') substituted by a finish-column code; substituted code/finish reconstructed here from the printed legend.
Yale,Mortise Locks,Secura Mortise Lockbody with Cylinder,YSMC-8545/70MMDCDK-AB,"Secura Mortise Lockbody Cylinder, 85 C2C 45mm B/S, Latch & Deadbolt, 70MM DC DK",Antique Brass,2080,INR,29,HIGH,Source prints one code with a placeholder ('(XX)'/'(YY)') substituted by a finish-column code; substituted code/finish reconstructed here from the printed legend.
Yale,Mortise Locks,Secura Mortise Lockbody with Cylinder,YSMC-8545/70MMDCDK-BM,"Secura Mortise Lockbody Cylinder, 85 C2C 45mm B/S, Latch & Deadbolt, 70MM DC DK",Black Matt,2320,INR,29,HIGH,Source prints one code with a placeholder ('(XX)'/'(YY)') substituted by a finish-column code; substituted code/finish reconstructed here from the printed legend.
Yale,Mortise Locks,Secura Mortise Lockbody with Cylinder,YSMC-8545/70MMDCDK-RG,"Secura Mortise Lockbody Cylinder, 85 C2C 45mm B/S, Latch & Deadbolt, 70MM DC DK",Rose Gold,2320,INR,29,HIGH,Source prints one code with a placeholder ('(XX)'/'(YY)') substituted by a finish-column code; substituted code/finish reconstructed here from the printed legend.
Yale,Mortise Locks,Secura Mortise Lockbody with Cylinder,YSMC-8545/70MMBK-SN,"Secura Mortise Lockbody Cylinder, 85 C2C 45mm B/S, Latch & Deadbolt, 70MM Privacy",Satin Nickel,1960,INR,29,HIGH,Source prints one code with a placeholder ('(XX)'/'(YY)') substituted by a finish-column code; substituted code/finish reconstructed here from the printed legend.
Yale,Mortise Locks,Secura Mortise Lockbody with Cylinder,YSMC-8545/70MMBK-AB,"Secura Mortise Lockbody Cylinder, 85 C2C 45mm B/S, Latch & Deadbolt, 70MM Privacy",Antique Brass,1980,INR,29,HIGH,Source prints one code with a placeholder ('(XX)'/'(YY)') substituted by a finish-column code; substituted code/finish reconstructed here from the printed legend.
Yale,Mortise Locks,Secura Mortise Lockbody with Cylinder,YSMC-8545/70MMBK-BM,"Secura Mortise Lockbody Cylinder, 85 C2C 45mm B/S, Latch & Deadbolt, 70MM Privacy",Black Matt,2200,INR,29,HIGH,Source prints one code with a placeholder ('(XX)'/'(YY)') substituted by a finish-column code; substituted code/finish reconstructed here from the printed legend.
Yale,Mortise Locks,Secura Mortise Lockbody with Cylinder,YSMC-8545/70MMBK-RG,"Secura Mortise Lockbody Cylinder, 85 C2C 45mm B/S, Latch & Deadbolt, 70MM Privacy",Rose Gold,2200,INR,29,HIGH,Source prints one code with a placeholder ('(XX)'/'(YY)') substituted by a finish-column code; substituted code/finish reconstructed here from the printed legend.
Yale,Mortise Locks,Premium Residential Mortise Locks,YSM 9250,Magnetic Mortise Lock 92mm C2C and 50mm Backset,Satin Steel,3540,INR,29,HIGH,
Yale,Mortise Locks,Premium Residential Mortise Locks,YSM 8550,"Magnetic Mortise Lock 85mm C2C and 50mm Backset, Latch & Bolt",Satin Steel,2320,INR,29,HIGH,
Yale,Mortise Locks,Premium Residential Mortise Locks,4S-7085-SS,"Mortise Lockbody, 70mm B/S and 85mm C2C, 4 Stroke",Satin Steel,2280,INR,29,HIGH,
Yale,Mortise Locks,Premium Residential Mortise Locks,4S-7085-AB,"Mortise Lockbody, 70mm B/S and 85mm C2C, 4 Stroke",Antique Brass,2460,INR,29,HIGH,
Yale,Mortise Locks,Premium Residential Mortise Locks,RP E3B 45,"Mortise Lockbody, 3Bolt - Entrance, 45mm Backset, C2C 85 (SSS)",Satin Steel,3300,INR,30,HIGH,
Yale,Mortise Locks,Premium Residential Mortise Locks,RP E3B 60,"Mortise Lockbody, 3Bolt - Entrance, 60mm Backset, C2C 85 (SSS)",Satin Steel,3460,INR,30,HIGH,
Yale,Mortise Locks,Economy Roller Mortise Lock,EN85/45,"EN Standard Mortise Lockbody 85 C/C, 45mm Backset (Painted)",Painted,1740,INR,30,HIGH,
Yale,Mortise Locks,Economy Roller Mortise Lock,EN85/60,"EN Standard Mortise Lockbody 85 C/C, 60mm Backset (Painted)",Painted,1960,INR,30,HIGH,
Yale,Mortise Locks,Economy Roller Mortise Lock,25-6085-RL-SS,Roller Mortise Lock - 60mm B/S 85 C2C,Satin Steel,1620,INR,30,HIGH,Source prints one code with a placeholder ('(XX)'/'(YY)') substituted by a finish-column code; substituted code/finish reconstructed here from the printed legend.
Yale,Mortise Locks,Economy Roller Mortise Lock,25-6085-RL-AB,Roller Mortise Lock - 60mm B/S 85 C2C,Antique Brass,1740,INR,30,HIGH,Source prints one code with a placeholder ('(XX)'/'(YY)') substituted by a finish-column code; substituted code/finish reconstructed here from the printed legend.
Yale,Mortise Locks,Economy Roller Mortise Lock,25-6085-RL-BM,Roller Mortise Lock - 60mm B/S 85 C2C,Black Matt,1920,INR,30,HIGH,Source prints one code with a placeholder ('(XX)'/'(YY)') substituted by a finish-column code; substituted code/finish reconstructed here from the printed legend.
Yale,Mortise Locks,Economy Roller Mortise Lock,25-6085-RL-RG,Roller Mortise Lock - 60mm B/S 85 C2C,Rose Gold,1920,INR,30,HIGH,Source prints one code with a placeholder ('(XX)'/'(YY)') substituted by a finish-column code; substituted code/finish reconstructed here from the printed legend.
Yale,Mortise Locks,Economy Mortise Babylatch,18 P1.50 SS04-S,Mortise Lockbody - 50 B/S Latch only (SSS),Satin Steel,1060,INR,30,HIGH,
Yale,Mortise Locks,Economy Mortise Babylatch,18 P1.50 SS04-AB,Mortise Lockbody - 50 B/S Latch only (AB),Antique Brass,1120,INR,30,HIGH,
Yale,Mortise Locks,Economy Mortise Babylatch,18 P1.50-SS,"Mortise Babylatch, 50mm Backset",Satin Steel,580,INR,30,HIGH,Source prints one code with a placeholder ('(XX)'/'(YY)') substituted by a finish-column code; substituted code/finish reconstructed here from the printed legend.
Yale,Mortise Locks,Economy Mortise Babylatch,18 P1.50-AB,"Mortise Babylatch, 50mm Backset",Antique Brass,640,INR,30,HIGH,Source prints one code with a placeholder ('(XX)'/'(YY)') substituted by a finish-column code; substituted code/finish reconstructed here from the printed legend.
Yale,Mortise Locks,Economy Mortise Babylatch,18 P1.50-BM,"Mortise Babylatch, 50mm Backset",Black Matt,640,INR,30,HIGH,Source prints one code with a placeholder ('(XX)'/'(YY)') substituted by a finish-column code; substituted code/finish reconstructed here from the printed legend.
Yale,Mortise Locks,Economy Mortise Babylatch,18 P1.50-RG,"Mortise Babylatch, 50mm Backset",Rose Gold,700,INR,30,HIGH,Source prints one code with a placeholder ('(XX)'/'(YY)') substituted by a finish-column code; substituted code/finish reconstructed here from the printed legend.
Yale,Mortise Locks,Economy Roller Mortise Lock,25-4585-RL-SS,Roller Mortise Lock - 45mm B/S 85 C2C,Satin Steel,1580,INR,30,HIGH,Source prints one code with a placeholder ('(XX)'/'(YY)') substituted by a finish-column code; substituted code/finish reconstructed here from the printed legend.
Yale,Mortise Locks,Economy Roller Mortise Lock,25-4585-RL-AB,Roller Mortise Lock - 45mm B/S 85 C2C,Antique Brass,1680,INR,30,HIGH,Source prints one code with a placeholder ('(XX)'/'(YY)') substituted by a finish-column code; substituted code/finish reconstructed here from the printed legend.
Yale,Mortise Locks,Economy Roller Mortise Lock,25-4585-RL-BM,Roller Mortise Lock - 45mm B/S 85 C2C,Black Matt,1800,INR,30,HIGH,Source prints one code with a placeholder ('(XX)'/'(YY)') substituted by a finish-column code; substituted code/finish reconstructed here from the printed legend.
Yale,Mortise Locks,Economy Roller Mortise Lock,25-4585-RL-RG,Roller Mortise Lock - 45mm B/S 85 C2C,Rose Gold,1800,INR,30,HIGH,Source prints one code with a placeholder ('(XX)'/'(YY)') substituted by a finish-column code; substituted code/finish reconstructed here from the printed legend.
Yale,Mortise Locks,Premium Residential Mortise Locks,18 P3.50-S,"Mortise Lockbody - 50 C2C - 50mm B/S, Latch & Deadbolt (Value)",Satin Steel,1300,INR,30,HIGH,
Yale,Mortise Locks,Premium Residential Mortise Locks,18 P3.50-AB,"Mortise Lockbody - 50 C2C - 50mm B/S, Latch & Deadbolt (AB)",Antique Brass,1300,INR,30,HIGH,
Yale,Mortise Locks,Premium Residential Mortise Locks,18 P4.50-ESC-SS,"Mortise Deadbolt with Escutcheons, 50mm Backset",Satin Steel,1380,INR,30,HIGH,Source prints one code with a placeholder ('(XX)'/'(YY)') substituted by a finish-column code; substituted code/finish reconstructed here from the printed legend.
Yale,Mortise Locks,Premium Residential Mortise Locks,18 P4.50-ESC-AB,"Mortise Deadbolt with Escutcheons, 50mm Backset",Antique Brass,1200,INR,30,HIGH,Source prints one code with a placeholder ('(XX)'/'(YY)') substituted by a finish-column code; substituted code/finish reconstructed here from the printed legend.
Yale,Mortise Locks,Premium Residential Mortise Locks,18 P4.50-ESC-BM,"Mortise Deadbolt with Escutcheons, 50mm Backset",Black Matt,1620,INR,30,HIGH,Source prints one code with a placeholder ('(XX)'/'(YY)') substituted by a finish-column code; substituted code/finish reconstructed here from the printed legend.
Yale,Mortise Locks,Premium Residential Mortise Locks,18 P4.50-ESC-PRG,"Mortise Deadbolt with Escutcheons, 50mm Backset",Rose Gold PVD,1740,INR,30,HIGH,Source prints one code with a placeholder ('(XX)'/'(YY)') substituted by a finish-column code; substituted code/finish reconstructed here from the printed legend.
Yale,Mortise Locks,Premium Residential Mortise Locks,24-8545 BRSS04-S,"Mortise Lockbody - 85 C2C - 45mm B/S, Latch & Deadbolt (Brass)",Satin Steel,1740,INR,30,HIGH,
Yale,Mortise Locks,Premium Residential Mortise Locks,24-8545 BRSS04 AB-S,"Mortise Lockbody - 85 C2C - 45mm B/S, Latch & Deadbolt (Brass)",Antique Brass,1920,INR,30,HIGH,
Yale,Mortise Locks,Premium Residential Mortise Locks,24-8545 BRSS04 PBM,"Mortise Lockbody - 85 C2C - 45mm B/S, Latch & Deadbolt (Brass)",Black Matt PVD,2320,INR,30,HIGH,
Yale,Mortise Locks,Premium Residential Mortise Locks,24-8545 BRSS04 PRG,"Mortise Lockbody - 85 C2C - 45mm B/S, Latch & Deadbolt (Brass)",Rose Gold PVD,2380,INR,30,HIGH,
Yale,Mortise Locks,Premium Residential Mortise Locks,24-8560 BRSS04-S,"Mortise Lockbody - 85 C2C - 60mm B/S, Latch & Deadbolt (Brass)",Satin Steel,2040,INR,31,HIGH,
Yale,Mortise Locks,Premium Residential Mortise Locks,24-8560 BRSS04 AB-S,"Mortise Lockbody - 85 C2C - 60mm B/S, Latch & Deadbolt (Brass)",Antique Brass,2080,INR,31,HIGH,
Yale,Mortise Locks,Premium Residential Mortise Locks,24-8560 BRSS04 PBM,"Mortise Lockbody - 85 C2C - 60mm B/S, Latch & Deadbolt (Brass)",Black Matt PVD,2400,INR,31,HIGH,
Yale,Mortise Locks,Premium Residential Mortise Locks,24-8560 BRSS04 PRG,"Mortise Lockbody - 85 C2C - 60mm B/S, Latch & Deadbolt (Brass)",Rose Gold PVD,2560,INR,31,HIGH,
Yale,Mortise Locks,Economy Residential Mortise Locks,22-8545-S,"Mortise Lockbody - 85 C2C - 45mm B/S, Latch & Deadbolt (ECO)",Satin Steel,1180,INR,31,HIGH,
Yale,Mortise Locks,Economy Residential Mortise Locks,22-8545-AB-S,"Mortise Lockbody - 85 C2C - 45mm B/S, Latch & Deadbolt (ECO)",Antique Brass,1220,INR,31,HIGH,
Yale,Mortise Locks,Economy Residential Mortise Locks,22-8545-BM-S,"Mortise Lockbody - 85 C2C - 45mm B/S, Latch & Deadbolt (ECO)",Black Matt,1320,INR,31,HIGH,
Yale,Mortise Locks,Economy Residential Mortise Locks,22-8545-RG-S,"Mortise Lockbody - 85 C2C - 45mm B/S, Latch & Deadbolt (ECO)",Rose Gold,1400,INR,31,HIGH,
Yale,Mortise Locks,Economy Residential Mortise Locks,22-8545-RGM-S,"Mortise Lockbody - 85 C2C - 45mm B/S, Latch & Deadbolt (ECO)",Rose Gold Matt,1400,INR,31,HIGH,
Yale,Mortise Locks,Economy Residential Mortise Locks,22-8545-ANTH-S,"Mortise Lockbody - 85 C2C - 45mm B/S, Latch & Deadbolt (ECO)",Anthracite,1400,INR,31,HIGH,
Yale,Mortise Locks,Economy Residential Mortise Locks,22-8560-S,"Mortise Lockbody - 85 C2C - 60mm B/S, Latch & Deadbolt (ECO), SS",Satin Steel,1700,INR,31,HIGH,
Yale,Mortise Locks,Economy Residential Mortise Locks,22-8560-AB-S,"Mortise Lockbody - 85 C2C - 60mm B/S, Latch & Deadbolt (ECO), SS",Antique Brass,1740,INR,31,HIGH,
Yale,Mortise Locks,Economy Residential Mortise Locks,22-8560-BM-S,"Mortise Lockbody - 85 C2C - 60mm B/S, Latch & Deadbolt (ECO), SS",Black Matt,1840,INR,31,HIGH,
Yale,Mortise Locks,Economy Residential Mortise Locks,22-8560-RG-S,"Mortise Lockbody - 85 C2C - 60mm B/S, Latch & Deadbolt (ECO), SS",Rose Gold,1940,INR,31,HIGH,
Yale,Mortise Locks,Economy Residential Mortise Locks,22-8560-RGM-S,"Mortise Lockbody - 85 C2C - 60mm B/S, Latch & Deadbolt (ECO), SS",Rose Gold Matt,1920,INR,31,HIGH,
Yale,Mortise Locks,Economy Residential Mortise Locks,22-8560-ANTH-S,"Mortise Lockbody - 85 C2C - 60mm B/S, Latch & Deadbolt (ECO), SS",Anthracite,1920,INR,31,HIGH,
Yale,Rim Locks,KRATOS Lockable Knob Series,KRT-LKNB LB (SSM/BN),"KRATOS Lockable Knob, 2 Deadbolts and 1 Latchbolt",Satin Steel Matt and Black Nickel,5560,INR,31,HIGH,Source prints one code with a placeholder ('(XX)'/'(YY)') substituted by a finish-column code; substituted code/finish reconstructed here from the printed legend.
Yale,Rim Locks,KRATOS Lockable Knob Series,KRT-LKNB LB (ABM/BN),"KRATOS Lockable Knob, 2 Deadbolts and 1 Latchbolt",Antique Brass Matt and Black Nickel,5820,INR,31,HIGH,Source prints one code with a placeholder ('(XX)'/'(YY)') substituted by a finish-column code; substituted code/finish reconstructed here from the printed legend.
Yale,Rim Locks,KRATOS Lockable Knob Series,KRT-LKNB LB (BM/BN),"KRATOS Lockable Knob, 2 Deadbolts and 1 Latchbolt",Black Matt and Black Nickel,6140,INR,31,HIGH,Source prints one code with a placeholder ('(XX)'/'(YY)') substituted by a finish-column code; substituted code/finish reconstructed here from the printed legend.
Yale,Rim Locks,KRATOS Lockable Knob Series,KRT-LKNB LB (BM/RG),"KRATOS Lockable Knob, 2 Deadbolts and 1 Latchbolt",Black Matt and Rose Gold,6140,INR,31,HIGH,Source prints one code with a placeholder ('(XX)'/'(YY)') substituted by a finish-column code; substituted code/finish reconstructed here from the printed legend.
Yale,Rim Locks,KRATOS Lockable Knob Series,KRT-LKNB LB (RGM/RG),"KRATOS Lockable Knob, 2 Deadbolts and 1 Latchbolt",Rose Gold Matt and Rose Gold,6140,INR,31,HIGH,Source prints one code with a placeholder ('(XX)'/'(YY)') substituted by a finish-column code; substituted code/finish reconstructed here from the printed legend.
Yale,Rim Locks,KRATOS Lockable Knob Series,KRT-LKNB 3B (SSM/BN),"KRATOS Lockable Knob, 3 Deadbolts",Satin Steel Matt and Black Nickel,5300,INR,31,HIGH,Source prints one code with a placeholder ('(XX)'/'(YY)') substituted by a finish-column code; substituted code/finish reconstructed here from the printed legend.
Yale,Rim Locks,KRATOS Lockable Knob Series,KRT-LKNB 3B (ABM/BN),"KRATOS Lockable Knob, 3 Deadbolts",Antique Brass Matt and Black Nickel,5460,INR,31,HIGH,Source prints one code with a placeholder ('(XX)'/'(YY)') substituted by a finish-column code; substituted code/finish reconstructed here from the printed legend.
Yale,Rim Locks,KRATOS Lockable Knob Series,KRT-LKNB 3B (BM/BN),"KRATOS Lockable Knob, 3 Deadbolts",Black Matt and Black Nickel,5680,INR,31,HIGH,Source prints one code with a placeholder ('(XX)'/'(YY)') substituted by a finish-column code; substituted code/finish reconstructed here from the printed legend.
Yale,Rim Locks,KRATOS Lockable Knob Series,KRT-LKNB 3B (BM/RG),"KRATOS Lockable Knob, 3 Deadbolts",Black Matt and Rose Gold,5680,INR,31,HIGH,Source prints one code with a placeholder ('(XX)'/'(YY)') substituted by a finish-column code; substituted code/finish reconstructed here from the printed legend.
Yale,Rim Locks,KRATOS Lockable Knob Series,KRT-LKNB 3B (RGM/RG),"KRATOS Lockable Knob, 3 Deadbolts",Rose Gold Matt and Rose Gold,5720,INR,31,HIGH,Source prints one code with a placeholder ('(XX)'/'(YY)') substituted by a finish-column code; substituted code/finish reconstructed here from the printed legend.
Yale,Rim Locks,KRATOS Series,KRT-LB-TT (SSM/BN),"KRATOS Tribolt, 2 Deadbolts and 1 Latch Bolt, Thumbturn",Satin Steel Matt and Black Nickel,4640,INR,31,HIGH,Source prints one code with a placeholder ('(XX)'/'(YY)') substituted by a finish-column code; substituted code/finish reconstructed here from the printed legend.
Yale,Rim Locks,KRATOS Series,KRT-LB-TT (ABM/BN),"KRATOS Tribolt, 2 Deadbolts and 1 Latch Bolt, Thumbturn",Antique Brass Matt and Black Nickel,4880,INR,31,HIGH,Source prints one code with a placeholder ('(XX)'/'(YY)') substituted by a finish-column code; substituted code/finish reconstructed here from the printed legend.
Yale,Rim Locks,KRATOS Series,KRT-LB-TT (BM/BN),"KRATOS Tribolt, 2 Deadbolts and 1 Latch Bolt, Thumbturn",Black Matt and Black Nickel,5100,INR,31,HIGH,Source prints one code with a placeholder ('(XX)'/'(YY)') substituted by a finish-column code; substituted code/finish reconstructed here from the printed legend.
Yale,Rim Locks,KRATOS Series,KRT-LB-TT (BM/RG),"KRATOS Tribolt, 2 Deadbolts and 1 Latch Bolt, Thumbturn",Black Matt and Rose Gold,5100,INR,31,HIGH,Source prints one code with a placeholder ('(XX)'/'(YY)') substituted by a finish-column code; substituted code/finish reconstructed here from the printed legend.
Yale,Rim Locks,KRATOS Series,KRT-LB-TT (RGM/RG),"KRATOS Tribolt, 2 Deadbolts and 1 Latch Bolt, Thumbturn",Rose Gold Matt and Rose Gold,5100,INR,31,HIGH,Source prints one code with a placeholder ('(XX)'/'(YY)') substituted by a finish-column code; substituted code/finish reconstructed here from the printed legend.
Yale,Rim Locks,KRATOS Series,KRT-3B-TT (SSM/BN),"KRATOS Tribolt, 3 Deadbolts, Thumbturn",Satin Steel Matt and Black Nickel,4640,INR,31,HIGH,Source prints one code with a placeholder ('(XX)'/'(YY)') substituted by a finish-column code; substituted code/finish reconstructed here from the printed legend.
Yale,Rim Locks,KRATOS Series,KRT-3B-TT (ABM/BN),"KRATOS Tribolt, 3 Deadbolts, Thumbturn",Antique Brass Matt and Black Nickel,4880,INR,31,HIGH,Source prints one code with a placeholder ('(XX)'/'(YY)') substituted by a finish-column code; substituted code/finish reconstructed here from the printed legend.
Yale,Rim Locks,KRATOS Series,KRT-3B-TT (BM/BN),"KRATOS Tribolt, 3 Deadbolts, Thumbturn",Black Matt and Black Nickel,5100,INR,31,HIGH,Source prints one code with a placeholder ('(XX)'/'(YY)') substituted by a finish-column code; substituted code/finish reconstructed here from the printed legend.
Yale,Rim Locks,KRATOS Series,KRT-3B-TT (BM/RG),"KRATOS Tribolt, 3 Deadbolts, Thumbturn",Black Matt and Rose Gold,5100,INR,31,HIGH,Source prints one code with a placeholder ('(XX)'/'(YY)') substituted by a finish-column code; substituted code/finish reconstructed here from the printed legend.
Yale,Rim Locks,KRATOS Series,KRT-3B-TT (RGM/RG),"KRATOS Tribolt, 3 Deadbolts, Thumbturn",Rose Gold Matt and Rose Gold,5100,INR,31,HIGH,Source prints one code with a placeholder ('(XX)'/'(YY)') substituted by a finish-column code; substituted code/finish reconstructed here from the printed legend.
Yale,Rim Locks,KRATOS Series,KRT-3B-DC (SSM/BN),"KRATOS Tribolt, 3 Deadbolts, Double Cylinder",Satin Steel Matt and Black Nickel,4640,INR,31,HIGH,Source prints one code with a placeholder ('(XX)'/'(YY)') substituted by a finish-column code; substituted code/finish reconstructed here from the printed legend.
Yale,Rim Locks,KRATOS Series,KRT-3B-DC (ABM/BN),"KRATOS Tribolt, 3 Deadbolts, Double Cylinder",Antique Brass Matt and Black Nickel,4880,INR,31,HIGH,Source prints one code with a placeholder ('(XX)'/'(YY)') substituted by a finish-column code; substituted code/finish reconstructed here from the printed legend.
Yale,Rim Locks,KRATOS Series,KRT-3B-DC (BM/BN),"KRATOS Tribolt, 3 Deadbolts, Double Cylinder",Black Matt and Black Nickel,5100,INR,31,HIGH,Source prints one code with a placeholder ('(XX)'/'(YY)') substituted by a finish-column code; substituted code/finish reconstructed here from the printed legend.
Yale,Rim Locks,KRATOS Series,KRT-3B-DC (BM/RG),"KRATOS Tribolt, 3 Deadbolts, Double Cylinder",Black Matt and Rose Gold,5100,INR,31,HIGH,Source prints one code with a placeholder ('(XX)'/'(YY)') substituted by a finish-column code; substituted code/finish reconstructed here from the printed legend.
Yale,Rim Locks,KRATOS Series,KRT-3B-DC (RGM/RG),"KRATOS Tribolt, 3 Deadbolts, Double Cylinder",Rose Gold Matt and Rose Gold,5100,INR,31,HIGH,Source prints one code with a placeholder ('(XX)'/'(YY)') substituted by a finish-column code; substituted code/finish reconstructed here from the printed legend.
Yale,Rim Locks,Cinco CBD Series,CBD-500(SIL)-TT,"Cinco Rim Lock with 5 Dead Bolt, Single Cylinder & Thumbturn",Silver Colour Coated,9080,INR,32,HIGH,Source prints one code with a placeholder ('(XX)'/'(YY)') substituted by a finish-column code; substituted code/finish reconstructed here from the printed legend.
Yale,Rim Locks,Cinco CBD Series,CBD-500(AB)-TT,"Cinco Rim Lock with 5 Dead Bolt, Single Cylinder & Thumbturn",Antique Brass,9100,INR,32,HIGH,Source prints one code with a placeholder ('(XX)'/'(YY)') substituted by a finish-column code; substituted code/finish reconstructed here from the printed legend.
Yale,Rim Locks,Cinco CBD Series,CBD-500(BLK+RG)-TT,"Cinco Rim Lock with 5 Dead Bolt, Single Cylinder & Thumbturn",Black Body and Receptacle with Rose Gold Knob,9080,INR,32,HIGH,Source prints one code with a placeholder ('(XX)'/'(YY)') substituted by a finish-column code; substituted code/finish reconstructed here from the printed legend.
Yale,Rim Locks,Cinco CBD Series,CBD-500(RGL)-TT,"Cinco Rim Lock with 5 Dead Bolt, Single Cylinder & Thumbturn",Rose Gold,9080,INR,32,HIGH,Source prints one code with a placeholder ('(XX)'/'(YY)') substituted by a finish-column code; substituted code/finish reconstructed here from the printed legend.
Yale,Rim Locks,Cinco CBD Series,CBD-500(SIL)-DC,"Cinco Rim Lock with 5 Dead Bolt, Double Cylinder",Silver Colour Coated,9540,INR,32,HIGH,Source prints one code with a placeholder ('(XX)'/'(YY)') substituted by a finish-column code; substituted code/finish reconstructed here from the printed legend.
Yale,Rim Locks,Cinco CBD Series,CBD-500(AB)-DC,"Cinco Rim Lock with 5 Dead Bolt, Double Cylinder",Antique Brass,9540,INR,32,HIGH,Source prints one code with a placeholder ('(XX)'/'(YY)') substituted by a finish-column code; substituted code/finish reconstructed here from the printed legend.
Yale,Rim Locks,Cinco CBR Series,CBR-500(SIL)-TT,"Cinco Rim Lock with 4 Dead Bolt, Single Cylinder and Thumbturn",Silver Colour Coated,8620,INR,32,HIGH,Source prints one code with a placeholder ('(XX)'/'(YY)') substituted by a finish-column code; substituted code/finish reconstructed here from the printed legend.
Yale,Rim Locks,Cinco CBR Series,CBR-500(AB)-TT,"Cinco Rim Lock with 4 Dead Bolt, Single Cylinder and Thumbturn",Antique Brass,8620,INR,32,HIGH,Source prints one code with a placeholder ('(XX)'/'(YY)') substituted by a finish-column code; substituted code/finish reconstructed here from the printed legend.
Yale,Rim Locks,Cinco CBR Series,CBR-500(BLK+RG)-TT,"Cinco Rim Lock with 4 Dead Bolt, Single Cylinder and Thumbturn",Black Body and Receptacle with Rose Gold Knob,8620,INR,32,HIGH,Source prints one code with a placeholder ('(XX)'/'(YY)') substituted by a finish-column code; substituted code/finish reconstructed here from the printed legend.
Yale,Rim Locks,Cinco CBR Series,CBR-500(RGL)-TT,"Cinco Rim Lock with 4 Dead Bolt, Single Cylinder and Thumbturn",Rose Gold,8620,INR,32,HIGH,Source prints one code with a placeholder ('(XX)'/'(YY)') substituted by a finish-column code; substituted code/finish reconstructed here from the printed legend.
Yale,Rim Locks,Cinco Vertibolt Guard,CVB-500(SIL)-TT,"Cinco Vertibolt Guard Series, Single Cylinder Thumbturn",Silver Colour Coated,6000,INR,32,HIGH,Source prints one code with a placeholder ('(XX)'/'(YY)') substituted by a finish-column code; substituted code/finish reconstructed here from the printed legend.
Yale,Rim Locks,Cinco Vertibolt Guard,CVB-500(AB)-TT,"Cinco Vertibolt Guard Series, Single Cylinder Thumbturn",Antique Brass,6000,INR,32,HIGH,Source prints one code with a placeholder ('(XX)'/'(YY)') substituted by a finish-column code; substituted code/finish reconstructed here from the printed legend.
Yale,Rim Locks,Cinco Vertibolt Guard,CVB-500(BM)-TT,"Cinco Vertibolt Guard Series, Single Cylinder Thumbturn",Black Matt,6280,INR,32,HIGH,Source prints one code with a placeholder ('(XX)'/'(YY)') substituted by a finish-column code; substituted code/finish reconstructed here from the printed legend.
Yale,Rim Locks,Cinco Vertibolt Guard,CVB-500(BLK+RG)-TT,"Cinco Vertibolt Guard Series, Single Cylinder Thumbturn",Black Body and Receptacle with Rose Gold Knob,6280,INR,32,HIGH,Source prints one code with a placeholder ('(XX)'/'(YY)') substituted by a finish-column code; substituted code/finish reconstructed here from the printed legend.
Yale,Rim Locks,Cinco Vertibolt Guard,CVB-500(RGL)-TT,"Cinco Vertibolt Guard Series, Single Cylinder Thumbturn",Rose Gold,6280,INR,32,HIGH,Source prints one code with a placeholder ('(XX)'/'(YY)') substituted by a finish-column code; substituted code/finish reconstructed here from the printed legend.
Yale,Rim Locks,Cinco Vertibolt Guard,CVB-500(SIL)-DC,"Cinco Vertibolt Guard Series, Double Cylinder",Silver Colour Coated,6140,INR,32,HIGH,Source prints one code with a placeholder ('(XX)'/'(YY)') substituted by a finish-column code; substituted code/finish reconstructed here from the printed legend.
Yale,Rim Locks,Cinco Vertibolt Guard,CVB-500(AB)-DC,"Cinco Vertibolt Guard Series, Double Cylinder",Antique Brass,6140,INR,32,HIGH,Source prints one code with a placeholder ('(XX)'/'(YY)') substituted by a finish-column code; substituted code/finish reconstructed here from the printed legend.
Yale,Rim Locks,Cinco Vertibolt Guard,CVB-500(BM)-DC,"Cinco Vertibolt Guard Series, Double Cylinder",Black Matt,6420,INR,32,HIGH,Source prints one code with a placeholder ('(XX)'/'(YY)') substituted by a finish-column code; substituted code/finish reconstructed here from the printed legend.
Yale,Rim Locks,Vertical Bolt Series,VB 200 TTDK (SIL),"Vertibolt Series, Single Cylinder Thumbturn, Suitable for double door",Silver Colour Coated,4080,INR,32,HIGH,Source prints one code with a placeholder ('(XX)'/'(YY)') substituted by a finish-column code; substituted code/finish reconstructed here from the printed legend.
Yale,Rim Locks,Vertical Bolt Series,VB 200 TTDK (AB),"Vertibolt Series, Single Cylinder Thumbturn, Suitable for double door",Antique Brass,4360,INR,32,HIGH,Source prints one code with a placeholder ('(XX)'/'(YY)') substituted by a finish-column code; substituted code/finish reconstructed here from the printed legend.
Yale,Rim Locks,Vertical Bolt Series,VBKA 200 TTDK (SIL),"Vertibolt Series, Single Cylinder Thumbturn (Keyed Alike)",Silver Colour Coated,8120,INR,32,HIGH,Source prints one code with a placeholder ('(XX)'/'(YY)') substituted by a finish-column code; substituted code/finish reconstructed here from the printed legend.
Yale,Rim Locks,Vertical Bolt Series,VBKA 200 TTDK (AB),"Vertibolt Series, Single Cylinder Thumbturn (Keyed Alike)",Antique Brass,8740,INR,32,HIGH,Source prints one code with a placeholder ('(XX)'/'(YY)') substituted by a finish-column code; substituted code/finish reconstructed here from the printed legend.
Yale,Rim Locks,Vertical Bolt Series,VB 200 DCDK (SIL),"Vertibolt Series, Double Cylinder, Suitable for double door",Silver Colour Coated,4540,INR,32,HIGH,Source prints one code with a placeholder ('(XX)'/'(YY)') substituted by a finish-column code; substituted code/finish reconstructed here from the printed legend.
Yale,Rim Locks,Vertical Bolt Series,VB 200 DCDK (AB),"Vertibolt Series, Double Cylinder, Suitable for double door",Antique Brass,4680,INR,32,HIGH,Source prints one code with a placeholder ('(XX)'/'(YY)') substituted by a finish-column code; substituted code/finish reconstructed here from the printed legend.
Yale,Rim Locks,Vertical Bolt Series,VBKA 200 DCDK (SIL),"Vertibolt Series, Double Cylinder (Keyed Alike)",Silver Colour Coated,9080,INR,32,HIGH,Source prints one code with a placeholder ('(XX)'/'(YY)') substituted by a finish-column code; substituted code/finish reconstructed here from the printed legend.
Yale,Rim Locks,Vertical Bolt Series,VBKA 200 DCDK (AB),"Vertibolt Series, Double Cylinder (Keyed Alike)",Antique Brass,9360,INR,32,HIGH,Source prints one code with a placeholder ('(XX)'/'(YY)') substituted by a finish-column code; substituted code/finish reconstructed here from the printed legend.
Yale,Rim Locks,YE Series,YE-MDL-3B-DC-DK-IN,Rim Lock with Latch & Deadbolt - 2 Deadbolts + 1 Latch Bolt,Ivory,2900,INR,32,HIGH,
Yale,Rim Locks,YE Series,YE-MDL-3B-TT-DK-IN,Rim Lock with Latch & Deadbolt - 3 Deadbolts,Ivory,2540,INR,32,HIGH,
Yale,Rim Locks,YE Series,YE-MDL-LB-TT-DK-IN,Rim Lock with Latch & Deadbolt - 3 Deadbolts,Ivory,2600,INR,32,HIGH,
Yale,Rim Locks,YE Series,YE-NL-LB-TT-DK-IN,Rim Lock with Latch & Deadbolt - 1 Deadbolt + 1 Latch,Ivory,2080,INR,32,HIGH,
Yale,Rim Locks,R600 Series,R600 TT DK (SIL),"Rim Lock with Latch & Deadbolt, Thumbturn",Silver Colour Coated,3120,INR,32,HIGH,Source prints one code with a placeholder ('(XX)'/'(YY)') substituted by a finish-column code; substituted code/finish reconstructed here from the printed legend.
Yale,Rim Locks,R600 Series,R600 TT DK (AB),"Rim Lock with Latch & Deadbolt, Thumbturn",Antique Brass,3240,INR,32,HIGH,Source prints one code with a placeholder ('(XX)'/'(YY)') substituted by a finish-column code; substituted code/finish reconstructed here from the printed legend.
Yale,Rim Locks,R600 Series,R600 TT DK (BLK+AB),"Rim Lock with Latch & Deadbolt, Thumbturn",Black Body & Receptacle with AB-Matt Knob & Bolts,3120,INR,32,HIGH,Source prints one code with a placeholder ('(XX)'/'(YY)') substituted by a finish-column code; substituted code/finish reconstructed here from the printed legend.
Yale,Rim Locks,R600 Series,R600 TT DK (BLK+RG),"Rim Lock with Latch & Deadbolt, Thumbturn",Black Body and Receptacle with Rose Gold Knob,3420,INR,32,HIGH,Source prints one code with a placeholder ('(XX)'/'(YY)') substituted by a finish-column code; substituted code/finish reconstructed here from the printed legend.
Yale,Rim Locks,R300 Rim Lock Series,R300 3B TT,R300 Tribolt with Thumbturn,Standard,2460,INR,33,HIGH,
Yale,Rim Locks,R300 Rim Lock Series,R300 3B-TT AB,R300 Tribolt with Thumbturn,Antique Brass,2620,INR,33,HIGH,
Yale,Rim Locks,R300 Rim Lock Series,R300 DB TT,R300 Deadbolt with Thumbturn,Standard,1840,INR,33,HIGH,
Yale,Rim Locks,R300 Rim Lock Series,R300 DB TT AB,R300 Deadbolt with Thumbturn,Antique Brass,1980,INR,33,HIGH,
Yale,Rim Locks,RL1000A Rim Lock Series,RL1000A LB TT (P),"RL1000A Latch Bolt - Tribolt with Latch, Thumbturn",Painted,3780,INR,33,HIGH,Source prints one code with a placeholder ('(XX)'/'(YY)') substituted by a finish-column code; substituted code/finish reconstructed here from the printed legend.
Yale,Rim Locks,RL1000A Rim Lock Series,RL1000A LB TT (AB),"RL1000A Latch Bolt - Tribolt with Latch, Thumbturn",Antique Brass,4400,INR,33,HIGH,Source prints one code with a placeholder ('(XX)'/'(YY)') substituted by a finish-column code; substituted code/finish reconstructed here from the printed legend.
Yale,Rim Locks,RL1000A Rim Lock Series,RL1000A LB TT (BLK+RG),"RL1000A Latch Bolt - Tribolt with Latch, Thumbturn",Black Body and Receptacle with Rose Gold Matt Knob & Bolts,4120,INR,33,HIGH,Source prints one code with a placeholder ('(XX)'/'(YY)') substituted by a finish-column code; substituted code/finish reconstructed here from the printed legend.
Yale,Rim Locks,RL1000A Rim Lock Series,RL1000A 3B TT-AB,RL1000A Tribolt with Thumbturn,Antique Brass,4020,INR,33,HIGH,
Yale,Rim Locks,RL1000A Rim Lock Series,RL1000A 3B DC-AB,"RL1000A Tribolt with Thumbturn, Double Cylinder",Antique Brass,4140,INR,33,HIGH,
Yale,Electric Rim Lock,Electric Rim Lock,YEL-200 MB,"Electric Rim Lock, Roller Latch, Reversible Bolt, Additional Night & Free Mode, Matt Black Finish",Matt Black,4150,INR,33,HIGH,
Yale,Electric Rim Lock,Electric Rim Lock,YEL-200 SN,"Electric Rim Lock, Roller Latch, Reversible Bolt, Additional Night & Free Mode, SN Finish",Satin Nickel,4430,INR,33,HIGH,
Yale,Electric Rim Lock,Electric Rim Lock,YEL-200TNSFR,Transformer for Electric RIM Lock (YEL series),Standard,1765,INR,33,HIGH,
Yale,Electric Rim Lock,Electric Rim Lock,E7AE-64035R11 51,Fail Secure Electric Strike with SS Faceplate with Hold Open Function and Mechanical e-lever,Standard,2915,INR,33,HIGH,
Yale,Cylindrical Locksets,CA 5120 Series,CA5127 US32D 60/70BS,CA 5120 Series (60/70mm Backset) - Entrance,Satin Steel,1560,INR,34,HIGH,
Yale,Cylindrical Locksets,CA 5120 Series,CA5127 US5 60/70BS,CA 5120 Series (60/70mm Backset) - Entrance,Antique Brass,1860,INR,34,HIGH,
Yale,Cylindrical Locksets,CA 5120 Series,CA5127 US19 60/70BS,CA 5120 Series (60/70mm Backset) - Entrance,Black Matt,1840,INR,34,HIGH,
Yale,Cylindrical Locksets,CA 5120 Series,CA5122 US32D 60/70BS,CA 5120 Series (60/70mm Backset) - Bathroom,Satin Steel,1440,INR,34,HIGH,
Yale,Cylindrical Locksets,CA 5120 Series,CA5122 US5 60/70BS,CA 5120 Series (60/70mm Backset) - Bathroom,Antique Brass,1670,INR,34,HIGH,
Yale,Cylindrical Locksets,CA 5120 Series,CA5122 US19 60/70BS,CA 5120 Series (60/70mm Backset) - Bathroom,Black Matt,1630,INR,34,HIGH,
Yale,Cylindrical Locksets,CN 5120 Series,CN5127 US32D 60/70BS,CN 5120 Series (60/70mm Backset) - Entrance,Satin Steel,1550,INR,34,HIGH,
Yale,Cylindrical Locksets,CN 5120 Series,CN5122 US32D 60/70BS,CN 5120 Series (60/70mm Backset) - Bathroom,Satin Steel,1420,INR,34,HIGH,
Yale,Cylindrical Locksets,CN 5120 Series,CN5127 BN/US32D 60/70BS,"CN 5120 Series (60/70mm Backset) - Entrance, 65mm Rose",Satin Steel,1840,INR,34,HIGH,
Yale,Cylindrical Locksets,CN 5120 Series,CN5122 BN/US32D 60/70BS,"CN 5120 Series (60/70mm Backset) - Bathroom, 65mm Rose",Satin Steel,1840,INR,34,HIGH,
Yale,Lever Locksets,Lever Locksets,L 6517 US15,Lever Lockset - Entrance,Satin Nickel,3360,INR,34,HIGH,
Yale,Lever Locksets,Lever Locksets,L 6517 US5,Lever Lockset - Entrance,Antique Brass,3570,INR,34,HIGH,
Yale,Lever Locksets,Lever Locksets,L 6512 US15,Lever Lockset - Bathroom,Satin Nickel,3200,INR,34,HIGH,
Yale,Lever Locksets,Lever Locksets,L 6512 US5,Lever Lockset - Bathroom,Antique Brass,3360,INR,34,HIGH,
Yale,Furniture Hardware,Drawer Lock,DRW-B-20MM-DK-SS,"Drawer Lock 20MM (Dimple Key), suitable for 20-30mm thick wood panel",Satin Steel,460,INR,34,HIGH,
Yale,Furniture Hardware,Drawer Lock,DRW-B-20MM-DK-AB,"Drawer Lock 20MM (Dimple Key), suitable for 20-30mm thick wood panel",Antique Brass,480,INR,34,HIGH,
Yale,Furniture Hardware,Drawer Lock,DRW-B-20MM-DK-BM,"Drawer Lock 20MM (Dimple Key), suitable for 20-30mm thick wood panel",Black Matt,500,INR,34,HIGH,
Yale,Furniture Hardware,Drawer Lock,DRW-B-20MM-DK-RG,"Drawer Lock 20MM (Dimple Key), suitable for 20-30mm thick wood panel",Rose Gold,500,INR,34,HIGH,
Yale,Furniture Hardware,Drawer Lock,DRW-B-20MM-DK-SS-CK,"Drawer Lock 20MM (Common Key variant), suitable for 20-30mm thick wood panel",Satin Steel,460,INR,34,HIGH,
Yale,Furniture Hardware,Drawer Lock,DRW-B-20MM-DK-AB-CK,"Drawer Lock 20MM (Common Key variant), suitable for 20-30mm thick wood panel",Antique Brass,480,INR,34,HIGH,
Yale,Furniture Hardware,Drawer Lock,DRW-B-20MM-DK-BM-CK,"Drawer Lock 20MM (Common Key variant), suitable for 20-30mm thick wood panel",Black Matt,500,INR,34,HIGH,
Yale,Furniture Hardware,Drawer Lock,DRW-B-20MM-DK-RG-CK,"Drawer Lock 20MM (Common Key variant), suitable for 20-30mm thick wood panel",Rose Gold,500,INR,34,HIGH,
Yale,Furniture Hardware,Drawer Lock,DRW-B-25MM-DK-SS,"Drawer Lock 25MM (Dimple Key), suitable for 20-30mm thick wood panel",Satin Steel,500,INR,34,HIGH,
Yale,Furniture Hardware,Drawer Lock,DRW-B-25MM-DK-AB,"Drawer Lock 25MM (Dimple Key), suitable for 20-30mm thick wood panel",Antique Brass,520,INR,34,HIGH,
Yale,Furniture Hardware,Drawer Lock,DRW-B-25MM-DK-BM,"Drawer Lock 25MM (Dimple Key), suitable for 20-30mm thick wood panel",Black Matt,540,INR,34,HIGH,
Yale,Furniture Hardware,Drawer Lock,DRW-B-25MM-DK-RG,"Drawer Lock 25MM (Dimple Key), suitable for 20-30mm thick wood panel",Rose Gold,540,INR,34,HIGH,
Yale,Furniture Hardware,Drawer Lock,DRW-B-25MM-DK-SS-CK,"Drawer Lock 25MM (Common Key variant), suitable for 20-30mm thick wood panel",Satin Steel,500,INR,34,HIGH,
Yale,Furniture Hardware,Drawer Lock,DRW-B-25MM-DK-AB-CK,"Drawer Lock 25MM (Common Key variant), suitable for 20-30mm thick wood panel",Antique Brass,520,INR,34,HIGH,
Yale,Furniture Hardware,Drawer Lock,DRW-B-25MM-DK-BM-CK,"Drawer Lock 25MM (Common Key variant), suitable for 20-30mm thick wood panel",Black Matt,540,INR,34,HIGH,
Yale,Furniture Hardware,Drawer Lock,DRW-B-25MM-DK-RG-CK,"Drawer Lock 25MM (Common Key variant), suitable for 20-30mm thick wood panel",Rose Gold,540,INR,34,HIGH,
Yale,Furniture Hardware,Drawer Lock,DRW-B-30MM-DK-SS,"Drawer Lock 30MM (Dimple Key), suitable for 20-30mm thick wood panel",Satin Steel,540,INR,34,HIGH,
Yale,Furniture Hardware,Drawer Lock,DRW-B-30MM-DK-AB,"Drawer Lock 30MM (Dimple Key), suitable for 20-30mm thick wood panel",Antique Brass,560,INR,34,HIGH,
Yale,Furniture Hardware,Drawer Lock,DRW-B-30MM-DK-BM,"Drawer Lock 30MM (Dimple Key), suitable for 20-30mm thick wood panel",Black Matt,580,INR,34,HIGH,
Yale,Furniture Hardware,Drawer Lock,DRW-B-30MM-DK-RG,"Drawer Lock 30MM (Dimple Key), suitable for 20-30mm thick wood panel",Rose Gold,580,INR,34,HIGH,
Yale,Furniture Hardware,Drawer Lock,DRW-B-30MM-DK-SS-CK,"Drawer Lock 30MM (Common Key variant), suitable for 20-30mm thick wood panel",Satin Steel,540,INR,34,HIGH,
Yale,Furniture Hardware,Drawer Lock,DRW-B-30MM-DK-AB-CK,"Drawer Lock 30MM (Common Key variant), suitable for 20-30mm thick wood panel",Antique Brass,560,INR,34,HIGH,
Yale,Furniture Hardware,Drawer Lock,DRW-B-30MM-DK-BM-CK,"Drawer Lock 30MM (Common Key variant), suitable for 20-30mm thick wood panel",Black Matt,580,INR,34,HIGH,
Yale,Furniture Hardware,Drawer Lock,DRW-B-30MM-DK-RG-CK,"Drawer Lock 30MM (Common Key variant), suitable for 20-30mm thick wood panel",Rose Gold,580,INR,34,HIGH,
Yale,Furniture Hardware,Wardrobe Lock,WRD-B-25MM-DK-SS,"Wardrobe Lock 25MM (Dimple Key), suitable for 25-35mm wood panel",Satin Steel,640,INR,34,HIGH,
Yale,Furniture Hardware,Wardrobe Lock,WRD-B-25MM-DK-AB,"Wardrobe Lock 25MM (Dimple Key), suitable for 25-35mm wood panel",Antique Brass,660,INR,34,HIGH,
Yale,Furniture Hardware,Wardrobe Lock,WRD-B-25MM-DK-BM,"Wardrobe Lock 25MM (Dimple Key), suitable for 25-35mm wood panel",Black Matt,700,INR,34,HIGH,
Yale,Furniture Hardware,Wardrobe Lock,WRD-B-25MM-DK-RG,"Wardrobe Lock 25MM (Dimple Key), suitable for 25-35mm wood panel",Rose Gold,700,INR,34,HIGH,
Yale,Furniture Hardware,Wardrobe Lock,WRD-B-25MM-DK-SS-CK,"Wardrobe Lock 25MM (Common Key variant), suitable for 25-35mm wood panel",Satin Steel,640,INR,34,HIGH,
Yale,Furniture Hardware,Wardrobe Lock,WRD-B-25MM-DK-AB-CK,"Wardrobe Lock 25MM (Common Key variant), suitable for 25-35mm wood panel",Antique Brass,660,INR,34,HIGH,
Yale,Furniture Hardware,Wardrobe Lock,WRD-B-25MM-DK-BM-CK,"Wardrobe Lock 25MM (Common Key variant), suitable for 25-35mm wood panel",Black Matt,700,INR,34,HIGH,
Yale,Furniture Hardware,Wardrobe Lock,WRD-B-25MM-DK-RG-CK,"Wardrobe Lock 25MM (Common Key variant), suitable for 25-35mm wood panel",Rose Gold,700,INR,34,HIGH,
Yale,Furniture Hardware,Wardrobe Lock,WRD-B-30MM-DK-SS,"Wardrobe Lock 30MM (Dimple Key), suitable for 25-35mm wood panel",Satin Steel,720,INR,34,HIGH,
Yale,Furniture Hardware,Wardrobe Lock,WRD-B-30MM-DK-AB,"Wardrobe Lock 30MM (Dimple Key), suitable for 25-35mm wood panel",Antique Brass,720,INR,34,HIGH,
Yale,Furniture Hardware,Wardrobe Lock,WRD-B-30MM-DK-BM,"Wardrobe Lock 30MM (Dimple Key), suitable for 25-35mm wood panel",Black Matt,740,INR,34,HIGH,
Yale,Furniture Hardware,Wardrobe Lock,WRD-B-30MM-DK-RG,"Wardrobe Lock 30MM (Dimple Key), suitable for 25-35mm wood panel",Rose Gold,740,INR,34,HIGH,
Yale,Furniture Hardware,Wardrobe Lock,WRD-B-30MM-DK-SS-CK,"Wardrobe Lock 30MM (Common Key variant), suitable for 25-35mm wood panel",Satin Steel,720,INR,34,HIGH,
Yale,Furniture Hardware,Wardrobe Lock,WRD-B-30MM-DK-AB-CK,"Wardrobe Lock 30MM (Common Key variant), suitable for 25-35mm wood panel",Antique Brass,720,INR,34,HIGH,
Yale,Furniture Hardware,Wardrobe Lock,WRD-B-30MM-DK-BM-CK,"Wardrobe Lock 30MM (Common Key variant), suitable for 25-35mm wood panel",Black Matt,740,INR,34,HIGH,
Yale,Furniture Hardware,Wardrobe Lock,WRD-B-30MM-DK-RG-CK,"Wardrobe Lock 30MM (Common Key variant), suitable for 25-35mm wood panel",Rose Gold,740,INR,34,HIGH,
Yale,Furniture Hardware,Wardrobe Lock,WRD-B-35MM-DK-SS,"Wardrobe Lock 35MM (Dimple Key), suitable for 25-35mm wood panel",Satin Steel,740,INR,34,HIGH,
Yale,Furniture Hardware,Wardrobe Lock,WRD-B-35MM-DK-AB,"Wardrobe Lock 35MM (Dimple Key), suitable for 25-35mm wood panel",Antique Brass,740,INR,34,HIGH,
Yale,Furniture Hardware,Wardrobe Lock,WRD-B-35MM-DK-BM,"Wardrobe Lock 35MM (Dimple Key), suitable for 25-35mm wood panel",Black Matt,760,INR,34,HIGH,
Yale,Furniture Hardware,Wardrobe Lock,WRD-B-35MM-DK-RG,"Wardrobe Lock 35MM (Dimple Key), suitable for 25-35mm wood panel",Rose Gold,760,INR,34,HIGH,
Yale,Furniture Hardware,Wardrobe Lock,WRD-B-35MM-DK-SS-CK,"Wardrobe Lock 35MM (Common Key variant), suitable for 25-35mm wood panel",Satin Steel,740,INR,34,HIGH,
Yale,Furniture Hardware,Wardrobe Lock,WRD-B-35MM-DK-AB-CK,"Wardrobe Lock 35MM (Common Key variant), suitable for 25-35mm wood panel",Antique Brass,740,INR,34,HIGH,
Yale,Furniture Hardware,Wardrobe Lock,WRD-B-35MM-DK-BM-CK,"Wardrobe Lock 35MM (Common Key variant), suitable for 25-35mm wood panel",Black Matt,760,INR,34,HIGH,
Yale,Furniture Hardware,Wardrobe Lock,WRD-B-35MM-DK-RG-CK,"Wardrobe Lock 35MM (Common Key variant), suitable for 25-35mm wood panel",Rose Gold,760,INR,34,HIGH,
Yale,Furniture Hardware,Furniture Lock,SS202,Universal Cupboard Lock (Y-UNCL),Standard,600,INR,35,HIGH,
Yale,Furniture Hardware,Furniture Lock,YMPF-01,"Multi Purpose Furniture Lock, suitable for panel up to 20mm, with 2 keys",Standard,150,INR,35,HIGH,
Yale,Furniture Hardware,Door Accessories,DS933-US15,200° Angle Door Viewer,Satin Steel,800,INR,35,HIGH,
Yale,Furniture Hardware,Door Accessories,DS933-US5,200° Angle Door Viewer,Antique Brass,840,INR,35,HIGH,
Yale,Furniture Hardware,Door Accessories,V0403 US15,180° Angle Door Viewer,Satin Steel,1020,INR,35,HIGH,
Yale,Furniture Hardware,Door Accessories,V0403 US5,180° Angle Door Viewer,Antique Brass,1100,INR,35,HIGH,
Yale,Furniture Hardware,Door Accessories,V0401A US15,Magnetic Door Stopper,Satin Steel,900,INR,35,HIGH,
Yale,Furniture Hardware,Door Accessories,V0401A US5,Magnetic Door Stopper,Antique Brass,940,INR,35,HIGH,
Yale,Furniture Hardware,Ball Bearings Butt Hinges,HIN2BB433,"2 Ball Bearings Butt Hinges (SS304) - 4""x3""x3mm",Satin Steel,560,INR,35,HIGH,
Yale,Furniture Hardware,Ball Bearings Butt Hinges,HIN2BB403030-AB,"2 Ball Bearings Butt Hinges (SS304) - 4""x3""x3mm",Antique Brass,770,INR,35,HIGH,
Yale,Furniture Hardware,Ball Bearings Butt Hinges,HIN2BB433-BM,"2 Ball Bearings Butt Hinges (SS304) - 4""x3""x3mm",Black Matt,680,INR,35,HIGH,
Yale,Furniture Hardware,Ball Bearings Butt Hinges,HIN2BB533,"2 Ball Bearings Butt Hinges (SS304) - 5""x3""x3mm",Satin Steel,670,INR,35,HIGH,
Yale,Furniture Hardware,Ball Bearings Butt Hinges,HIN2BB503030-AB,"2 Ball Bearings Butt Hinges (SS304) - 5""x3""x3mm",Antique Brass,910,INR,35,HIGH,
Yale,Furniture Hardware,Ball Bearings Butt Hinges,HIN2BB533-BM,"2 Ball Bearings Butt Hinges (SS304) - 5""x3""x3mm",Black Matt,780,INR,35,HIGH,
Yale,Furniture Hardware,Auto Hinges,YCAHSC-0C-FORL-Black,"Soft Close 3D Auto hinges with 4 Holes, 0 Crank, 100° Full overlay",Black,400,INR,35,HIGH,
Yale,Furniture Hardware,Auto Hinges,YCAHSC-0C-FORL-NP,"Soft Close 3D Auto hinges with 4 Holes, 0 Crank, 100° Full overlay",Nickel Plated,380,INR,35,HIGH,
Yale,Furniture Hardware,Auto Hinges,YCAHSC-9C-HORL-Black,"Soft Close 3D Auto hinges with 4 Holes, 9 Crank, 100° Half overlay",Black,400,INR,35,HIGH,
Yale,Furniture Hardware,Auto Hinges,YCAHSC-9C-HORL-NP,"Soft Close 3D Auto hinges with 4 Holes, 9 Crank, 100° Half overlay",Nickel Plated,380,INR,35,HIGH,
Yale,Furniture Hardware,Auto Hinges,YCAHSC-16C-IN-Black,"Soft Close 3D Auto hinges with 4 Holes, 16 Crank, 100° Insert",Black,420,INR,35,HIGH,
Yale,Furniture Hardware,Auto Hinges,YCAHSC-16C-IN-NP,"Soft Close 3D Auto hinges with 4 Holes, 16 Crank, 100° Insert",Nickel Plated,400,INR,35,HIGH,
Yale,Furniture Hardware,Drawer Slides,YCDS01-10-Black,"Regular Drawer Slides, Full Extension Ball Bearing Runner, 45kgs - 250mm",Black,360,INR,36,HIGH,
Yale,Furniture Hardware,Drawer Slides,YCDS01-10-Zinc,"Regular Drawer Slides, Full Extension Ball Bearing Runner, 45kgs - 250mm",Zinc,360,INR,36,HIGH,
Yale,Furniture Hardware,Drawer Slides,YCDS01-12-Black,"Regular Drawer Slides, Full Extension Ball Bearing Runner, 45kgs - 300mm",Black,420,INR,36,HIGH,
Yale,Furniture Hardware,Drawer Slides,YCDS01-12-Zinc,"Regular Drawer Slides, Full Extension Ball Bearing Runner, 45kgs - 300mm",Zinc,420,INR,36,HIGH,
Yale,Furniture Hardware,Drawer Slides,YCDS01-14-Black,"Regular Drawer Slides, Full Extension Ball Bearing Runner, 45kgs - 350mm",Black,500,INR,36,HIGH,
Yale,Furniture Hardware,Drawer Slides,YCDS01-14-Zinc,"Regular Drawer Slides, Full Extension Ball Bearing Runner, 45kgs - 350mm",Zinc,500,INR,36,HIGH,
Yale,Furniture Hardware,Drawer Slides,YCDS01-16-Black,"Regular Drawer Slides, Full Extension Ball Bearing Runner, 45kgs - 400mm",Black,580,INR,36,HIGH,
Yale,Furniture Hardware,Drawer Slides,YCDS01-16-Zinc,"Regular Drawer Slides, Full Extension Ball Bearing Runner, 45kgs - 400mm",Zinc,580,INR,36,HIGH,
Yale,Furniture Hardware,Drawer Slides,YCDS01-18-Black,"Regular Drawer Slides, Full Extension Ball Bearing Runner, 45kgs - 450mm",Black,680,INR,36,HIGH,
Yale,Furniture Hardware,Drawer Slides,YCDS01-18-Zinc,"Regular Drawer Slides, Full Extension Ball Bearing Runner, 45kgs - 450mm",Zinc,680,INR,36,HIGH,
Yale,Furniture Hardware,Drawer Slides,YCDS01-20-Black,"Regular Drawer Slides, Full Extension Ball Bearing Runner, 45kgs - 500mm",Black,740,INR,36,HIGH,
Yale,Furniture Hardware,Drawer Slides,YCDS01-20-Zinc,"Regular Drawer Slides, Full Extension Ball Bearing Runner, 45kgs - 500mm",Zinc,740,INR,36,HIGH,
Yale,Furniture Hardware,Drawer Slides,YCDS01-22-Black,"Regular Drawer Slides, Full Extension Ball Bearing Runner, 45kgs - 550mm",Black,780,INR,36,HIGH,
Yale,Furniture Hardware,Drawer Slides,YCDS01-22-Zinc,"Regular Drawer Slides, Full Extension Ball Bearing Runner, 45kgs - 550mm",Zinc,780,INR,36,HIGH,
Yale,Furniture Hardware,Drawer Slides,YCDS01-24-Black,"Regular Drawer Slides, Full Extension Ball Bearing Runner, 45kgs - 600mm",Black,860,INR,36,HIGH,
Yale,Furniture Hardware,Drawer Slides,YCDS01-24-Zinc,"Regular Drawer Slides, Full Extension Ball Bearing Runner, 45kgs - 600mm",Zinc,860,INR,36,HIGH,
Yale,Padlocks,Iron Disc Padlocks,Y112/30/121/1,Iron Disc Padlock 30mm,Iron,320,INR,36,HIGH,
Yale,Padlocks,Iron Disc Padlocks,Y112/30/137/1,Iron Disc Padlock Long Shackle 30mm,Iron,340,INR,36,HIGH,
Yale,Padlocks,Iron Disc Padlocks,Y112/40/124/1,Iron Disc Padlock 40mm,Iron,500,INR,36,HIGH,
Yale,Padlocks,Iron Disc Padlocks,Y112/50/128/1,Iron Disc Padlock 50mm,Iron,660,INR,36,HIGH,
Yale,Padlocks,Iron Disc Padlocks,Y112/50/165/1,Iron Disc Padlock Long Shackle 50mm,Iron,700,INR,36,HIGH,
Yale,Padlocks,Iron Disc Padlocks,Y112/60/132/1,Iron Disc Padlock 60mm,Iron,780,INR,36,HIGH,
